Date;Wind speed  (vc avg);Wind  direction  (vc avg);Wind  speed (max);Wind Dir.(Max wind speed);latitude;longitude;station_id
01 Jan 2017;1.2;246.45439796547;8.1;199.6;-24.1296;15.8947;31201
02 Jan 2017;3.4;253.62016346413;7.4;230.5;-24.1296;15.8947;31201
03 Jan 2017;2.1;253.35939502293;8.1;248.9;-24.1296;15.8947;31201
04 Jan 2017;3.0;268.47814255645;7.2;244.9;-24.1296;15.8947;31201
05 Jan 2017;3.6;290.81955367475;5.2;299.1;-24.1296;15.8947;31201
06 Jan 2017;3.7;281.42536165924;7.2;269.2;-24.1296;15.8947;31201
07 Jan 2017;2.8;250.42299984961;8.3;243.0;-24.1296;15.8947;31201
08 Jan 2017;2.5;248.92361508304;9.2;223.9;-24.1296;15.8947;31201
09 Jan 2017;3.5;268.82489181155;8.3;242.8;-24.1296;15.8947;31201
10 Jan 2017;3.9;275.30440197253;7.7;278.4;-24.1296;15.8947;31201
11 Jan 2017;2.8;236.7079863319;7.7;185.2;-24.1296;15.8947;31201
12 Jan 2017;1.1;268.85902678632;9.1;185.1;-24.1296;15.8947;31201
13 Jan 2017;3.3;278.39807950636;7.6;284.4;-24.1296;15.8947;31201
14 Jan 2017;3.7;282.5867037352;7.9;281.8;-24.1296;15.8947;31201
15 Jan 2017;2.9;228.26507731682;9.4;202.0;-24.1296;15.8947;31201
16 Jan 2017;1.9;228.40818890217;8.4;207.2;-24.1296;15.8947;31201
17 Jan 2017;2.0;103.67684619444;9.7;209.8;-24.1296;15.8947;31201
18 Jan 2017;3.1;259.01206569995;8.0;281.5;-24.1296;15.8947;31201
19 Jan 2017;1.1;242.11254990588;11.6;142.1;-24.1296;15.8947;31201
20 Jan 2017;3.3;249.29899311044;8.7;228.2;-24.1296;15.8947;31201
21 Jan 2017;2.5;257.51590700002;7.6;248.0;-24.1296;15.8947;31201
22 Jan 2017;0.8;109.50001684142;6.3;175.8;-24.1296;15.8947;31201
23 Jan 2017;2.6;141.90022854528;11.6;184.5;-24.1296;15.8947;31201
24 Jan 2017;1.8;241.17244954951;8.6;222.7;-24.1296;15.8947;31201
25 Jan 2017;3.3;274.15724746651;7.0;257.4;-24.1296;15.8947;31201
26 Jan 2017;2.6;238.73283353559;6.7;202.9;-24.1296;15.8947;31201
27 Jan 2017;2.7;235.90013047554;7.7;199.9;-24.1296;15.8947;31201
28 Jan 2017;3.8;287.71696679335;8.2;275.0;-24.1296;15.8947;31201
29 Jan 2017;3.7;291.82336919584;5.6;263.5;-24.1296;15.8947;31201
30 Jan 2017;2.8;259.57913936589;8.0;254.6;-24.1296;15.8947;31201
31 Jan 2017;2.5;264.24623623245;7.9;236.0;-24.1296;15.8947;31201
01 Feb 2017;1.8;159.37002492133;10.7;213.4;-24.1296;15.8947;31201
02 Feb 2017;3.4;268.37259986919;8.9;228.8;-24.1296;15.8947;31201
03 Feb 2017;3.7;281.35801328427;6.8;264.7;-24.1296;15.8947;31201
04 Feb 2017;2.7;262.5629494961;6.5;252.6;-24.1296;15.8947;31201
05 Feb 2017;2.9;277.05439980966;7.3;281.5;-24.1296;15.8947;31201
06 Feb 2017;2.6;265.23230365086;7.9;285.2;-24.1296;15.8947;31201
07 Feb 2017;2.7;250.8043426419;8.2;246.4;-24.1296;15.8947;31201
08 Feb 2017;1.9;278.65659878206;6.6;236.0;-24.1296;15.8947;31201
09 Feb 2017;0.2;282.16681608601;7.6;216.3;-24.1296;15.8947;31201
10 Feb 2017;2.0;298.97379302319;7.5;235.7;-24.1296;15.8947;31201
11 Feb 2017;0.7;190.30135472743;7.2;111.4;-24.1296;15.8947;31201
12 Feb 2017;2.5;267.46507890283;7.3;236.4;-24.1296;15.8947;31201
13 Feb 2017;2.6;211.81644865153;8.3;189.8;-24.1296;15.8947;31201
14 Feb 2017;2.5;240.52453473357;7.3;219.5;-24.1296;15.8947;31201
15 Feb 2017;2.7;233.77154333338;9.0;222.9;-24.1296;15.8947;31201
16 Feb 2017;2.8;186.35971888417;10.6;187.0;-24.1296;15.8947;31201
17 Feb 2017;2.3;229.46941808465;8.1;167.1;-24.1296;15.8947;31201
18 Feb 2017;3.0;256.77348014646;8.1;263.5;-24.1296;15.8947;31201
19 Feb 2017;2.0;286.39785863128;5.2;305.3;-24.1296;15.8947;31201
20 Feb 2017;1.5;257.91702761295;6.6;218.9;-24.1296;15.8947;31201
21 Feb 2017;1.9;241.00899356443;6.8;246.3;-24.1296;15.8947;31201
22 Feb 2017;2.1;257.93046089909;7.5;205.7;-24.1296;15.8947;31201
23 Feb 2017;2.5;249.6871271556;6.9;182.6;-24.1296;15.8947;31201
24 Feb 2017;2.1;217.30926411223;7.5;178.5;-24.1296;15.8947;31201
25 Feb 2017;2.2;182.98721394483;8.4;207.6;-24.1296;15.8947;31201
26 Feb 2017;3.1;119.32005686077;7.8;199.9;-24.1296;15.8947;31201
27 Feb 2017;1.8;125.63166179367;7.9;187.7;-24.1296;15.8947;31201
28 Feb 2017;2.9;256.07015523927;6.8;216.8;-24.1296;15.8947;31201
01 Mar 2017;2.5;265.45219506231;7.8;177.4;-24.1296;15.8947;31201
02 Mar 2017;0.7;276.64847294021;6.3;143.1;-24.1296;15.8947;31201
03 Mar 2017;2.8;266.06433650665;8.3;258.3;-24.1296;15.8947;31201
04 Mar 2017;2.4;240.21090500853;6.7;217.1;-24.1296;15.8947;31201
05 Mar 2017;1.6;220.69865997519;8.4;223.7;-24.1296;15.8947;31201
06 Mar 2017;0.8;121.60060400267;6.2;216.0;-24.1296;15.8947;31201
07 Mar 2017;2.1;88.476131245183;6.1;72.94;-24.1296;15.8947;31201
08 Mar 2017;1.7;92.814527430866;8.8;189.4;-24.1296;15.8947;31201
09 Mar 2017;1.9;69.55096851578;7.3;66.07;-24.1296;15.8947;31201
10 Mar 2017;2.0;59.512720348012;7.4;69.85;-24.1296;15.8947;31201
11 Mar 2017;1.4;133.10008255582;8.7;182.1;-24.1296;15.8947;31201
12 Mar 2017;0.9;113.61513810694;7.8;190.2;-24.1296;15.8947;31201
13 Mar 2017;1.3;289.00222561552;7.5;243.5;-24.1296;15.8947;31201
14 Mar 2017;3.2;179.37132488174;7.8;171.4;-24.1296;15.8947;31201
15 Mar 2017;3.1;198.04115518683;6.2;174.4;-24.1296;15.8947;31201
16 Mar 2017;1.2;266.66482748785;7.2;240.7;-24.1296;15.8947;31201
17 Mar 2017;1.4;302.38477628161;8.0;326.4;-24.1296;15.8947;31201
18 Mar 2017;2.0;174.29127306083;6.7;247.2;-24.1296;15.8947;31201
19 Mar 2017;4.2;66.007304684441;8.0;54.09;-24.1296;15.8947;31201
20 Mar 2017;2.8;55.501627713966;6.2;23.99;-24.1296;15.8947;31201
21 Mar 2017;3.1;65.141235433605;6.8;58.15;-24.1296;15.8947;31201
22 Mar 2017;0.6;19.323874211451;7.2;24.61;-24.1296;15.8947;31201
23 Mar 2017;2.6;222.82013248726;8.0;218.3;-24.1296;15.8947;31201
24 Mar 2017;3.4;184.11789589007;8.1;208.8;-24.1296;15.8947;31201
25 Mar 2017;1.7;123.72499288045;7.4;199.6;-24.1296;15.8947;31201
26 Mar 2017;1.9;174.92316432512;8.3;197.6;-24.1296;15.8947;31201
27 Mar 2017;1.6;248.17171452505;6.1;229.3;-24.1296;15.8947;31201
28 Mar 2017;1.9;177.82782559222;8.4;225.6;-24.1296;15.8947;31201
29 Mar 2017;1.4;281.8950157044;6.3;336.5;-24.1296;15.8947;31201
30 Mar 2017;1.1;62.63565224004;8.0;177.1;-24.1296;15.8947;31201
31 Mar 2017;1.6;188.41229422947;7.3;197.7;-24.1296;15.8947;31201
01 Apr 2017;1.7;213.72459047228;7.3;210.0;-24.1296;15.8947;31201
02 Apr 2017;1.7;209.66487234677;7.1;204.0;-24.1296;15.8947;31201
03 Apr 2017;1.6;193.95951524531;7.2;206.6;-24.1296;15.8947;31201
04 Apr 2017;2.0;211.32937819666;8.3;171.6;-24.1296;15.8947;31201
05 Apr 2017;1.8;212.03999876432;6.4;237.5;-24.1296;15.8947;31201
06 Apr 2017;1.6;229.96306316694;6.9;226.2;-24.1296;15.8947;31201
07 Apr 2017;1.9;212.71277218958;7.5;215.8;-24.1296;15.8947;31201
08 Apr 2017;1.8;265.600038789;8.1;323.9;-24.1296;15.8947;31201
09 Apr 2017;1.7;284.80052457652;6.3;290.8;-24.1296;15.8947;31201
10 Apr 2017;1.4;212.11867028924;7.9;179.2;-24.1296;15.8947;31201
11 Apr 2017;1.7;235.90777369184;7.5;252.7;-24.1296;15.8947;31201
12 Apr 2017;2.7;239.90692039646;6.5;223.1;-24.1296;15.8947;31201
13 Apr 2017;2.0;266.77954815583;4.9;290.6;-24.1296;15.8947;31201
14 Apr 2017;0.9;289.3091964771;6.8;317.6;-24.1296;15.8947;31201
15 Apr 2017;2.0;47.989282763887;9.4;34.47;-24.1296;15.8947;31201
16 Apr 2017;0.7;131.92485349938;7.9;17.52;-24.1296;15.8947;31201
17 Apr 2017;1.7;283.04749298796;8.1;306.1;-24.1296;15.8947;31201
18 Apr 2017;1.9;192.46898557981;7.4;204.0;-24.1296;15.8947;31201
19 Apr 2017;2.4;114.33676256989;7.5;209.0;-24.1296;15.8947;31201
20 Apr 2017;3.2;76.616277421897;12.4;26.66;-24.1296;15.8947;31201
21 Apr 2017;1.0;197.08707923888;6.6;220.1;-24.1296;15.8947;31201
22 Apr 2017;2.1;31.81129671367;7.7;33.22;-24.1296;15.8947;31201
23 Apr 2017;1.8;148.59010801625;6.1;164.7;-24.1296;15.8947;31201
24 Apr 2017;0.6;122.79880743073;5.4;171.3;-24.1296;15.8947;31201
25 Apr 2017;0.3;233.15532478613;5.9;221.3;-24.1296;15.8947;31201
26 Apr 2017;1.8;309.73683669019;5.1;349.5;-24.1296;15.8947;31201
27 Apr 2017;1.1;323.21588711835;5.8;1.62;-24.1296;15.8947;31201
28 Apr 2017;2.1;348.74284151604;5.7;341.7;-24.1296;15.8947;31201
29 Apr 2017;2.5;338.31893922349;7.1;16.69;-24.1296;15.8947;31201
30 Apr 2017;3.0;313.00492395845;9.3;324.2;-24.1296;15.8947;31201
01 May 2017;1.3;267.63173887049;5.6;220.2;-24.1296;15.8947;31201
02 May 2017;0.9;28.276197034725;4.6;221.0;-24.1296;15.8947;31201
03 May 2017;0.8;95.226444845044;5.6;197.8;-24.1296;15.8947;31201
04 May 2017;0.9;251.36050805357;5.2;186.0;-24.1296;15.8947;31201
05 May 2017;1.7;283.74846573485;6.1;336.2;-24.1296;15.8947;31201
06 May 2017;0.9;179.26957182929;7.2;176.9;-24.1296;15.8947;31201
07 May 2017;0.5;259.18544569808;6.0;25.96;-24.1296;15.8947;31201
08 May 2017;1.5;256.90335200955;5.7;343.2;-24.1296;15.8947;31201
09 May 2017;0.8;297.48761280291;5.6;328.3;-24.1296;15.8947;31201
10 May 2017;2.0;279.66736775484;6.9;295.4;-24.1296;15.8947;31201
11 May 2017;1.7;276.03726606246;5.6;289.3;-24.1296;15.8947;31201
12 May 2017;0.3;326.08429521635;6.1;32.47;-24.1296;15.8947;31201
13 May 2017;1.8;130.04851451364;5.3;107.3;-24.1296;15.8947;31201
14 May 2017;2.3;134.68604362762;5.3;97.8;-24.1296;15.8947;31201
15 May 2017;2.3;149.5911218709;5.5;206.5;-24.1296;15.8947;31201
16 May 2017;2.5;166.85055898995;5.6;191.3;-24.1296;15.8947;31201
17 May 2017;1.5;156.40288111009;3.3;89.3;-24.1296;15.8947;31201
18 May 2017;1.1;252.99682425398;4.5;180.9;-24.1296;15.8947;31201
19 May 2017;0.1;8.2110613724622;5.4;198.0;-24.1296;15.8947;31201
20 May 2017;1.3;64.018572332125;6.7;21.45;-24.1296;15.8947;31201
21 May 2017;1.8;48.329489509849;7.6;21.71;-24.1296;15.8947;31201
22 May 2017;2.0;24.14633213275;7.6;31.3;-24.1296;15.8947;31201
23 May 2017;2.3;356.5138288355;6.1;20.71;-24.1296;15.8947;31201
24 May 2017;1.4;258.04801200937;5.6;177.3;-24.1296;15.8947;31201
25 May 2017;1.7;239.40796372103;5.5;292.9;-24.1296;15.8947;31201
26 May 2017;1.5;237.93308830871;4.7;273.7;-24.1296;15.8947;31201
27 May 2017;0.6;316.31317283831;6.0;325.2;-24.1296;15.8947;31201
28 May 2017;3.9;100.78174167709;7.0;97.1;-24.1296;15.8947;31201
29 May 2017;1.9;106.60834245254;4.5;100.5;-24.1296;15.8947;31201
30 May 2017;0.4;158.10101728023;3.5;3.45;-24.1296;15.8947;31201
31 May 2017;1.2;181.71407692785;3.5;161.1;-24.1296;15.8947;31201
01 Jun 2017;0.4;279.38238411626;3.9;329.6;-24.1296;15.8947;31201
02 Jun 2017;1.0;296.21850619771;6.2;347.8;-24.1296;15.8947;31201
03 Jun 2017;1.7;280.83311361942;6.8;317.5;-24.1296;15.8947;31201
04 Jun 2017;1.2;213.89211998281;4.7;180.9;-24.1296;15.8947;31201
05 Jun 2017;1.5;289.52905723708;6.8;321.3;-24.1296;15.8947;31201
06 Jun 2017;2.9;298.06146681986;10.3;323.2;-24.1296;15.8947;31201
07 Jun 2017;4.3;173.65962398756;8.1;177.8;-24.1296;15.8947;31201
08 Jun 2017;1.6;153.72881955923;4.0;109.7;-24.1296;15.8947;31201
09 Jun 2017;4.7;336.38330757634;10.4;351.7;-24.1296;15.8947;31201
10 Jun 2017;2.0;289.40183555157;6.5;301.9;-24.1296;15.8947;31201
11 Jun 2017;1.3;254.60172158957;4.2;303.1;-24.1296;15.8947;31201
12 Jun 2017;1.4;233.63391068878;4.7;334.9;-24.1296;15.8947;31201
13 Jun 2017;1.3;224.17164408642;4.3;239.5;-24.1296;15.8947;31201
14 Jun 2017;1.9;252.85763933959;5.5;285.8;-24.1296;15.8947;31201
15 Jun 2017;0.2;234.86000054943;3.4;318.9;-24.1296;15.8947;31201
16 Jun 2017;1.0;254.22827073016;5.2;334.1;-24.1296;15.8947;31201
17 Jun 2017;1.2;223.48654923371;3.7;240.1;-24.1296;15.8947;31201
18 Jun 2017;2.0;285.90024183207;8.0;334.3;-24.1296;15.8947;31201
19 Jun 2017;1.7;261.85418609674;6.7;327.2;-24.1296;15.8947;31201
20 Jun 2017;2.0;214.5413657419;4.3;285.9;-24.1296;15.8947;31201
21 Jun 2017;1.8;216.84916458874;5.0;227.8;-24.1296;15.8947;31201
22 Jun 2017;2.2;215.63650013444;4.4;264.0;-24.1296;15.8947;31201
23 Jun 2017;0.7;141.70514266218;4.0;107.7;-24.1296;15.8947;31201
24 Jun 2017;0.9;205.27301528369;7.1;352.2;-24.1296;15.8947;31201
25 Jun 2017;1.2;35.90433952325;7.3;21.57;-24.1296;15.8947;31201
26 Jun 2017;1.6;283.19337965198;6.2;344.9;-24.1296;15.8947;31201
27 Jun 2017;5.0;303.98483631662;11.1;300.1;-24.1296;15.8947;31201
28 Jun 2017;1.1;112.75375028072;6.3;5.35;-24.1296;15.8947;31201
29 Jun 2017;3.4;341.38416024291;10.2;327.8;-24.1296;15.8947;31201
30 Jun 2017;1.8;294.34735504733;6.6;300.6;-24.1296;15.8947;31201
01 Jul 2017;1.8;262.88837364979;5.9;285.1;-24.1296;15.8947;31201
02 Jul 2017;0.9;230.66623088451;3.4;304.3;-24.1296;15.8947;31201
03 Jul 2017;0.6;282.56084600103;4.2;249.1;-24.1296;15.8947;31201
04 Jul 2017;0.8;265.73259606086;4.2;325.8;-24.1296;15.8947;31201
05 Jul 2017;0.5;292.24723101861;4.3;316.9;-24.1296;15.8947;31201
06 Jul 2017;1.2;13.379880084781;5.5;36.16;-24.1296;15.8947;31201
07 Jul 2017;1.4;319.79842898678;6.5;0.08;-24.1296;15.8947;31201
08 Jul 2017;3.1;304.06319110249;9.3;324.7;-24.1296;15.8947;31201
09 Jul 2017;1.1;251.75473807003;4.7;291.9;-24.1296;15.8947;31201
10 Jul 2017;1.4;273.10180001707;4.8;303.5;-24.1296;15.8947;31201
11 Jul 2017;1.3;248.9781552919;5.4;314.8;-24.1296;15.8947;31201
12 Jul 2017;1.6;200.02435846057;4.6;227.6;-24.1296;15.8947;31201
13 Jul 2017;1.3;249.97687688061;5.3;291.1;-24.1296;15.8947;31201
14 Jul 2017;2.7;291.20126870142;5.8;301.3;-24.1296;15.8947;31201
15 Jul 2017;1.6;288.54138933934;5.1;294.7;-24.1296;15.8947;31201
16 Jul 2017;0.9;129.96532634088;4.3;99.4;-24.1296;15.8947;31201
17 Jul 2017;1.8;91.455049130244;5.9;94.6;-24.1296;15.8947;31201
18 Jul 2017;2.0;208.06293843177;4.5;181.7;-24.1296;15.8947;31201
19 Jul 2017;1.7;212.13986499931;4.0;188.9;-24.1296;15.8947;31201
20 Jul 2017;1.5;115.84573510749;3.8;138.7;-24.1296;15.8947;31201
21 Jul 2017;1.4;246.53355961205;4.9;231.5;-24.1296;15.8947;31201
22 Jul 2017;1.7;229.55188198327;4.8;219.6;-24.1296;15.8947;31201
23 Jul 2017;0.7;225.29091294721;4.7;315.0;-24.1296;15.8947;31201
24 Jul 2017;1.7;282.83501887139;6.7;338.2;-24.1296;15.8947;31201
25 Jul 2017;2.1;201.52842175209;7.4;180.4;-24.1296;15.8947;31201
26 Jul 2017;2.7;100.89950153881;6.7;101.8;-24.1296;15.8947;31201
27 Jul 2017;2.9;49.210895130238;9.1;30.94;-24.1296;15.8947;31201
28 Jul 2017;1.9;346.51922807396;7.3;2.49;-24.1296;15.8947;31201
29 Jul 2017;2.1;29.698785588317;7.9;28.09;-24.1296;15.8947;31201
30 Jul 2017;2.2;15.030748044868;6.0;29.38;-24.1296;15.8947;31201
31 Jul 2017;4.6;325.04015795484;12.5;351.1;-24.1296;15.8947;31201
01 Aug 2017;1.2;245.74261557879;3.5;271.1;-24.1296;15.8947;31201
02 Aug 2017;1.2;230.93394651436;5.4;199.3;-24.1296;15.8947;31201
03 Aug 2017;1.1;248.77745400375;5.3;355.6;-24.1296;15.8947;31201
04 Aug 2017;2.4;194.9327464523;6.0;199.2;-24.1296;15.8947;31201
05 Aug 2017;2.0;208.92656656164;4.4;221.8;-24.1296;15.8947;31201
06 Aug 2017;1.5;212.22645462489;4.0;239.6;-24.1296;15.8947;31201
07 Aug 2017;2.3;244.30251258353;5.0;283.5;-24.1296;15.8947;31201
08 Aug 2017;2.3;270.63100132849;6.3;300.8;-24.1296;15.8947;31201
09 Aug 2017;1.5;237.63578319695;4.7;228.6;-24.1296;15.8947;31201
10 Aug 2017;1.5;254.72109878862;5.3;279.9;-24.1296;15.8947;31201
11 Aug 2017;1.9;219.81995992301;5.2;219.8;-24.1296;15.8947;31201
12 Aug 2017;1.7;223.0730187027;5.2;219.3;-24.1296;15.8947;31201
13 Aug 2017;1.3;209.69410179335;5.6;187.3;-24.1296;15.8947;31201
14 Aug 2017;0.9;285.66114440791;6.8;357.5;-24.1296;15.8947;31201
15 Aug 2017;2.1;238.32823941077;6.1;228.9;-24.1296;15.8947;31201
16 Aug 2017;2.9;190.17123699369;5.8;205.5;-24.1296;15.8947;31201
17 Aug 2017;3.3;101.61022092703;6.8;103.1;-24.1296;15.8947;31201
18 Aug 2017;3.5;79.557485903829;6.7;66.11;-24.1296;15.8947;31201
19 Aug 2017;2.9;304.26183575989;7.4;330.3;-24.1296;15.8947;31201
20 Aug 2017;1.7;239.43494719647;5.8;307.1;-24.1296;15.8947;31201
21 Aug 2017;1.8;215.78693628488;5.2;258.9;-24.1296;15.8947;31201
22 Aug 2017;1.2;228.40813853939;3.8;185.3;-24.1296;15.8947;31201
23 Aug 2017;0.9;217.42249849539;5.6;241.3;-24.1296;15.8947;31201
24 Aug 2017;;;0.0;0.0;-24.1296;15.8947;31201
25 Aug 2017;;;0.0;0.0;-24.1296;15.8947;31201
26 Aug 2017;;;0.0;0.0;-24.1296;15.8947;31201
27 Aug 2017;;;0.0;0.0;-24.1296;15.8947;31201
28 Aug 2017;;;0.0;0.0;-24.1296;15.8947;31201
29 Aug 2017;;;0.0;0.0;-24.1296;15.8947;31201
30 Aug 2017;;;0.0;0.0;-24.1296;15.8947;31201
31 Aug 2017;;;0.0;0.0;-24.1296;15.8947;31201
01 Sep 2017;;;0.0;0.0;-24.1296;15.8947;31201
02 Sep 2017;;;0.0;0.0;-24.1296;15.8947;31201
03 Sep 2017;;;0.0;0.0;-24.1296;15.8947;31201
04 Sep 2017;;;0.0;0.0;-24.1296;15.8947;31201
05 Sep 2017;;;0.0;0.0;-24.1296;15.8947;31201
06 Sep 2017;;;0.0;0.0;-24.1296;15.8947;31201
07 Sep 2017;;;0.0;0.0;-24.1296;15.8947;31201
08 Sep 2017;;;0.0;0.0;-24.1296;15.8947;31201
09 Sep 2017;;;0.0;0.0;-24.1296;15.8947;31201
10 Sep 2017;;;0.0;0.0;-24.1296;15.8947;31201
11 Sep 2017;;;0.0;0.0;-24.1296;15.8947;31201
12 Sep 2017;;;0.0;0.0;-24.1296;15.8947;31201
13 Sep 2017;;;0.0;0.0;-24.1296;15.8947;31201
14 Sep 2017;;;0.0;0.0;-24.1296;15.8947;31201
15 Sep 2017;;;0.0;0.0;-24.1296;15.8947;31201
16 Sep 2017;;;0.0;0.0;-24.1296;15.8947;31201
17 Sep 2017;;;0.0;0.0;-24.1296;15.8947;31201
18 Sep 2017;;;0.0;0.0;-24.1296;15.8947;31201
19 Sep 2017;;;0.0;0.0;-24.1296;15.8947;31201
20 Sep 2017;;;0.0;0.0;-24.1296;15.8947;31201
21 Sep 2017;;;0.0;0.0;-24.1296;15.8947;31201
22 Sep 2017;;;0.0;0.0;-24.1296;15.8947;31201
23 Sep 2017;;;0.0;0.0;-24.1296;15.8947;31201
24 Sep 2017;;;0.0;0.0;-24.1296;15.8947;31201
25 Sep 2017;;;0.0;0.0;-24.1296;15.8947;31201
26 Sep 2017;;;0.0;0.0;-24.1296;15.8947;31201
27 Sep 2017;;;0.0;0.0;-24.1296;15.8947;31201
28 Sep 2017;;;0.0;0.0;-24.1296;15.8947;31201
29 Sep 2017;;;0.0;0.0;-24.1296;15.8947;31201
30 Sep 2017;;;0.0;0.0;-24.1296;15.8947;31201
01 Oct 2017;;;;;-24.1296;15.8947;31201
02 Oct 2017;;;;;-24.1296;15.8947;31201
03 Oct 2017;;;;;-24.1296;15.8947;31201
04 Oct 2017;;;;;-24.1296;15.8947;31201
05 Oct 2017;;;;;-24.1296;15.8947;31201
06 Oct 2017;;;;;-24.1296;15.8947;31201
07 Oct 2017;;;;;-24.1296;15.8947;31201
08 Oct 2017;;;;;-24.1296;15.8947;31201
09 Oct 2017;;;;;-24.1296;15.8947;31201
10 Oct 2017;;;;;-24.1296;15.8947;31201
11 Oct 2017;;;;;-24.1296;15.8947;31201
12 Oct 2017;;;;;-24.1296;15.8947;31201
13 Oct 2017;;;;;-24.1296;15.8947;31201
14 Oct 2017;;;;;-24.1296;15.8947;31201
15 Oct 2017;;;;;-24.1296;15.8947;31201
16 Oct 2017;;;;;-24.1296;15.8947;31201
17 Oct 2017;;;;;-24.1296;15.8947;31201
18 Oct 2017;;;;;-24.1296;15.8947;31201
19 Oct 2017;;;;;-24.1296;15.8947;31201
20 Oct 2017;;;;;-24.1296;15.8947;31201
21 Oct 2017;;;;;-24.1296;15.8947;31201
22 Oct 2017;;;;;-24.1296;15.8947;31201
23 Oct 2017;;;;;-24.1296;15.8947;31201
24 Oct 2017;;;;;-24.1296;15.8947;31201
25 Oct 2017;;;;;-24.1296;15.8947;31201
26 Oct 2017;;;;;-24.1296;15.8947;31201
27 Oct 2017;;;;;-24.1296;15.8947;31201
28 Oct 2017;;;;;-24.1296;15.8947;31201
29 Oct 2017;;;;;-24.1296;15.8947;31201
30 Oct 2017;;;;;-24.1296;15.8947;31201
31 Oct 2017;;;;;-24.1296;15.8947;31201
01 Nov 2017;;;;;-24.1296;15.8947;31201
02 Nov 2017;;;;;-24.1296;15.8947;31201
03 Nov 2017;;;;;-24.1296;15.8947;31201
04 Nov 2017;;;;;-24.1296;15.8947;31201
05 Nov 2017;;;;;-24.1296;15.8947;31201
06 Nov 2017;;;;;-24.1296;15.8947;31201
07 Nov 2017;;;;;-24.1296;15.8947;31201
08 Nov 2017;;;;;-24.1296;15.8947;31201
09 Nov 2017;;;;;-24.1296;15.8947;31201
10 Nov 2017;;;;;-24.1296;15.8947;31201
11 Nov 2017;;;;;-24.1296;15.8947;31201
12 Nov 2017;;;;;-24.1296;15.8947;31201
13 Nov 2017;;;;;-24.1296;15.8947;31201
14 Nov 2017;;;;;-24.1296;15.8947;31201
15 Nov 2017;;;;;-24.1296;15.8947;31201
16 Nov 2017;;;;;-24.1296;15.8947;31201
17 Nov 2017;;;;;-24.1296;15.8947;31201
18 Nov 2017;;;;;-24.1296;15.8947;31201
19 Nov 2017;;;;;-24.1296;15.8947;31201
20 Nov 2017;;;;;-24.1296;15.8947;31201
21 Nov 2017;;;;;-24.1296;15.8947;31201
22 Nov 2017;;;;;-24.1296;15.8947;31201
23 Nov 2017;;;;;-24.1296;15.8947;31201
24 Nov 2017;;;;;-24.1296;15.8947;31201
25 Nov 2017;;;;;-24.1296;15.8947;31201
26 Nov 2017;;;;;-24.1296;15.8947;31201
27 Nov 2017;;;;;-24.1296;15.8947;31201
28 Nov 2017;;;;;-24.1296;15.8947;31201
29 Nov 2017;;;;;-24.1296;15.8947;31201
30 Nov 2017;;;;;-24.1296;15.8947;31201
01 Dec 2017;;;;;-24.1296;15.8947;31201
02 Dec 2017;;;;;-24.1296;15.8947;31201
03 Dec 2017;;;;;-24.1296;15.8947;31201
04 Dec 2017;;;;;-24.1296;15.8947;31201
05 Dec 2017;;;;;-24.1296;15.8947;31201
06 Dec 2017;;;;;-24.1296;15.8947;31201
07 Dec 2017;;;;;-24.1296;15.8947;31201
08 Dec 2017;;;;;-24.1296;15.8947;31201
09 Dec 2017;;;;;-24.1296;15.8947;31201
10 Dec 2017;;;;;-24.1296;15.8947;31201
11 Dec 2017;;;;;-24.1296;15.8947;31201
12 Dec 2017;;;;;-24.1296;15.8947;31201
13 Dec 2017;;;;;-24.1296;15.8947;31201
14 Dec 2017;;;;;-24.1296;15.8947;31201
15 Dec 2017;;;;;-24.1296;15.8947;31201
16 Dec 2017;;;;;-24.1296;15.8947;31201
17 Dec 2017;;;;;-24.1296;15.8947;31201
18 Dec 2017;;;;;-24.1296;15.8947;31201
19 Dec 2017;;;;;-24.1296;15.8947;31201
20 Dec 2017;;;;;-24.1296;15.8947;31201
21 Dec 2017;;;;;-24.1296;15.8947;31201
22 Dec 2017;;;;;-24.1296;15.8947;31201
23 Dec 2017;;;;;-24.1296;15.8947;31201
24 Dec 2017;;;;;-24.1296;15.8947;31201
25 Dec 2017;;;;;-24.1296;15.8947;31201
26 Dec 2017;;;;;-24.1296;15.8947;31201
27 Dec 2017;;;;;-24.1296;15.8947;31201
28 Dec 2017;;;;;-24.1296;15.8947;31201
29 Dec 2017;;;;;-24.1296;15.8947;31201
30 Dec 2017;;;;;-24.1296;15.8947;31201
31 Dec 2017;;;;;-24.1296;15.8947;31201
01 Jan 2018;;;;;-24.1296;15.8947;31201
02 Jan 2018;;;;;-24.1296;15.8947;31201
03 Jan 2018;;;;;-24.1296;15.8947;31201
04 Jan 2018;;;;;-24.1296;15.8947;31201
05 Jan 2018;;;;;-24.1296;15.8947;31201
06 Jan 2018;;;;;-24.1296;15.8947;31201
07 Jan 2018;;;;;-24.1296;15.8947;31201
08 Jan 2018;;;;;-24.1296;15.8947;31201
09 Jan 2018;;;;;-24.1296;15.8947;31201
10 Jan 2018;;;;;-24.1296;15.8947;31201
11 Jan 2018;;;;;-24.1296;15.8947;31201
12 Jan 2018;;;;;-24.1296;15.8947;31201
13 Jan 2018;;;;;-24.1296;15.8947;31201
14 Jan 2018;;;;;-24.1296;15.8947;31201
15 Jan 2018;;;;;-24.1296;15.8947;31201
16 Jan 2018;;;;;-24.1296;15.8947;31201
17 Jan 2018;;;;;-24.1296;15.8947;31201
18 Jan 2018;;;;;-24.1296;15.8947;31201
19 Jan 2018;;;;;-24.1296;15.8947;31201
20 Jan 2018;;;;;-24.1296;15.8947;31201
21 Jan 2018;;;;;-24.1296;15.8947;31201
22 Jan 2018;;;;;-24.1296;15.8947;31201
23 Jan 2018;;;;;-24.1296;15.8947;31201
24 Jan 2018;;;;;-24.1296;15.8947;31201
25 Jan 2018;;;;;-24.1296;15.8947;31201
26 Jan 2018;;;;;-24.1296;15.8947;31201
27 Jan 2018;;;;;-24.1296;15.8947;31201
28 Jan 2018;;;;;-24.1296;15.8947;31201
29 Jan 2018;;;;;-24.1296;15.8947;31201
30 Jan 2018;;;;;-24.1296;15.8947;31201
31 Jan 2018;;;;;-24.1296;15.8947;31201
01 Feb 2018;;;;;-24.1296;15.8947;31201
02 Feb 2018;;;;;-24.1296;15.8947;31201
03 Feb 2018;;;;;-24.1296;15.8947;31201
04 Feb 2018;;;;;-24.1296;15.8947;31201
05 Feb 2018;;;;;-24.1296;15.8947;31201
06 Feb 2018;;;;;-24.1296;15.8947;31201
07 Feb 2018;;;;;-24.1296;15.8947;31201
08 Feb 2018;;;;;-24.1296;15.8947;31201
09 Feb 2018;;;;;-24.1296;15.8947;31201
10 Feb 2018;;;;;-24.1296;15.8947;31201
11 Feb 2018;;;;;-24.1296;15.8947;31201
12 Feb 2018;;;;;-24.1296;15.8947;31201
13 Feb 2018;;;;;-24.1296;15.8947;31201
14 Feb 2018;;;;;-24.1296;15.8947;31201
15 Feb 2018;;;;;-24.1296;15.8947;31201
16 Feb 2018;;;;;-24.1296;15.8947;31201
17 Feb 2018;;;;;-24.1296;15.8947;31201
18 Feb 2018;;;;;-24.1296;15.8947;31201
19 Feb 2018;;;;;-24.1296;15.8947;31201
20 Feb 2018;;;;;-24.1296;15.8947;31201
21 Feb 2018;;;;;-24.1296;15.8947;31201
22 Feb 2018;;;;;-24.1296;15.8947;31201
23 Feb 2018;;;;;-24.1296;15.8947;31201
24 Feb 2018;;;;;-24.1296;15.8947;31201
25 Feb 2018;;;;;-24.1296;15.8947;31201
26 Feb 2018;;;;;-24.1296;15.8947;31201
27 Feb 2018;;;;;-24.1296;15.8947;31201
28 Feb 2018;;;;;-24.1296;15.8947;31201
01 Mar 2018;;;;;-24.1296;15.8947;31201
02 Mar 2018;;;;;-24.1296;15.8947;31201
03 Mar 2018;;;;;-24.1296;15.8947;31201
04 Mar 2018;;;;;-24.1296;15.8947;31201
05 Mar 2018;;;;;-24.1296;15.8947;31201
06 Mar 2018;;;;;-24.1296;15.8947;31201
07 Mar 2018;;;;;-24.1296;15.8947;31201
08 Mar 2018;;;;;-24.1296;15.8947;31201
09 Mar 2018;;;;;-24.1296;15.8947;31201
10 Mar 2018;;;;;-24.1296;15.8947;31201
11 Mar 2018;;;;;-24.1296;15.8947;31201
12 Mar 2018;;;;;-24.1296;15.8947;31201
13 Mar 2018;;;;;-24.1296;15.8947;31201
14 Mar 2018;;;;;-24.1296;15.8947;31201
15 Mar 2018;;;;;-24.1296;15.8947;31201
16 Mar 2018;;;;;-24.1296;15.8947;31201
17 Mar 2018;;;;;-24.1296;15.8947;31201
18 Mar 2018;;;;;-24.1296;15.8947;31201
19 Mar 2018;;;;;-24.1296;15.8947;31201
20 Mar 2018;;;;;-24.1296;15.8947;31201
21 Mar 2018;;;;;-24.1296;15.8947;31201
22 Mar 2018;;;;;-24.1296;15.8947;31201
23 Mar 2018;;;;;-24.1296;15.8947;31201
24 Mar 2018;;;;;-24.1296;15.8947;31201
25 Mar 2018;;;;;-24.1296;15.8947;31201
26 Mar 2018;;;;;-24.1296;15.8947;31201
27 Mar 2018;;;;;-24.1296;15.8947;31201
28 Mar 2018;;;;;-24.1296;15.8947;31201
29 Mar 2018;;;;;-24.1296;15.8947;31201
30 Mar 2018;;;;;-24.1296;15.8947;31201
31 Mar 2018;;;;;-24.1296;15.8947;31201
01 Apr 2018;;;;;-24.1296;15.8947;31201
02 Apr 2018;;;;;-24.1296;15.8947;31201
03 Apr 2018;;;;;-24.1296;15.8947;31201
04 Apr 2018;;;;;-24.1296;15.8947;31201
05 Apr 2018;;;;;-24.1296;15.8947;31201
06 Apr 2018;;;;;-24.1296;15.8947;31201
07 Apr 2018;;;;;-24.1296;15.8947;31201
08 Apr 2018;;;;;-24.1296;15.8947;31201
09 Apr 2018;;;;;-24.1296;15.8947;31201
10 Apr 2018;;;;;-24.1296;15.8947;31201
11 Apr 2018;;;;;-24.1296;15.8947;31201
12 Apr 2018;;;;;-24.1296;15.8947;31201
13 Apr 2018;;;;;-24.1296;15.8947;31201
14 Apr 2018;;;;;-24.1296;15.8947;31201
15 Apr 2018;;;;;-24.1296;15.8947;31201
16 Apr 2018;;;;;-24.1296;15.8947;31201
17 Apr 2018;;;;;-24.1296;15.8947;31201
18 Apr 2018;;;;;-24.1296;15.8947;31201
19 Apr 2018;;;;;-24.1296;15.8947;31201
20 Apr 2018;;;;;-24.1296;15.8947;31201
21 Apr 2018;;;;;-24.1296;15.8947;31201
22 Apr 2018;;;;;-24.1296;15.8947;31201
23 Apr 2018;;;;;-24.1296;15.8947;31201
24 Apr 2018;;;;;-24.1296;15.8947;31201
25 Apr 2018;;;;;-24.1296;15.8947;31201
26 Apr 2018;;;;;-24.1296;15.8947;31201
27 Apr 2018;;;;;-24.1296;15.8947;31201
28 Apr 2018;;;;;-24.1296;15.8947;31201
29 Apr 2018;;;;;-24.1296;15.8947;31201
30 Apr 2018;;;;;-24.1296;15.8947;31201
01 May 2018;;;;;-24.1296;15.8947;31201
02 May 2018;;;;;-24.1296;15.8947;31201
03 May 2018;;;;;-24.1296;15.8947;31201
04 May 2018;;;;;-24.1296;15.8947;31201
05 May 2018;;;;;-24.1296;15.8947;31201
06 May 2018;;;;;-24.1296;15.8947;31201
07 May 2018;;;;;-24.1296;15.8947;31201
08 May 2018;;;;;-24.1296;15.8947;31201
09 May 2018;;;;;-24.1296;15.8947;31201
10 May 2018;;;;;-24.1296;15.8947;31201
11 May 2018;;;;;-24.1296;15.8947;31201
12 May 2018;;;;;-24.1296;15.8947;31201
13 May 2018;;;;;-24.1296;15.8947;31201
14 May 2018;;;;;-24.1296;15.8947;31201
15 May 2018;;;;;-24.1296;15.8947;31201
16 May 2018;;;;;-24.1296;15.8947;31201
17 May 2018;;;;;-24.1296;15.8947;31201
18 May 2018;;;;;-24.1296;15.8947;31201
19 May 2018;;;;;-24.1296;15.8947;31201
20 May 2018;;;;;-24.1296;15.8947;31201
21 May 2018;;;;;-24.1296;15.8947;31201
22 May 2018;;;;;-24.1296;15.8947;31201
23 May 2018;;;;;-24.1296;15.8947;31201
24 May 2018;;;;;-24.1296;15.8947;31201
25 May 2018;;;;;-24.1296;15.8947;31201
26 May 2018;;;;;-24.1296;15.8947;31201
27 May 2018;;;;;-24.1296;15.8947;31201
28 May 2018;;;;;-24.1296;15.8947;31201
29 May 2018;;;;;-24.1296;15.8947;31201
30 May 2018;;;;;-24.1296;15.8947;31201
31 May 2018;;;;;-24.1296;15.8947;31201
01 Jun 2018;;;;;-24.1296;15.8947;31201
02 Jun 2018;;;;;-24.1296;15.8947;31201
03 Jun 2018;;;;;-24.1296;15.8947;31201
04 Jun 2018;;;;;-24.1296;15.8947;31201
05 Jun 2018;;;;;-24.1296;15.8947;31201
06 Jun 2018;;;;;-24.1296;15.8947;31201
07 Jun 2018;;;;;-24.1296;15.8947;31201
08 Jun 2018;;;;;-24.1296;15.8947;31201
09 Jun 2018;;;;;-24.1296;15.8947;31201
10 Jun 2018;;;;;-24.1296;15.8947;31201
11 Jun 2018;;;;;-24.1296;15.8947;31201
12 Jun 2018;;;;;-24.1296;15.8947;31201
13 Jun 2018;;;;;-24.1296;15.8947;31201
14 Jun 2018;;;;;-24.1296;15.8947;31201
15 Jun 2018;;;;;-24.1296;15.8947;31201
16 Jun 2018;;;;;-24.1296;15.8947;31201
17 Jun 2018;;;;;-24.1296;15.8947;31201
18 Jun 2018;;;;;-24.1296;15.8947;31201
19 Jun 2018;;;;;-24.1296;15.8947;31201
20 Jun 2018;;;;;-24.1296;15.8947;31201
21 Jun 2018;;;;;-24.1296;15.8947;31201
22 Jun 2018;;;;;-24.1296;15.8947;31201
23 Jun 2018;;;;;-24.1296;15.8947;31201
24 Jun 2018;;;;;-24.1296;15.8947;31201
25 Jun 2018;;;;;-24.1296;15.8947;31201
26 Jun 2018;;;;;-24.1296;15.8947;31201
27 Jun 2018;;;;;-24.1296;15.8947;31201
28 Jun 2018;;;;;-24.1296;15.8947;31201
29 Jun 2018;;;;;-24.1296;15.8947;31201
30 Jun 2018;;;;;-24.1296;15.8947;31201
01 Jul 2018;;;;;-24.1296;15.8947;31201
02 Jul 2018;;;;;-24.1296;15.8947;31201
03 Jul 2018;;;;;-24.1296;15.8947;31201
04 Jul 2018;;;;;-24.1296;15.8947;31201
05 Jul 2018;;;;;-24.1296;15.8947;31201
06 Jul 2018;;;;;-24.1296;15.8947;31201
07 Jul 2018;;;;;-24.1296;15.8947;31201
08 Jul 2018;;;;;-24.1296;15.8947;31201
09 Jul 2018;;;;;-24.1296;15.8947;31201
10 Jul 2018;;;;;-24.1296;15.8947;31201
11 Jul 2018;;;;;-24.1296;15.8947;31201
12 Jul 2018;;;;;-24.1296;15.8947;31201
13 Jul 2018;;;;;-24.1296;15.8947;31201
14 Jul 2018;;;;;-24.1296;15.8947;31201
15 Jul 2018;;;;;-24.1296;15.8947;31201
16 Jul 2018;;;;;-24.1296;15.8947;31201
17 Jul 2018;;;;;-24.1296;15.8947;31201
18 Jul 2018;;;;;-24.1296;15.8947;31201
19 Jul 2018;;;;;-24.1296;15.8947;31201
20 Jul 2018;;;;;-24.1296;15.8947;31201
21 Jul 2018;;;;;-24.1296;15.8947;31201
22 Jul 2018;;;;;-24.1296;15.8947;31201
23 Jul 2018;;;;;-24.1296;15.8947;31201
24 Jul 2018;;;;;-24.1296;15.8947;31201
25 Jul 2018;;;;;-24.1296;15.8947;31201
26 Jul 2018;;;;;-24.1296;15.8947;31201
27 Jul 2018;;;;;-24.1296;15.8947;31201
28 Jul 2018;;;;;-24.1296;15.8947;31201
29 Jul 2018;;;;;-24.1296;15.8947;31201
30 Jul 2018;;;;;-24.1296;15.8947;31201
31 Jul 2018;;;;;-24.1296;15.8947;31201
01 Aug 2018;;;;;-24.1296;15.8947;31201
02 Aug 2018;;;;;-24.1296;15.8947;31201
03 Aug 2018;;;;;-24.1296;15.8947;31201
04 Aug 2018;;;;;-24.1296;15.8947;31201
05 Aug 2018;;;;;-24.1296;15.8947;31201
06 Aug 2018;;;;;-24.1296;15.8947;31201
07 Aug 2018;;;;;-24.1296;15.8947;31201
08 Aug 2018;;;;;-24.1296;15.8947;31201
09 Aug 2018;;;;;-24.1296;15.8947;31201
10 Aug 2018;;;;;-24.1296;15.8947;31201
11 Aug 2018;;;;;-24.1296;15.8947;31201
12 Aug 2018;;;;;-24.1296;15.8947;31201
13 Aug 2018;;;;;-24.1296;15.8947;31201
14 Aug 2018;;;;;-24.1296;15.8947;31201
15 Aug 2018;;;;;-24.1296;15.8947;31201
16 Aug 2018;;;;;-24.1296;15.8947;31201
17 Aug 2018;;;;;-24.1296;15.8947;31201
18 Aug 2018;;;;;-24.1296;15.8947;31201
19 Aug 2018;;;;;-24.1296;15.8947;31201
20 Aug 2018;;;;;-24.1296;15.8947;31201
21 Aug 2018;;;;;-24.1296;15.8947;31201
22 Aug 2018;;;;;-24.1296;15.8947;31201
23 Aug 2018;;;;;-24.1296;15.8947;31201
24 Aug 2018;;;;;-24.1296;15.8947;31201
25 Aug 2018;;;;;-24.1296;15.8947;31201
26 Aug 2018;;;;;-24.1296;15.8947;31201
27 Aug 2018;;;;;-24.1296;15.8947;31201
28 Aug 2018;;;;;-24.1296;15.8947;31201
29 Aug 2018;;;;;-24.1296;15.8947;31201
30 Aug 2018;;;;;-24.1296;15.8947;31201
31 Aug 2018;;;;;-24.1296;15.8947;31201
01 Sep 2018;;;;;-24.1296;15.8947;31201
02 Sep 2018;;;;;-24.1296;15.8947;31201
03 Sep 2018;;;;;-24.1296;15.8947;31201
04 Sep 2018;;;;;-24.1296;15.8947;31201
05 Sep 2018;;;;;-24.1296;15.8947;31201
06 Sep 2018;;;;;-24.1296;15.8947;31201
07 Sep 2018;;;;;-24.1296;15.8947;31201
08 Sep 2018;;;;;-24.1296;15.8947;31201
09 Sep 2018;;;;;-24.1296;15.8947;31201
10 Sep 2018;;;;;-24.1296;15.8947;31201
11 Sep 2018;;;;;-24.1296;15.8947;31201
12 Sep 2018;;;;;-24.1296;15.8947;31201
13 Sep 2018;;;;;-24.1296;15.8947;31201
14 Sep 2018;;;;;-24.1296;15.8947;31201
15 Sep 2018;;;;;-24.1296;15.8947;31201
16 Sep 2018;;;;;-24.1296;15.8947;31201
17 Sep 2018;;;;;-24.1296;15.8947;31201
18 Sep 2018;;;;;-24.1296;15.8947;31201
19 Sep 2018;;;;;-24.1296;15.8947;31201
20 Sep 2018;;;;;-24.1296;15.8947;31201
21 Sep 2018;;;;;-24.1296;15.8947;31201
22 Sep 2018;;;;;-24.1296;15.8947;31201
23 Sep 2018;;;;;-24.1296;15.8947;31201
24 Sep 2018;;;;;-24.1296;15.8947;31201
25 Sep 2018;;;;;-24.1296;15.8947;31201
26 Sep 2018;;;;;-24.1296;15.8947;31201
27 Sep 2018;;;;;-24.1296;15.8947;31201
28 Sep 2018;;;;;-24.1296;15.8947;31201
29 Sep 2018;;;;;-24.1296;15.8947;31201
30 Sep 2018;;;;;-24.1296;15.8947;31201
01 Oct 2018;;;;;-24.1296;15.8947;31201
02 Oct 2018;;;;;-24.1296;15.8947;31201
03 Oct 2018;;;;;-24.1296;15.8947;31201
04 Oct 2018;;;;;-24.1296;15.8947;31201
05 Oct 2018;;;;;-24.1296;15.8947;31201
06 Oct 2018;;;;;-24.1296;15.8947;31201
07 Oct 2018;;;;;-24.1296;15.8947;31201
08 Oct 2018;;;;;-24.1296;15.8947;31201
09 Oct 2018;;;;;-24.1296;15.8947;31201
10 Oct 2018;;;;;-24.1296;15.8947;31201
11 Oct 2018;;;;;-24.1296;15.8947;31201
12 Oct 2018;;;;;-24.1296;15.8947;31201
13 Oct 2018;;;;;-24.1296;15.8947;31201
14 Oct 2018;;;;;-24.1296;15.8947;31201
15 Oct 2018;;;;;-24.1296;15.8947;31201
16 Oct 2018;;;;;-24.1296;15.8947;31201
17 Oct 2018;;;;;-24.1296;15.8947;31201
18 Oct 2018;;;;;-24.1296;15.8947;31201
19 Oct 2018;;;;;-24.1296;15.8947;31201
20 Oct 2018;;;;;-24.1296;15.8947;31201
21 Oct 2018;;;;;-24.1296;15.8947;31201
22 Oct 2018;;;;;-24.1296;15.8947;31201
23 Oct 2018;;;;;-24.1296;15.8947;31201
24 Oct 2018;;;;;-24.1296;15.8947;31201
25 Oct 2018;;;;;-24.1296;15.8947;31201
26 Oct 2018;;;;;-24.1296;15.8947;31201
27 Oct 2018;;;;;-24.1296;15.8947;31201
28 Oct 2018;;;;;-24.1296;15.8947;31201
29 Oct 2018;;;;;-24.1296;15.8947;31201
30 Oct 2018;;;;;-24.1296;15.8947;31201
31 Oct 2018;;;;;-24.1296;15.8947;31201
01 Nov 2018;;;;;-24.1296;15.8947;31201
02 Nov 2018;;;;;-24.1296;15.8947;31201
03 Nov 2018;;;;;-24.1296;15.8947;31201
04 Nov 2018;;;;;-24.1296;15.8947;31201
05 Nov 2018;;;;;-24.1296;15.8947;31201
06 Nov 2018;;;;;-24.1296;15.8947;31201
07 Nov 2018;;;;;-24.1296;15.8947;31201
08 Nov 2018;;;;;-24.1296;15.8947;31201
09 Nov 2018;;;;;-24.1296;15.8947;31201
10 Nov 2018;;;;;-24.1296;15.8947;31201
11 Nov 2018;;;;;-24.1296;15.8947;31201
12 Nov 2018;;;;;-24.1296;15.8947;31201
13 Nov 2018;;;;;-24.1296;15.8947;31201
14 Nov 2018;;;;;-24.1296;15.8947;31201
15 Nov 2018;;;;;-24.1296;15.8947;31201
16 Nov 2018;;;;;-24.1296;15.8947;31201
17 Nov 2018;;;;;-24.1296;15.8947;31201
18 Nov 2018;;;;;-24.1296;15.8947;31201
19 Nov 2018;;;;;-24.1296;15.8947;31201
20 Nov 2018;;;;;-24.1296;15.8947;31201
21 Nov 2018;;;;;-24.1296;15.8947;31201
22 Nov 2018;;;;;-24.1296;15.8947;31201
23 Nov 2018;;;;;-24.1296;15.8947;31201
24 Nov 2018;;;;;-24.1296;15.8947;31201
25 Nov 2018;;;;;-24.1296;15.8947;31201
26 Nov 2018;;;;;-24.1296;15.8947;31201
27 Nov 2018;;;;;-24.1296;15.8947;31201
28 Nov 2018;;;;;-24.1296;15.8947;31201
29 Nov 2018;;;;;-24.1296;15.8947;31201
30 Nov 2018;;;;;-24.1296;15.8947;31201
01 Dec 2018;;;;;-24.1296;15.8947;31201
02 Dec 2018;;;;;-24.1296;15.8947;31201
03 Dec 2018;;;;;-24.1296;15.8947;31201
04 Dec 2018;;;;;-24.1296;15.8947;31201
05 Dec 2018;;;;;-24.1296;15.8947;31201
06 Dec 2018;;;;;-24.1296;15.8947;31201
07 Dec 2018;;;;;-24.1296;15.8947;31201
08 Dec 2018;;;;;-24.1296;15.8947;31201
09 Dec 2018;;;;;-24.1296;15.8947;31201
10 Dec 2018;;;;;-24.1296;15.8947;31201
11 Dec 2018;;;;;-24.1296;15.8947;31201
12 Dec 2018;;;;;-24.1296;15.8947;31201
13 Dec 2018;;;;;-24.1296;15.8947;31201
14 Dec 2018;;;;;-24.1296;15.8947;31201
15 Dec 2018;;;;;-24.1296;15.8947;31201
16 Dec 2018;;;;;-24.1296;15.8947;31201
17 Dec 2018;;;;;-24.1296;15.8947;31201
18 Dec 2018;;;;;-24.1296;15.8947;31201
19 Dec 2018;;;;;-24.1296;15.8947;31201
20 Dec 2018;;;;;-24.1296;15.8947;31201
21 Dec 2018;;;;;-24.1296;15.8947;31201
22 Dec 2018;;;;;-24.1296;15.8947;31201
23 Dec 2018;;;;;-24.1296;15.8947;31201
24 Dec 2018;;;;;-24.1296;15.8947;31201
25 Dec 2018;;;;;-24.1296;15.8947;31201
26 Dec 2018;;;;;-24.1296;15.8947;31201
27 Dec 2018;;;;;-24.1296;15.8947;31201
28 Dec 2018;;;;;-24.1296;15.8947;31201
29 Dec 2018;;;;;-24.1296;15.8947;31201
30 Dec 2018;;;;;-24.1296;15.8947;31201
31 Dec 2018;;;;;-24.1296;15.8947;31201
01 Jan 2019;;;;;-24.1296;15.8947;31201
02 Jan 2019;;;;;-24.1296;15.8947;31201
03 Jan 2019;;;;;-24.1296;15.8947;31201
04 Jan 2019;;;;;-24.1296;15.8947;31201
05 Jan 2019;;;;;-24.1296;15.8947;31201
06 Jan 2019;;;;;-24.1296;15.8947;31201
07 Jan 2019;;;;;-24.1296;15.8947;31201
08 Jan 2019;;;;;-24.1296;15.8947;31201
09 Jan 2019;;;;;-24.1296;15.8947;31201
10 Jan 2019;;;;;-24.1296;15.8947;31201
11 Jan 2019;;;;;-24.1296;15.8947;31201
12 Jan 2019;;;;;-24.1296;15.8947;31201
13 Jan 2019;;;;;-24.1296;15.8947;31201
14 Jan 2019;;;;;-24.1296;15.8947;31201
15 Jan 2019;;;;;-24.1296;15.8947;31201
16 Jan 2019;;;;;-24.1296;15.8947;31201
17 Jan 2019;;;;;-24.1296;15.8947;31201
18 Jan 2019;;;;;-24.1296;15.8947;31201
19 Jan 2019;;;;;-24.1296;15.8947;31201
20 Jan 2019;;;;;-24.1296;15.8947;31201
21 Jan 2019;;;;;-24.1296;15.8947;31201
22 Jan 2019;;;;;-24.1296;15.8947;31201
23 Jan 2019;;;;;-24.1296;15.8947;31201
24 Jan 2019;;;;;-24.1296;15.8947;31201
25 Jan 2019;;;;;-24.1296;15.8947;31201
26 Jan 2019;;;;;-24.1296;15.8947;31201
27 Jan 2019;;;;;-24.1296;15.8947;31201
28 Jan 2019;;;;;-24.1296;15.8947;31201
29 Jan 2019;;;;;-24.1296;15.8947;31201
30 Jan 2019;;;;;-24.1296;15.8947;31201
31 Jan 2019;;;;;-24.1296;15.8947;31201
01 Feb 2019;;;;;-24.1296;15.8947;31201
02 Feb 2019;;;;;-24.1296;15.8947;31201
03 Feb 2019;;;;;-24.1296;15.8947;31201
04 Feb 2019;;;;;-24.1296;15.8947;31201
05 Feb 2019;;;;;-24.1296;15.8947;31201
06 Feb 2019;;;;;-24.1296;15.8947;31201
07 Feb 2019;;;;;-24.1296;15.8947;31201
08 Feb 2019;;;;;-24.1296;15.8947;31201
09 Feb 2019;;;;;-24.1296;15.8947;31201
10 Feb 2019;;;;;-24.1296;15.8947;31201
11 Feb 2019;;;;;-24.1296;15.8947;31201
12 Feb 2019;;;;;-24.1296;15.8947;31201
13 Feb 2019;;;;;-24.1296;15.8947;31201
14 Feb 2019;;;;;-24.1296;15.8947;31201
15 Feb 2019;;;;;-24.1296;15.8947;31201
16 Feb 2019;;;;;-24.1296;15.8947;31201
17 Feb 2019;;;;;-24.1296;15.8947;31201
18 Feb 2019;;;;;-24.1296;15.8947;31201
19 Feb 2019;;;;;-24.1296;15.8947;31201
20 Feb 2019;;;;;-24.1296;15.8947;31201
21 Feb 2019;;;;;-24.1296;15.8947;31201
22 Feb 2019;;;;;-24.1296;15.8947;31201
23 Feb 2019;;;;;-24.1296;15.8947;31201
24 Feb 2019;;;;;-24.1296;15.8947;31201
25 Feb 2019;;;;;-24.1296;15.8947;31201
26 Feb 2019;;;;;-24.1296;15.8947;31201
27 Feb 2019;;;;;-24.1296;15.8947;31201
28 Feb 2019;;;;;-24.1296;15.8947;31201
01 Mar 2019;;;;;-24.1296;15.8947;31201
02 Mar 2019;;;;;-24.1296;15.8947;31201
03 Mar 2019;;;;;-24.1296;15.8947;31201
04 Mar 2019;;;;;-24.1296;15.8947;31201
05 Mar 2019;;;;;-24.1296;15.8947;31201
06 Mar 2019;;;;;-24.1296;15.8947;31201
07 Mar 2019;;;;;-24.1296;15.8947;31201
08 Mar 2019;;;;;-24.1296;15.8947;31201
09 Mar 2019;;;;;-24.1296;15.8947;31201
10 Mar 2019;;;;;-24.1296;15.8947;31201
11 Mar 2019;;;;;-24.1296;15.8947;31201
12 Mar 2019;;;;;-24.1296;15.8947;31201
13 Mar 2019;;;;;-24.1296;15.8947;31201
14 Mar 2019;;;;;-24.1296;15.8947;31201
15 Mar 2019;;;;;-24.1296;15.8947;31201
16 Mar 2019;;;;;-24.1296;15.8947;31201
17 Mar 2019;;;;;-24.1296;15.8947;31201
18 Mar 2019;;;;;-24.1296;15.8947;31201
19 Mar 2019;;;;;-24.1296;15.8947;31201
20 Mar 2019;;;;;-24.1296;15.8947;31201
21 Mar 2019;;;;;-24.1296;15.8947;31201
22 Mar 2019;;;;;-24.1296;15.8947;31201
23 Mar 2019;;;;;-24.1296;15.8947;31201
24 Mar 2019;;;;;-24.1296;15.8947;31201
25 Mar 2019;;;;;-24.1296;15.8947;31201
26 Mar 2019;;;;;-24.1296;15.8947;31201
27 Mar 2019;;;;;-24.1296;15.8947;31201
28 Mar 2019;;;;;-24.1296;15.8947;31201
29 Mar 2019;;;;;-24.1296;15.8947;31201
30 Mar 2019;;;;;-24.1296;15.8947;31201
31 Mar 2019;;;;;-24.1296;15.8947;31201
01 Apr 2019;;;;;-24.1296;15.8947;31201
02 Apr 2019;;;;;-24.1296;15.8947;31201
03 Apr 2019;;;;;-24.1296;15.8947;31201
04 Apr 2019;;;;;-24.1296;15.8947;31201
05 Apr 2019;;;;;-24.1296;15.8947;31201
06 Apr 2019;;;;;-24.1296;15.8947;31201
07 Apr 2019;;;;;-24.1296;15.8947;31201
08 Apr 2019;;;;;-24.1296;15.8947;31201
09 Apr 2019;;;;;-24.1296;15.8947;31201
10 Apr 2019;;;;;-24.1296;15.8947;31201
11 Apr 2019;;;;;-24.1296;15.8947;31201
12 Apr 2019;;;;;-24.1296;15.8947;31201
13 Apr 2019;;;;;-24.1296;15.8947;31201
14 Apr 2019;;;;;-24.1296;15.8947;31201
15 Apr 2019;;;;;-24.1296;15.8947;31201
16 Apr 2019;;;;;-24.1296;15.8947;31201
17 Apr 2019;;;;;-24.1296;15.8947;31201
18 Apr 2019;;;;;-24.1296;15.8947;31201
19 Apr 2019;;;;;-24.1296;15.8947;31201
20 Apr 2019;;;;;-24.1296;15.8947;31201
21 Apr 2019;;;;;-24.1296;15.8947;31201
22 Apr 2019;;;;;-24.1296;15.8947;31201
23 Apr 2019;;;;;-24.1296;15.8947;31201
24 Apr 2019;;;;;-24.1296;15.8947;31201
25 Apr 2019;;;;;-24.1296;15.8947;31201
26 Apr 2019;;;;;-24.1296;15.8947;31201
27 Apr 2019;;;;;-24.1296;15.8947;31201
28 Apr 2019;;;;;-24.1296;15.8947;31201
29 Apr 2019;;;;;-24.1296;15.8947;31201
30 Apr 2019;;;;;-24.1296;15.8947;31201
01 May 2019;;;;;-24.1296;15.8947;31201
02 May 2019;;;;;-24.1296;15.8947;31201
03 May 2019;;;;;-24.1296;15.8947;31201
04 May 2019;;;;;-24.1296;15.8947;31201
05 May 2019;;;;;-24.1296;15.8947;31201
06 May 2019;;;;;-24.1296;15.8947;31201
07 May 2019;;;;;-24.1296;15.8947;31201
08 May 2019;;;;;-24.1296;15.8947;31201
09 May 2019;;;;;-24.1296;15.8947;31201
10 May 2019;;;;;-24.1296;15.8947;31201
11 May 2019;;;;;-24.1296;15.8947;31201
12 May 2019;;;;;-24.1296;15.8947;31201
13 May 2019;;;;;-24.1296;15.8947;31201
14 May 2019;;;;;-24.1296;15.8947;31201
15 May 2019;;;;;-24.1296;15.8947;31201
16 May 2019;;;;;-24.1296;15.8947;31201
17 May 2019;;;;;-24.1296;15.8947;31201
18 May 2019;;;;;-24.1296;15.8947;31201
19 May 2019;;;;;-24.1296;15.8947;31201
20 May 2019;;;;;-24.1296;15.8947;31201
21 May 2019;;;;;-24.1296;15.8947;31201
22 May 2019;;;;;-24.1296;15.8947;31201
23 May 2019;;;;;-24.1296;15.8947;31201
24 May 2019;;;;;-24.1296;15.8947;31201
25 May 2019;;;;;-24.1296;15.8947;31201
26 May 2019;;;;;-24.1296;15.8947;31201
27 May 2019;;;;;-24.1296;15.8947;31201
28 May 2019;;;;;-24.1296;15.8947;31201
29 May 2019;;;;;-24.1296;15.8947;31201
30 May 2019;;;;;-24.1296;15.8947;31201
31 May 2019;;;;;-24.1296;15.8947;31201
01 Jun 2019;;;;;-24.1296;15.8947;31201
02 Jun 2019;;;;;-24.1296;15.8947;31201
03 Jun 2019;;;;;-24.1296;15.8947;31201
04 Jun 2019;;;;;-24.1296;15.8947;31201
05 Jun 2019;;;;;-24.1296;15.8947;31201
06 Jun 2019;;;;;-24.1296;15.8947;31201
07 Jun 2019;;;;;-24.1296;15.8947;31201
08 Jun 2019;;;;;-24.1296;15.8947;31201
09 Jun 2019;;;;;-24.1296;15.8947;31201
10 Jun 2019;;;;;-24.1296;15.8947;31201
11 Jun 2019;;;;;-24.1296;15.8947;31201
12 Jun 2019;;;;;-24.1296;15.8947;31201
13 Jun 2019;;;;;-24.1296;15.8947;31201
14 Jun 2019;;;;;-24.1296;15.8947;31201
15 Jun 2019;;;;;-24.1296;15.8947;31201
16 Jun 2019;;;;;-24.1296;15.8947;31201
17 Jun 2019;;;;;-24.1296;15.8947;31201
18 Jun 2019;;;;;-24.1296;15.8947;31201
19 Jun 2019;;;;;-24.1296;15.8947;31201
20 Jun 2019;;;;;-24.1296;15.8947;31201
21 Jun 2019;;;;;-24.1296;15.8947;31201
22 Jun 2019;;;;;-24.1296;15.8947;31201
23 Jun 2019;;;;;-24.1296;15.8947;31201
24 Jun 2019;;;;;-24.1296;15.8947;31201
25 Jun 2019;;;;;-24.1296;15.8947;31201
26 Jun 2019;;;;;-24.1296;15.8947;31201
27 Jun 2019;;;;;-24.1296;15.8947;31201
28 Jun 2019;;;;;-24.1296;15.8947;31201
29 Jun 2019;;;;;-24.1296;15.8947;31201
30 Jun 2019;;;;;-24.1296;15.8947;31201
01 Jul 2019;;;;;-24.1296;15.8947;31201
02 Jul 2019;;;;;-24.1296;15.8947;31201
03 Jul 2019;;;;;-24.1296;15.8947;31201
04 Jul 2019;;;;;-24.1296;15.8947;31201
05 Jul 2019;;;;;-24.1296;15.8947;31201
06 Jul 2019;;;;;-24.1296;15.8947;31201
07 Jul 2019;;;;;-24.1296;15.8947;31201
08 Jul 2019;;;;;-24.1296;15.8947;31201
09 Jul 2019;;;;;-24.1296;15.8947;31201
10 Jul 2019;;;;;-24.1296;15.8947;31201
11 Jul 2019;;;;;-24.1296;15.8947;31201
12 Jul 2019;;;;;-24.1296;15.8947;31201
13 Jul 2019;;;;;-24.1296;15.8947;31201
14 Jul 2019;;;;;-24.1296;15.8947;31201
15 Jul 2019;;;;;-24.1296;15.8947;31201
16 Jul 2019;;;;;-24.1296;15.8947;31201
17 Jul 2019;;;;;-24.1296;15.8947;31201
18 Jul 2019;;;;;-24.1296;15.8947;31201
19 Jul 2019;;;;;-24.1296;15.8947;31201
20 Jul 2019;;;;;-24.1296;15.8947;31201
21 Jul 2019;;;;;-24.1296;15.8947;31201
22 Jul 2019;;;;;-24.1296;15.8947;31201
23 Jul 2019;;;;;-24.1296;15.8947;31201
24 Jul 2019;;;;;-24.1296;15.8947;31201
25 Jul 2019;;;;;-24.1296;15.8947;31201
26 Jul 2019;;;;;-24.1296;15.8947;31201
27 Jul 2019;;;;;-24.1296;15.8947;31201
28 Jul 2019;;;;;-24.1296;15.8947;31201
29 Jul 2019;;;;;-24.1296;15.8947;31201
30 Jul 2019;;;;;-24.1296;15.8947;31201
31 Jul 2019;;;;;-24.1296;15.8947;31201
01 Aug 2019;;;;;-24.1296;15.8947;31201
02 Aug 2019;;;;;-24.1296;15.8947;31201
03 Aug 2019;;;;;-24.1296;15.8947;31201
04 Aug 2019;;;;;-24.1296;15.8947;31201
05 Aug 2019;;;;;-24.1296;15.8947;31201
06 Aug 2019;;;;;-24.1296;15.8947;31201
07 Aug 2019;;;;;-24.1296;15.8947;31201
08 Aug 2019;;;;;-24.1296;15.8947;31201
09 Aug 2019;;;;;-24.1296;15.8947;31201
10 Aug 2019;;;;;-24.1296;15.8947;31201
11 Aug 2019;;;;;-24.1296;15.8947;31201
12 Aug 2019;;;;;-24.1296;15.8947;31201
13 Aug 2019;;;;;-24.1296;15.8947;31201
14 Aug 2019;;;;;-24.1296;15.8947;31201
15 Aug 2019;;;;;-24.1296;15.8947;31201
16 Aug 2019;;;;;-24.1296;15.8947;31201
17 Aug 2019;;;;;-24.1296;15.8947;31201
18 Aug 2019;;;;;-24.1296;15.8947;31201
19 Aug 2019;;;;;-24.1296;15.8947;31201
20 Aug 2019;;;;;-24.1296;15.8947;31201
21 Aug 2019;;;;;-24.1296;15.8947;31201
22 Aug 2019;;;;;-24.1296;15.8947;31201
23 Aug 2019;;;;;-24.1296;15.8947;31201
24 Aug 2019;;;;;-24.1296;15.8947;31201
25 Aug 2019;;;;;-24.1296;15.8947;31201
26 Aug 2019;;;;;-24.1296;15.8947;31201
27 Aug 2019;;;;;-24.1296;15.8947;31201
28 Aug 2019;;;;;-24.1296;15.8947;31201
29 Aug 2019;;;;;-24.1296;15.8947;31201
30 Aug 2019;;;;;-24.1296;15.8947;31201
31 Aug 2019;;;;;-24.1296;15.8947;31201
01 Sep 2019;;;0.0;0.0;-24.1296;15.8947;31201
02 Sep 2019;;;0.0;0.0;-24.1296;15.8947;31201
03 Sep 2019;;;0.0;0.0;-24.1296;15.8947;31201
04 Sep 2019;;;0.0;0.0;-24.1296;15.8947;31201
05 Sep 2019;;;0.0;0.0;-24.1296;15.8947;31201
06 Sep 2019;;;0.0;0.0;-24.1296;15.8947;31201
07 Sep 2019;;;0.0;0.0;-24.1296;15.8947;31201
08 Sep 2019;;;0.0;0.0;-24.1296;15.8947;31201
09 Sep 2019;;;0.0;0.0;-24.1296;15.8947;31201
10 Sep 2019;;;0.0;0.0;-24.1296;15.8947;31201
11 Sep 2019;;;0.0;0.0;-24.1296;15.8947;31201
12 Sep 2019;;;0.0;0.0;-24.1296;15.8947;31201
13 Sep 2019;;;0.0;0.0;-24.1296;15.8947;31201
14 Sep 2019;1.2;254.4163794117;4.2;347.9;-24.1296;15.8947;31201
15 Sep 2019;1.1;239.64903896057;5.1;286.2;-24.1296;15.8947;31201
16 Sep 2019;1.6;226.06599383473;4.8;230.4;-24.1296;15.8947;31201
17 Sep 2019;0.7;209.94082652242;6.7;242.1;-24.1296;15.8947;31201
18 Sep 2019;1.3;293.10164062084;6.7;261.7;-24.1296;15.8947;31201
19 Sep 2019;2.4;278.97096598178;6.2;274.9;-24.1296;15.8947;31201
20 Sep 2019;1.4;276.68474136481;6.8;267.4;-24.1296;15.8947;31201
21 Sep 2019;1.9;234.58948045901;7.1;180.9;-24.1296;15.8947;31201
22 Sep 2019;2.9;103.506348821;7.1;106.0;-24.1296;15.8947;31201
23 Sep 2019;4.8;101.78077399257;7.3;99.6;-24.1296;15.8947;31201
24 Sep 2019;3.7;100.2996517329;6.4;89.8;-24.1296;15.8947;31201
25 Sep 2019;4.4;71.168122362619;7.0;61.43;-24.1296;15.8947;31201
26 Sep 2019;5.8;54.186790679553;8.8;46.81;-24.1296;15.8947;31201
27 Sep 2019;1.3;134.63400312335;5.6;207.5;-24.1296;15.8947;31201
28 Sep 2019;2.8;293.02294252323;7.5;273.8;-24.1296;15.8947;31201
29 Sep 2019;2.5;256.47716448937;5.9;188.2;-24.1296;15.8947;31201
30 Sep 2019;3.5;112.21747385347;8.1;111.3;-24.1296;15.8947;31201
01 Oct 2019;1.2;109.74161570853;4.9;193.6;-24.1296;15.8947;31201
02 Oct 2019;1.4;284.09391705577;6.4;267.1;-24.1296;15.8947;31201
03 Oct 2019;1.7;238.50299465277;5.0;214.8;-24.1296;15.8947;31201
04 Oct 2019;0.7;231.09602008232;5.3;211.2;-24.1296;15.8947;31201
05 Oct 2019;2.1;246.00631342538;6.4;295.7;-24.1296;15.8947;31201
06 Oct 2019;2.0;259.93605447009;4.9;277.2;-24.1296;15.8947;31201
07 Oct 2019;3.3;179.91215328682;7.8;179.7;-24.1296;15.8947;31201
08 Oct 2019;2.2;174.67239443251;6.4;197.5;-24.1296;15.8947;31201
09 Oct 2019;1.3;197.61310155381;7.8;107.3;-24.1296;15.8947;31201
10 Oct 2019;5.0;83.3101266466;8.8;103.1;-24.1296;15.8947;31201
11 Oct 2019;1.0;249.83489818966;6.4;255.0;-24.1296;15.8947;31201
12 Oct 2019;2.8;214.73226952177;8.1;222.6;-24.1296;15.8947;31201
13 Oct 2019;1.9;218.73351077062;8.5;228.3;-24.1296;15.8947;31201
14 Oct 2019;2.6;190.90414341187;7.7;177.7;-24.1296;15.8947;31201
15 Oct 2019;1.8;38.23645070267;11.8;27.39;-24.1296;15.8947;31201
16 Oct 2019;4.0;59.95075568873;13.1;36.56;-24.1296;15.8947;31201
17 Oct 2019;3.9;74.154163246299;10.3;301.6;-24.1296;15.8947;31201
18 Oct 2019;0.3;114.9481538631;7.6;336.3;-24.1296;15.8947;31201
19 Oct 2019;2.5;207.34283510057;7.3;183.7;-24.1296;15.8947;31201
20 Oct 2019;5.2;177.29131342406;11.0;183.4;-24.1296;15.8947;31201
21 Oct 2019;3.4;203.61969197391;7.1;222.8;-24.1296;15.8947;31201
22 Oct 2019;2.2;260.89618269688;6.8;236.3;-24.1296;15.8947;31201
23 Oct 2019;1.4;242.85372199023;5.3;220.4;-24.1296;15.8947;31201
24 Oct 2019;1.7;262.4531377813;5.3;270.4;-24.1296;15.8947;31201
25 Oct 2019;2.0;227.02226448857;5.8;230.0;-24.1296;15.8947;31201
26 Oct 2019;1.8;256.87574441473;5.5;285.6;-24.1296;15.8947;31201
27 Oct 2019;2.2;271.56457990552;5.5;222.7;-24.1296;15.8947;31201
28 Oct 2019;3.9;181.3811600806;9.0;187.7;-24.1296;15.8947;31201
29 Oct 2019;1.6;119.63338438133;7.8;196.1;-24.1296;15.8947;31201
30 Oct 2019;1.4;182.6956768531;6.1;193.5;-24.1296;15.8947;31201
31 Oct 2019;1.7;220.67563179629;5.8;233.5;-24.1296;15.8947;31201
01 Nov 2019;2.9;177.85733665028;12.0;173.9;-24.1296;15.8947;31201
02 Nov 2019;3.3;191.70033167016;7.9;198.3;-24.1296;15.8947;31201
03 Nov 2019;5.0;181.76144575261;8.5;190.5;-24.1296;15.8947;31201
04 Nov 2019;2.6;204.1353280228;8.2;194.7;-24.1296;15.8947;31201
05 Nov 2019;4.1;183.73415821016;10.3;188.1;-24.1296;15.8947;31201
06 Nov 2019;6.7;180.51380550206;11.2;181.9;-24.1296;15.8947;31201
07 Nov 2019;2.1;242.23722258763;6.5;234.0;-24.1296;15.8947;31201
08 Nov 2019;2.1;224.76254358156;7.5;173.8;-24.1296;15.8947;31201
09 Nov 2019;4.7;183.36847729618;8.5;188.4;-24.1296;15.8947;31201
10 Nov 2019;2.2;249.53466411637;5.6;286.0;-24.1296;15.8947;31201
11 Nov 2019;2.2;232.4701709492;5.9;206.4;-24.1296;15.8947;31201
12 Nov 2019;2.0;225.85794995696;7.0;189.5;-24.1296;15.8947;31201
13 Nov 2019;2.0;232.575130965;5.9;220.1;-24.1296;15.8947;31201
14 Nov 2019;1.6;262.35203072519;7.3;257.1;-24.1296;15.8947;31201
15 Nov 2019;2.7;275.64996755767;8.2;281.2;-24.1296;15.8947;31201
16 Nov 2019;2.5;272.78345923302;6.0;276.0;-24.1296;15.8947;31201
17 Nov 2019;2.6;281.0305723897;6.0;278.6;-24.1296;15.8947;31201
18 Nov 2019;3.0;285.6505996252;6.3;273.0;-24.1296;15.8947;31201
19 Nov 2019;2.8;284.67001113399;6.2;280.6;-24.1296;15.8947;31201
20 Nov 2019;2.4;282.171307162;5.2;259.0;-24.1296;15.8947;31201
21 Nov 2019;2.3;264.59398260155;5.7;264.5;-24.1296;15.8947;31201
22 Nov 2019;1.9;258.46447003427;5.4;277.0;-24.1296;15.8947;31201
23 Nov 2019;2.1;227.55299329739;6.0;213.3;-24.1296;15.8947;31201
24 Nov 2019;2.5;212.03831268652;7.4;177.9;-24.1296;15.8947;31201
25 Nov 2019;0.9;100.64677526308;10.2;40.71;-24.1296;15.8947;31201
26 Nov 2019;2.9;294.6924810328;9.1;270.8;-24.1296;15.8947;31201
27 Nov 2019;2.7;260.72369189348;9.1;261.9;-24.1296;15.8947;31201
28 Nov 2019;2.1;265.65270105402;7.2;199.4;-24.1296;15.8947;31201
29 Nov 2019;2.5;215.89467049082;8.8;205.7;-24.1296;15.8947;31201
30 Nov 2019;4.6;186.08604356482;10.9;191.1;-24.1296;15.8947;31201
01 Dec 2019;2.6;217.84358975853;8.3;222.8;-24.1296;15.8947;31201
02 Dec 2019;2.5;280.49470095192;5.9;223.8;-24.1296;15.8947;31201
03 Dec 2019;1.7;261.486694434;6.0;239.9;-24.1296;15.8947;31201
04 Dec 2019;2.5;49.025058106796;8.6;66.35;-24.1296;15.8947;31201
05 Dec 2019;2.2;257.7752811659;5.8;271.9;-24.1296;15.8947;31201
06 Dec 2019;2.4;213.88614915309;9.3;181.5;-24.1296;15.8947;31201
07 Dec 2019;1.6;243.14998317254;7.3;62.08;-24.1296;15.8947;31201
08 Dec 2019;2.7;258.20555945855;6.3;219.9;-24.1296;15.8947;31201
09 Dec 2019;3.1;269.75575269362;6.7;218.0;-24.1296;15.8947;31201
10 Dec 2019;2.6;268.86937781097;6.1;276.9;-24.1296;15.8947;31201
11 Dec 2019;2.8;267.87904325385;6.3;232.0;-24.1296;15.8947;31201
12 Dec 2019;2.2;238.79702947015;5.9;217.3;-24.1296;15.8947;31201
13 Dec 2019;2.8;212.002552374;6.7;208.0;-24.1296;15.8947;31201
14 Dec 2019;4.9;182.37887944215;10.0;180.6;-24.1296;15.8947;31201
15 Dec 2019;1.1;181.25921440186;7.7;221.4;-24.1296;15.8947;31201
16 Dec 2019;2.5;307.5005041446;7.7;273.5;-24.1296;15.8947;31201
17 Dec 2019;3.6;283.43244727505;6.3;285.0;-24.1296;15.8947;31201
18 Dec 2019;2.1;252.13725972641;5.6;193.1;-24.1296;15.8947;31201
19 Dec 2019;2.0;240.2994531484;7.5;211.8;-24.1296;15.8947;31201
20 Dec 2019;2.6;268.37947854831;6.9;232.9;-24.1296;15.8947;31201
21 Dec 2019;1.9;201.18981528226;8.4;181.4;-24.1296;15.8947;31201
22 Dec 2019;2.4;149.07708844212;10.8;212.1;-24.1296;15.8947;31201
23 Dec 2019;2.7;274.44128566195;7.4;262.3;-24.1296;15.8947;31201
24 Dec 2019;2.8;269.69012473476;6.1;279.4;-24.1296;15.8947;31201
25 Dec 2019;2.6;217.88209654047;7.9;187.7;-24.1296;15.8947;31201
26 Dec 2019;1.9;204.2327275338;8.2;189.9;-24.1296;15.8947;31201
27 Dec 2019;3.5;176.27456980544;11.0;184.5;-24.1296;15.8947;31201
28 Dec 2019;2.8;260.13530287977;7.5;284.0;-24.1296;15.8947;31201
29 Dec 2019;2.8;228.9212290568;7.9;203.5;-24.1296;15.8947;31201
30 Dec 2019;2.6;241.69437240084;6.5;192.1;-24.1296;15.8947;31201
31 Dec 2019;2.8;227.90186352113;7.0;226.0;-24.1296;15.8947;31201
01 Jan 2020;2.3;242.711257236;8.2;212.8;-24.1296;15.8947;31201
02 Jan 2020;2.5;245.05446839519;8.9;227.0;-24.1296;15.8947;31201
03 Jan 2020;3.1;286.54705150399;8.3;272.6;-24.1296;15.8947;31201
04 Jan 2020;3.1;280.91444180701;7.6;244.9;-24.1296;15.8947;31201
05 Jan 2020;3.3;282.27983512507;6.8;269.9;-24.1296;15.8947;31201
06 Jan 2020;2.8;261.38549993289;8.3;282.3;-24.1296;15.8947;31201
07 Jan 2020;2.9;271.45448251684;6.1;264.2;-24.1296;15.8947;31201
08 Jan 2020;3.3;279.06756613162;6.6;272.1;-24.1296;15.8947;31201
09 Jan 2020;2.1;257.03451238845;5.6;192.3;-24.1296;15.8947;31201
10 Jan 2020;2.1;262.0856194238;7.0;231.7;-24.1296;15.8947;31201
11 Jan 2020;2.7;260.48835150392;7.1;204.9;-24.1296;15.8947;31201
12 Jan 2020;2.9;262.62776902017;7.3;202.8;-24.1296;15.8947;31201
13 Jan 2020;1.6;224.96500636022;9.1;176.4;-24.1296;15.8947;31201
14 Jan 2020;2.3;222.57132835211;9.6;198.0;-24.1296;15.8947;31201
15 Jan 2020;2.1;268.63215046047;6.8;237.6;-24.1296;15.8947;31201
16 Jan 2020;2.4;268.30531156276;7.7;193.1;-24.1296;15.8947;31201
17 Jan 2020;1.3;293.37629839358;8.5;290.4;-24.1296;15.8947;31201
18 Jan 2020;3.2;276.92009847002;6.1;260.2;-24.1296;15.8947;31201
19 Jan 2020;3.5;292.66495994862;5.5;284.1;-24.1296;15.8947;31201
20 Jan 2020;2.4;284.98467313436;5.0;301.3;-24.1296;15.8947;31201
21 Jan 2020;2.0;228.36069093705;7.1;201.4;-24.1296;15.8947;31201
22 Jan 2020;2.6;263.63197272023;5.7;241.3;-24.1296;15.8947;31201
23 Jan 2020;3.2;283.80428554325;5.8;274.9;-24.1296;15.8947;31201
24 Jan 2020;2.3;281.67591734405;5.3;276.5;-24.1296;15.8947;31201
25 Jan 2020;2.2;274.4654331801;5.5;267.5;-24.1296;15.8947;31201
26 Jan 2020;1.0;257.72160928443;3.4;291.3;-24.1296;15.8947;31201
27 Jan 2020;0.7;184.4106720281;7.7;217.5;-24.1296;15.8947;31201
28 Jan 2020;2.1;241.79171084389;7.6;233.2;-24.1296;15.8947;31201
29 Jan 2020;2.5;198.24930786512;9.3;229.3;-24.1296;15.8947;31201
30 Jan 2020;2.9;234.12962734653;7.8;274.0;-24.1296;15.8947;31201
31 Jan 2020;2.5;220.4660120944;7.9;189.9;-24.1296;15.8947;31201
01 Feb 2020;2.2;247.37638090656;5.9;213.1;-24.1296;15.8947;31201
02 Feb 2020;2.5;255.78375915104;6.9;177.0;-24.1296;15.8947;31201
03 Feb 2020;1.5;265.15294693218;8.7;133.8;-24.1296;15.8947;31201
04 Feb 2020;1.0;341.70158692327;8.2;184.1;-24.1296;15.8947;31201
05 Feb 2020;2.8;273.84173164806;6.4;309.9;-24.1296;15.8947;31201
06 Feb 2020;2.6;271.62702388438;6.7;240.2;-24.1296;15.8947;31201
07 Feb 2020;2.6;266.91212162354;5.4;221.8;-24.1296;15.8947;31201
08 Feb 2020;2.9;281.44766448334;5.3;288.9;-24.1296;15.8947;31201
09 Feb 2020;2.3;221.55494274875;7.1;206.1;-24.1296;15.8947;31201
10 Feb 2020;3.0;267.07788136988;6.9;250.9;-24.1296;15.8947;31201
11 Feb 2020;3.5;294.98200204652;7.2;299.5;-24.1296;15.8947;31201
12 Feb 2020;2.7;240.62226753424;7.4;183.2;-24.1296;15.8947;31201
13 Feb 2020;2.6;204.87021970843;9.2;224.6;-24.1296;15.8947;31201
14 Feb 2020;2.1;243.94377132935;8.0;228.1;-24.1296;15.8947;31201
15 Feb 2020;2.4;235.01643842151;6.7;208.8;-24.1296;15.8947;31201
16 Feb 2020;3.1;207.3645716101;7.6;188.3;-24.1296;15.8947;31201
17 Feb 2020;3.1;209.7468365388;8.3;210.4;-24.1296;15.8947;31201
18 Feb 2020;2.7;273.16799808096;6.1;266.6;-24.1296;15.8947;31201
19 Feb 2020;2.4;277.86287000504;6.4;222.0;-24.1296;15.8947;31201
20 Feb 2020;2.9;271.97350600438;6.9;253.1;-24.1296;15.8947;31201
21 Feb 2020;2.5;275.78107405089;6.2;276.4;-24.1296;15.8947;31201
22 Feb 2020;2.4;240.90285006783;7.1;229.3;-24.1296;15.8947;31201
23 Feb 2020;0.7;66.537400093131;10.0;207.5;-24.1296;15.8947;31201
24 Feb 2020;0.4;230.23569675077;6.6;250.0;-24.1296;15.8947;31201
25 Feb 2020;1.2;240.94142076516;8.2;213.8;-24.1296;15.8947;31201
26 Feb 2020;2.5;247.0332552236;7.0;192.3;-24.1296;15.8947;31201
27 Feb 2020;3.7;168.94170081456;12.5;187.6;-24.1296;15.8947;31201
28 Feb 2020;0.4;314.10024307873;7.2;288.0;-24.1296;15.8947;31201
29 Feb 2020;0.9;230.9160591418;8.4;305.2;-24.1296;15.8947;31201
01 Mar 2020;2.7;269.46617013264;7.6;265.5;-24.1296;15.8947;31201
02 Mar 2020;1.5;231.47001446905;7.8;194.8;-24.1296;15.8947;31201
03 Mar 2020;1.4;34.19079290621;6.4;26.24;-24.1296;15.8947;31201
04 Mar 2020;0.6;287.95256585013;8.1;221.6;-24.1296;15.8947;31201
05 Mar 2020;0.7;75.429915741383;6.6;210.0;-24.1296;15.8947;31201
06 Mar 2020;0.7;113.7392318198;7.6;210.4;-24.1296;15.8947;31201
07 Mar 2020;1.1;163.95811514143;8.1;216.5;-24.1296;15.8947;31201
08 Mar 2020;2.2;201.54170009945;9.3;209.2;-24.1296;15.8947;31201
09 Mar 2020;2.3;213.85774749311;9.5;224.9;-24.1296;15.8947;31201
10 Mar 2020;2.3;246.2789213223;7.4;222.7;-24.1296;15.8947;31201
11 Mar 2020;3.6;205.24947698576;6.3;197.5;-24.1296;15.8947;31201
12 Mar 2020;2.2;224.22263912523;5.6;221.6;-24.1296;15.8947;31201
13 Mar 2020;1.9;228.48377532671;5.5;229.7;-24.1296;15.8947;31201
14 Mar 2020;1.6;253.46174632362;5.3;223.8;-24.1296;15.8947;31201
15 Mar 2020;2.0;239.69492105137;5.5;216.7;-24.1296;15.8947;31201
16 Mar 2020;2.3;262.84976919085;7.9;232.0;-24.1296;15.8947;31201
17 Mar 2020;1.7;258.41982234134;7.4;213.7;-24.1296;15.8947;31201
18 Mar 2020;1.6;234.20041382048;7.0;212.0;-24.1296;15.8947;31201
19 Mar 2020;1.4;265.06768865556;6.2;283.2;-24.1296;15.8947;31201
20 Mar 2020;2.4;196.55790208641;9.9;205.8;-24.1296;15.8947;31201
21 Mar 2020;1.6;180.51900974956;6.3;222.2;-24.1296;15.8947;31201
22 Mar 2020;1.6;222.50481613903;6.8;182.2;-24.1296;15.8947;31201
23 Mar 2020;2.8;175.65651995801;7.9;187.3;-24.1296;15.8947;31201
24 Mar 2020;2.0;206.66414523734;7.9;217.1;-24.1296;15.8947;31201
25 Mar 2020;2.7;203.27644242847;9.8;203.8;-24.1296;15.8947;31201
26 Mar 2020;1.9;276.85211790175;5.4;258.7;-24.1296;15.8947;31201
27 Mar 2020;2.1;284.91587725168;5.6;276.6;-24.1296;15.8947;31201
28 Mar 2020;1.9;228.04512620178;6.3;212.3;-24.1296;15.8947;31201
29 Mar 2020;2.4;271.93807641324;6.5;250.7;-24.1296;15.8947;31201
30 Mar 2020;2.2;280.4620577254;7.4;248.0;-24.1296;15.8947;31201
31 Mar 2020;2.4;286.74001807395;4.2;306.7;-24.1296;15.8947;31201
01 Apr 2020;1.0;241.82526876942;5.5;264.7;-24.1296;15.8947;31201
02 Apr 2020;0.8;183.49587202371;12.7;178.0;-24.1296;15.8947;31201
03 Apr 2020;2.3;205.95809126841;8.3;213.6;-24.1296;15.8947;31201
04 Apr 2020;1.9;257.48213923801;7.2;232.5;-24.1296;15.8947;31201
05 Apr 2020;2.4;285.20454022503;5.9;261.1;-24.1296;15.8947;31201
06 Apr 2020;1.6;255.63605904351;6.1;192.0;-24.1296;15.8947;31201
07 Apr 2020;1.4;262.23949555186;4.9;245.0;-24.1296;15.8947;31201
08 Apr 2020;1.5;268.79663642157;4.8;292.7;-24.1296;15.8947;31201
09 Apr 2020;1.7;211.38755238907;6.3;191.9;-24.1296;15.8947;31201
10 Apr 2020;1.4;240.59675689874;5.7;200.3;-24.1296;15.8947;31201
11 Apr 2020;1.7;239.96089901971;7.7;200.7;-24.1296;15.8947;31201
12 Apr 2020;2.1;217.10173481976;7.4;209.3;-24.1296;15.8947;31201
13 Apr 2020;2.3;233.62465826022;7.5;202.5;-24.1296;15.8947;31201
14 Apr 2020;0.8;257.34105144184;4.0;201.1;-24.1296;15.8947;31201
15 Apr 2020;1.1;206.97395249154;6.9;218.3;-24.1296;15.8947;31201
16 Apr 2020;1.3;235.37071247936;5.8;253.3;-24.1296;15.8947;31201
17 Apr 2020;2.2;278.30179163042;5.7;300.4;-24.1296;15.8947;31201
18 Apr 2020;1.3;285.63916291615;7.1;319.8;-24.1296;15.8947;31201
19 Apr 2020;1.7;284.07295425082;7.0;242.5;-24.1296;15.8947;31201
20 Apr 2020;0.9;228.37612291591;5.8;62.65;-24.1296;15.8947;31201
21 Apr 2020;1.4;71.464550200199;8.4;341.8;-24.1296;15.8947;31201
22 Apr 2020;0.9;111.79930358573;7.3;181.9;-24.1296;15.8947;31201
23 Apr 2020;2.7;214.43628320477;12.0;185.9;-24.1296;15.8947;31201
24 Apr 2020;2.0;223.61859261674;8.1;180.2;-24.1296;15.8947;31201
25 Apr 2020;1.3;245.64548884806;5.3;294.4;-24.1296;15.8947;31201
26 Apr 2020;1.3;271.41523918721;5.4;276.6;-24.1296;15.8947;31201
27 Apr 2020;1.6;282.59624551469;5.6;298.0;-24.1296;15.8947;31201
28 Apr 2020;0.4;28.856238595997;5.2;265.2;-24.1296;15.8947;31201
29 Apr 2020;1.1;276.99233250098;4.8;270.8;-24.1296;15.8947;31201
30 Apr 2020;1.1;241.59994220446;5.2;243.9;-24.1296;15.8947;31201
01 May 2020;0.6;307.5967731848;6.3;27.59;-24.1296;15.8947;31201
02 May 2020;2.1;229.62868812785;5.4;226.6;-24.1296;15.8947;31201
03 May 2020;1.6;241.31332867402;5.1;283.9;-24.1296;15.8947;31201
04 May 2020;1.3;193.343024182;5.0;220.4;-24.1296;15.8947;31201
05 May 2020;2.0;96.942989677391;6.7;23.16;-24.1296;15.8947;31201
06 May 2020;2.5;68.810370239399;8.6;40.16;-24.1296;15.8947;31201
07 May 2020;1.5;132.9642798591;5.6;180.4;-24.1296;15.8947;31201
08 May 2020;2.4;189.04629409928;7.2;176.0;-24.1296;15.8947;31201
09 May 2020;0.6;46.322738570642;4.5;4.34;-24.1296;15.8947;31201
10 May 2020;2.6;21.040541585;9.3;27.12;-24.1296;15.8947;31201
11 May 2020;1.6;0.88438160922703;7.0;327.8;-24.1296;15.8947;31201
12 May 2020;2.0;218.3002084752;6.7;229.8;-24.1296;15.8947;31201
13 May 2020;0.5;237.97332332071;3.3;260.3;-24.1296;15.8947;31201
14 May 2020;0.4;284.47785414276;8.2;27.88;-24.1296;15.8947;31201
15 May 2020;1.5;223.34101820969;3.9;230.8;-24.1296;15.8947;31201
16 May 2020;1.0;165.96627192987;4.5;184.8;-24.1296;15.8947;31201
17 May 2020;0.7;226.3307235098;4.9;210.5;-24.1296;15.8947;31201
18 May 2020;1.2;64.198046668975;5.8;32.98;-24.1296;15.8947;31201
19 May 2020;2.8;25.859019974082;7.7;34.95;-24.1296;15.8947;31201
20 May 2020;2.8;3.5708537661706;6.8;24.9;-24.1296;15.8947;31201
21 May 2020;1.2;239.86931691398;4.7;214.0;-24.1296;15.8947;31201
22 May 2020;1.0;223.45091822484;5.3;216.8;-24.1296;15.8947;31201
23 May 2020;1.0;242.50074183399;5.5;228.6;-24.1296;15.8947;31201
24 May 2020;1.6;269.2301878157;5.9;341.0;-24.1296;15.8947;31201
25 May 2020;1.9;230.91451281438;4.9;214.3;-24.1296;15.8947;31201
26 May 2020;1.0;277.59373820967;3.3;257.6;-24.1296;15.8947;31201
27 May 2020;0.9;169.83527022584;3.9;182.6;-24.1296;15.8947;31201
28 May 2020;1.5;268.95718692618;4.6;312.0;-24.1296;15.8947;31201
29 May 2020;1.0;272.93877241036;4.3;340.8;-24.1296;15.8947;31201
30 May 2020;1.0;250.7604074965;3.7;329.6;-24.1296;15.8947;31201
31 May 2020;1.0;229.57067370445;5.7;334.6;-24.1296;15.8947;31201
01 Jun 2020;0.6;278.63956982108;4.2;342.9;-24.1296;15.8947;31201
02 Jun 2020;0.5;223.50684797438;5.6;359.5;-24.1296;15.8947;31201
03 Jun 2020;1.0;249.94386034566;5.2;211.3;-24.1296;15.8947;31201
04 Jun 2020;1.2;231.11046919056;5.8;302.3;-24.1296;15.8947;31201
05 Jun 2020;1.1;171.51317687166;4.6;178.2;-24.1296;15.8947;31201
06 Jun 2020;0.2;9.7090189030444;6.7;22.02;-24.1296;15.8947;31201
07 Jun 2020;0.3;355.0928813177;7.0;35.91;-24.1296;15.8947;31201
08 Jun 2020;2.8;330.52069198772;6.9;327.1;-24.1296;15.8947;31201
09 Jun 2020;3.4;309.98926596534;6.4;310.5;-24.1296;15.8947;31201
10 Jun 2020;2.4;253.0486564593;5.6;182.1;-24.1296;15.8947;31201
11 Jun 2020;4.7;167.06279978834;7.8;178.8;-24.1296;15.8947;31201
12 Jun 2020;4.5;98.224398428589;6.6;96.9;-24.1296;15.8947;31201
13 Jun 2020;2.2;102.64581029431;6.1;67.79;-24.1296;15.8947;31201
14 Jun 2020;1.1;231.56405985122;3.5;330.6;-24.1296;15.8947;31201
15 Jun 2020;1.0;152.14035058561;3.4;93.1;-24.1296;15.8947;31201
16 Jun 2020;3.4;92.164826099675;5.7;66.38;-24.1296;15.8947;31201
17 Jun 2020;2.4;76.644820636408;6.5;57.3;-24.1296;15.8947;31201
18 Jun 2020;1.8;40.89074440092;6.6;14.77;-24.1296;15.8947;31201
19 Jun 2020;1.0;24.65662001809;5.0;13.83;-24.1296;15.8947;31201
20 Jun 2020;1.6;266.13938230154;5.4;334.8;-24.1296;15.8947;31201
21 Jun 2020;0.9;211.97206966534;3.0;199.7;-24.1296;15.8947;31201
22 Jun 2020;0.7;232.46945650356;3.8;339.5;-24.1296;15.8947;31201
23 Jun 2020;0.5;324.53369144696;5.0;21.19;-24.1296;15.8947;31201
24 Jun 2020;2.3;349.74550793147;7.9;357.4;-24.1296;15.8947;31201
25 Jun 2020;1.5;271.48026113379;5.0;295.8;-24.1296;15.8947;31201
26 Jun 2020;1.2;236.18577933237;3.5;296.1;-24.1296;15.8947;31201
27 Jun 2020;2.3;185.65508875525;4.4;181.8;-24.1296;15.8947;31201
28 Jun 2020;1.6;218.87444437949;3.7;240.8;-24.1296;15.8947;31201
29 Jun 2020;0.8;224.01519378972;4.7;2.41;-24.1296;15.8947;31201
30 Jun 2020;1.2;102.83208468505;3.3;93.0;-24.1296;15.8947;31201
01 Jul 2020;1.0;41.49333974386;5.9;21.15;-24.1296;15.8947;31201
02 Jul 2020;0.6;187.81604239781;2.9;323.4;-24.1296;15.8947;31201
03 Jul 2020;2.3;89.445077236915;5.4;58.6;-24.1296;15.8947;31201
04 Jul 2020;1.9;143.81616588948;4.0;181.4;-24.1296;15.8947;31201
05 Jul 2020;1.5;88.740763710316;4.4;41.65;-24.1296;15.8947;31201
06 Jul 2020;1.3;293.86094450581;5.2;218.2;-24.1296;15.8947;31201
07 Jul 2020;1.0;224.59883239583;6.6;191.8;-24.1296;15.8947;31201
08 Jul 2020;3.0;324.37854882374;11.5;330.4;-24.1296;15.8947;31201
09 Jul 2020;3.1;307.59363537858;9.1;312.9;-24.1296;15.8947;31201
10 Jul 2020;4.6;292.72451143146;8.7;287.5;-24.1296;15.8947;31201
11 Jul 2020;2.3;162.8817671779;5.6;183.5;-24.1296;15.8947;31201
12 Jul 2020;2.0;299.26623177288;8.7;327.2;-24.1296;15.8947;31201
13 Jul 2020;2.5;186.60041287152;5.3;207.7;-24.1296;15.8947;31201
14 Jul 2020;3.4;114.82479978829;7.3;79.04;-24.1296;15.8947;31201
15 Jul 2020;4.6;108.20372216116;6.4;113.1;-24.1296;15.8947;31201
16 Jul 2020;4.0;105.69373935354;10.0;44.76;-24.1296;15.8947;31201
17 Jul 2020;2.7;96.019190639694;6.5;55.02;-24.1296;15.8947;31201
18 Jul 2020;1.1;146.50754726576;5.7;78.32;-24.1296;15.8947;31201
19 Jul 2020;0.5;21.986596352619;6.0;58.8;-24.1296;15.8947;31201
20 Jul 2020;1.4;9.9898973277521;5.3;22.65;-24.1296;15.8947;31201
21 Jul 2020;0.9;286.05650547348;6.0;339.8;-24.1296;15.8947;31201
22 Jul 2020;0.6;130.90022155644;6.4;28.51;-24.1296;15.8947;31201
23 Jul 2020;2.0;86.243434368325;6.4;41.67;-24.1296;15.8947;31201
24 Jul 2020;2.7;39.220803484006;8.2;34.99;-24.1296;15.8947;31201
25 Jul 2020;0.6;26.398348198539;6.7;10.85;-24.1296;15.8947;31201
26 Jul 2020;1.8;104.76564485084;3.9;57.91;-24.1296;15.8947;31201
27 Jul 2020;1.3;69.230212543776;7.0;32.19;-24.1296;15.8947;31201
28 Jul 2020;1.3;268.91531281583;6.5;343.6;-24.1296;15.8947;31201
29 Jul 2020;2.1;199.77139291411;5.4;204.5;-24.1296;15.8947;31201
30 Jul 2020;3.9;62.825158015599;9.4;41.13;-24.1296;15.8947;31201
31 Jul 2020;3.5;47.092165761732;9.1;21.98;-24.1296;15.8947;31201
01 Aug 2020;3.2;29.172387151748;8.3;43.51;-24.1296;15.8947;31201
02 Aug 2020;1.2;16.264040650088;6.1;21.9;-24.1296;15.8947;31201
03 Aug 2020;1.1;234.79201172758;5.7;208.3;-24.1296;15.8947;31201
04 Aug 2020;1.5;249.76613158049;4.4;266.2;-24.1296;15.8947;31201
05 Aug 2020;1.6;249.30096341203;5.3;263.4;-24.1296;15.8947;31201
06 Aug 2020;2.9;114.54517192792;8.2;93.8;-24.1296;15.8947;31201
07 Aug 2020;3.5;49.633021271173;8.2;87.3;-24.1296;15.8947;31201
08 Aug 2020;3.1;297.6995992053;6.3;280.8;-24.1296;15.8947;31201
09 Aug 2020;1.4;180.65429121278;3.9;180.0;-24.1296;15.8947;31201
10 Aug 2020;0.6;251.44295560533;4.7;274.6;-24.1296;15.8947;31201
11 Aug 2020;1.9;188.12386024343;4.1;176.9;-24.1296;15.8947;31201
12 Aug 2020;2.7;184.71057241167;5.0;183.1;-24.1296;15.8947;31201
13 Aug 2020;2.8;101.79783967437;6.2;97.8;-24.1296;15.8947;31201
14 Aug 2020;1.6;308.44397605798;8.1;308.0;-24.1296;15.8947;31201
15 Aug 2020;1.8;215.62919085826;5.9;189.8;-24.1296;15.8947;31201
16 Aug 2020;0.9;185.13749837686;3.4;150.2;-24.1296;15.8947;31201
17 Aug 2020;2.7;222.52122625412;6.8;296.8;-24.1296;15.8947;31201
18 Aug 2020;3.8;129.35857186201;7.8;144.8;-24.1296;15.8947;31201
19 Aug 2020;4.4;107.28216015872;6.4;106.1;-24.1296;15.8947;31201
20 Aug 2020;2.0;158.88123803098;5.2;175.6;-24.1296;15.8947;31201
21 Aug 2020;1.5;105.64507737728;3.7;95.9;-24.1296;15.8947;31201
22 Aug 2020;1.5;110.6368615663;5.3;43.02;-24.1296;15.8947;31201
23 Aug 2020;0.9;271.37772989014;6.1;354.6;-24.1296;15.8947;31201
24 Aug 2020;1.5;272.69367328039;5.4;336.4;-24.1296;15.8947;31201
25 Aug 2020;2.0;285.06414780799;5.5;300.3;-24.1296;15.8947;31201
26 Aug 2020;2.0;285.68115742817;5.0;296.4;-24.1296;15.8947;31201
27 Aug 2020;1.1;222.49006559016;4.1;211.5;-24.1296;15.8947;31201
28 Aug 2020;1.7;241.05269750721;5.0;230.8;-24.1296;15.8947;31201
29 Aug 2020;3.5;192.63679119423;9.2;187.0;-24.1296;15.8947;31201
30 Aug 2020;2.2;140.6322802223;4.3;92.4;-24.1296;15.8947;31201
31 Aug 2020;1.3;157.7155217719;4.3;191.6;-24.1296;15.8947;31201
01 Sep 2020;2.7;289.3944554694;6.5;294.8;-24.1296;15.8947;31201
02 Sep 2020;1.3;276.39373053171;4.2;300.8;-24.1296;15.8947;31201
03 Sep 2020;2.5;296.45582498069;8.4;305.3;-24.1296;15.8947;31201
04 Sep 2020;1.2;227.66562623635;4.9;219.7;-24.1296;15.8947;31201
05 Sep 2020;1.4;224.86652363364;5.7;332.5;-24.1296;15.8947;31201
06 Sep 2020;1.2;272.53378618273;5.2;323.6;-24.1296;15.8947;31201
07 Sep 2020;1.4;256.46560529509;6.0;267.9;-24.1296;15.8947;31201
08 Sep 2020;1.1;201.73540471722;6.4;197.3;-24.1296;15.8947;31201
09 Sep 2020;2.0;85.102988775216;6.2;28.63;-24.1296;15.8947;31201
10 Sep 2020;1.3;80.879669017856;7.8;181.4;-24.1296;15.8947;31201
11 Sep 2020;1.3;283.44850461004;6.7;236.8;-24.1296;15.8947;31201
12 Sep 2020;2.7;288.91722817935;8.0;279.4;-24.1296;15.8947;31201
13 Sep 2020;2.0;193.2609055052;6.6;183.9;-24.1296;15.8947;31201
14 Sep 2020;2.1;238.76398992919;5.6;257.2;-24.1296;15.8947;31201
15 Sep 2020;1.6;236.3169465841;4.6;234.1;-24.1296;15.8947;31201
16 Sep 2020;1.6;192.93874535409;5.8;196.7;-24.1296;15.8947;31201
17 Sep 2020;1.6;213.28286435001;6.0;213.1;-24.1296;15.8947;31201
18 Sep 2020;1.6;224.99443454829;5.3;203.1;-24.1296;15.8947;31201
19 Sep 2020;1.7;241.52009374818;6.3;229.1;-24.1296;15.8947;31201
20 Sep 2020;3.2;185.55024133433;7.2;179.8;-24.1296;15.8947;31201
21 Sep 2020;2.8;92.632988960659;5.8;113.9;-24.1296;15.8947;31201
22 Sep 2020;1.8;113.44019435177;5.4;80.3;-24.1296;15.8947;31201
23 Sep 2020;0.6;196.94579107019;5.8;251.4;-24.1296;15.8947;31201
24 Sep 2020;2.3;291.86585474027;6.1;277.8;-24.1296;15.8947;31201
25 Sep 2020;1.7;256.40663823871;5.0;216.5;-24.1296;15.8947;31201
26 Sep 2020;2.8;192.0909422105;6.4;181.1;-24.1296;15.8947;31201
27 Sep 2020;3.0;191.57954586663;7.7;184.5;-24.1296;15.8947;31201
28 Sep 2020;2.3;182.51507858902;6.3;195.0;-24.1296;15.8947;31201
29 Sep 2020;2.6;119.3031327638;6.2;104.9;-24.1296;15.8947;31201
30 Sep 2020;2.5;286.59086504196;7.3;275.6;-24.1296;15.8947;31201
01 Oct 2020;2.4;246.5289066472;7.3;197.6;-24.1296;15.8947;31201
02 Oct 2020;1.6;264.92340280079;4.8;218.1;-24.1296;15.8947;31201
03 Oct 2020;1.5;257.27887775605;4.5;281.4;-24.1296;15.8947;31201
04 Oct 2020;1.3;234.81267595459;3.9;263.2;-24.1296;15.8947;31201
05 Oct 2020;2.2;203.91791810436;6.9;191.3;-24.1296;15.8947;31201
06 Oct 2020;2.1;112.61440245956;4.4;100.8;-24.1296;15.8947;31201
07 Oct 2020;1.6;211.95822492406;7.4;230.3;-24.1296;15.8947;31201
08 Oct 2020;2.6;291.67789048872;7.0;273.5;-24.1296;15.8947;31201
09 Oct 2020;1.9;255.36858766491;5.1;203.5;-24.1296;15.8947;31201
10 Oct 2020;1.4;243.3981732795;5.8;255.2;-24.1296;15.8947;31201
11 Oct 2020;2.1;176.77043686585;7.6;215.2;-24.1296;15.8947;31201
12 Oct 2020;1.4;206.86339847711;7.5;216.8;-24.1296;15.8947;31201
13 Oct 2020;2.1;186.52206555105;6.7;228.0;-24.1296;15.8947;31201
14 Oct 2020;1.4;164.31368897393;7.9;201.3;-24.1296;15.8947;31201
15 Oct 2020;1.7;196.15754337601;8.3;230.8;-24.1296;15.8947;31201
16 Oct 2020;1.7;228.85571593788;9.2;233.0;-24.1296;15.8947;31201
17 Oct 2020;2.0;240.68721951045;7.9;231.6;-24.1296;15.8947;31201
18 Oct 2020;2.0;224.08940716613;7.5;224.8;-24.1296;15.8947;31201
19 Oct 2020;4.6;188.75035079428;9.1;210.0;-24.1296;15.8947;31201
20 Oct 2020;1.2;247.49339626862;7.4;261.7;-24.1296;15.8947;31201
21 Oct 2020;0.3;30.565989911852;7.6;263.7;-24.1296;15.8947;31201
22 Oct 2020;3.6;301.42803090379;5.5;276.4;-24.1296;15.8947;31201
23 Oct 2020;1.4;264.27881076341;4.4;301.9;-24.1296;15.8947;31201
24 Oct 2020;1.8;251.54677252845;7.1;272.2;-24.1296;15.8947;31201
25 Oct 2020;2.9;202.29888193198;8.6;178.8;-24.1296;15.8947;31201
26 Oct 2020;2.9;185.66467378199;8.5;181.1;-24.1296;15.8947;31201
27 Oct 2020;3.9;186.93328794258;10.2;183.3;-24.1296;15.8947;31201
28 Oct 2020;3.3;182.16227860837;9.4;173.2;-24.1296;15.8947;31201
29 Oct 2020;2.8;200.92208869512;8.8;186.5;-24.1296;15.8947;31201
30 Oct 2020;2.1;215.13104317764;6.9;212.3;-24.1296;15.8947;31201
31 Oct 2020;1.9;253.80879123011;5.9;265.7;-24.1296;15.8947;31201
01 Nov 2020;1.3;275.95297357615;8.5;280.2;-24.1296;15.8947;31201
02 Nov 2020;2.8;290.01288604427;6.9;278.7;-24.1296;15.8947;31201
03 Nov 2020;2.5;280.27392091254;5.7;304.1;-24.1296;15.8947;31201
04 Nov 2020;2.5;262.70045647835;6.2;216.9;-24.1296;15.8947;31201
05 Nov 2020;2.3;274.03439699802;5.9;275.6;-24.1296;15.8947;31201
06 Nov 2020;1.8;236.396498347;6.3;234.3;-24.1296;15.8947;31201
07 Nov 2020;2.0;242.91646300458;5.7;210.1;-24.1296;15.8947;31201
08 Nov 2020;3.4;191.46972391899;9.6;192.3;-24.1296;15.8947;31201
09 Nov 2020;1.8;226.12976629231;5.9;202.7;-24.1296;15.8947;31201
10 Nov 2020;2.0;139.62119254155;8.3;184.0;-24.1296;15.8947;31201
11 Nov 2020;1.9;178.80812509187;8.9;207.4;-24.1296;15.8947;31201
12 Nov 2020;1.8;296.38836910418;8.9;255.7;-24.1296;15.8947;31201
13 Nov 2020;4.4;294.25384879037;8.2;286.3;-24.1296;15.8947;31201
14 Nov 2020;2.4;269.41509594358;6.1;281.2;-24.1296;15.8947;31201
15 Nov 2020;2.0;247.31264241594;6.2;216.4;-24.1296;15.8947;31201
16 Nov 2020;2.5;278.23050059946;5.9;274.0;-24.1296;15.8947;31201
17 Nov 2020;2.3;279.59746349182;6.0;214.0;-24.1296;15.8947;31201
18 Nov 2020;2.2;260.05029712794;5.9;276.7;-24.1296;15.8947;31201
19 Nov 2020;2.3;285.19067860909;5.9;311.4;-24.1296;15.8947;31201
20 Nov 2020;2.6;279.05852586614;5.7;286.9;-24.1296;15.8947;31201
21 Nov 2020;1.8;244.35120827964;5.8;208.2;-24.1296;15.8947;31201
22 Nov 2020;2.9;289.73807106537;5.7;287.4;-24.1296;15.8947;31201
23 Nov 2020;2.4;266.06290696335;5.5;205.2;-24.1296;15.8947;31201
24 Nov 2020;2.1;199.69121204156;7.5;188.6;-24.1296;15.8947;31201
25 Nov 2020;1.9;255.05758694547;6.7;260.0;-24.1296;15.8947;31201
26 Nov 2020;2.3;273.33420207105;6.0;279.0;-24.1296;15.8947;31201
27 Nov 2020;3.0;293.42291765757;5.8;283.5;-24.1296;15.8947;31201
28 Nov 2020;2.1;262.69478190031;5.5;235.0;-24.1296;15.8947;31201
29 Nov 2020;3.0;280.2392501738;6.5;279.3;-24.1296;15.8947;31201
30 Nov 2020;2.6;266.13432463397;5.1;297.0;-24.1296;15.8947;31201
01 Dec 2020;2.1;261.42688498204;6.2;248.6;-24.1296;15.8947;31201
02 Dec 2020;0.1;244.49043515057;6.4;220.3;-24.1296;15.8947;31201
03 Dec 2020;3.0;284.2358662037;5.8;275.1;-24.1296;15.8947;31201
04 Dec 2020;2.9;279.33477995953;5.5;282.4;-24.1296;15.8947;31201
05 Dec 2020;3.1;284.22908436126;7.0;285.8;-24.1296;15.8947;31201
06 Dec 2020;2.7;284.07614052145;6.8;282.3;-24.1296;15.8947;31201
07 Dec 2020;2.4;280.46600748539;5.5;281.7;-24.1296;15.8947;31201
08 Dec 2020;2.0;248.71939615754;7.1;199.8;-24.1296;15.8947;31201
09 Dec 2020;2.2;267.91877825433;5.6;284.3;-24.1296;15.8947;31201
10 Dec 2020;2.7;268.08490591071;6.1;254.5;-24.1296;15.8947;31201
11 Dec 2020;3.1;206.03362186583;8.8;198.0;-24.1296;15.8947;31201
12 Dec 2020;1.8;229.46157932207;7.5;241.2;-24.1296;15.8947;31201
13 Dec 2020;1.0;200.21474697919;8.4;192.6;-24.1296;15.8947;31201
14 Dec 2020;3.4;282.24548532223;7.6;290.6;-24.1296;15.8947;31201
15 Dec 2020;2.5;258.85715606441;7.3;224.0;-24.1296;15.8947;31201
16 Dec 2020;3.3;270.30095594856;6.6;297.9;-24.1296;15.8947;31201
17 Dec 2020;3.2;258.38169665791;8.7;199.1;-24.1296;15.8947;31201
18 Dec 2020;2.7;242.23592379084;8.4;242.6;-24.1296;15.8947;31201
19 Dec 2020;2.6;248.90658546109;7.4;231.1;-24.1296;15.8947;31201
20 Dec 2020;3.1;291.8181235306;8.1;282.2;-24.1296;15.8947;31201
21 Dec 2020;4.1;297.15704144362;7.0;288.2;-24.1296;15.8947;31201
22 Dec 2020;3.1;275.33672561661;5.8;254.5;-24.1296;15.8947;31201
23 Dec 2020;2.7;204.33649472181;9.9;199.3;-24.1296;15.8947;31201
24 Dec 2020;2.4;173.82084910891;10.2;190.7;-24.1296;15.8947;31201
25 Dec 2020;2.0;256.09020455759;7.9;256.9;-24.1296;15.8947;31201
26 Dec 2020;3.3;281.02141043029;7.5;288.0;-24.1296;15.8947;31201
27 Dec 2020;3.0;273.36581257535;7.4;251.6;-24.1296;15.8947;31201
28 Dec 2020;3.5;270.37258254825;7.6;239.7;-24.1296;15.8947;31201
29 Dec 2020;2.3;263.12215481944;7.2;193.3;-24.1296;15.8947;31201
30 Dec 2020;2.2;202.2947296142;7.3;176.1;-24.1296;15.8947;31201
31 Dec 2020;2.7;230.31814004277;8.5;198.0;-24.1296;15.8947;31201
01 Jan 2021;1.4;117.31388844795;9.1;207.2;-24.1296;15.8947;31201
02 Jan 2021;2.8;98.807444772962;6.9;139.6;-24.1296;15.8947;31201
03 Jan 2021;1.7;251.1873635419;5.5;178.9;-24.1296;15.8947;31201
04 Jan 2021;1.9;256.49399087191;5.7;249.5;-24.1296;15.8947;31201
05 Jan 2021;2.9;272.64338149545;6.0;250.5;-24.1296;15.8947;31201
06 Jan 2021;1.9;258.18357274876;6.0;215.5;-24.1296;15.8947;31201
07 Jan 2021;2.1;250.82705342676;7.8;234.2;-24.1296;15.8947;31201
08 Jan 2021;1.3;290.5468290762;7.0;309.8;-24.1296;15.8947;31201
09 Jan 2021;3.7;284.71973235617;8.6;284.8;-24.1296;15.8947;31201
10 Jan 2021;2.0;277.58502347001;7.1;182.7;-24.1296;15.8947;31201
11 Jan 2021;4.0;286.10826736926;7.2;266.8;-24.1296;15.8947;31201
12 Jan 2021;1.8;168.92669943102;6.8;165.9;-24.1296;15.8947;31201
13 Jan 2021;0.8;257.38182824175;5.3;159.0;-24.1296;15.8947;31201
14 Jan 2021;3.4;285.12779391166;6.6;271.3;-24.1296;15.8947;31201
15 Jan 2021;3.0;269.62278281603;5.9;237.4;-24.1296;15.8947;31201
16 Jan 2021;2.8;196.70175286371;9.6;190.1;-24.1296;15.8947;31201
17 Jan 2021;2.8;261.44926985872;7.1;237.3;-24.1296;15.8947;31201
18 Jan 2021;2.2;223.0627931124;7.3;212.4;-24.1296;15.8947;31201
19 Jan 2021;2.5;207.81606974362;8.8;210.5;-24.1296;15.8947;31201
20 Jan 2021;1.7;323.05023174417;7.8;254.7;-24.1296;15.8947;31201
21 Jan 2021;2.7;256.69175934316;7.6;212.3;-24.1296;15.8947;31201
22 Jan 2021;0.9;6.0604136321323;7.3;247.9;-24.1296;15.8947;31201
23 Jan 2021;2.8;267.08220124423;7.8;253.8;-24.1296;15.8947;31201
24 Jan 2021;2.4;270.45408445507;6.8;306.2;-24.1296;15.8947;31201
25 Jan 2021;1.0;258.96001241129;8.0;343.8;-24.1296;15.8947;31201
26 Jan 2021;1.9;252.61071472538;6.7;231.5;-24.1296;15.8947;31201
27 Jan 2021;2.0;259.12344432667;6.3;214.2;-24.1296;15.8947;31201
28 Jan 2021;1.0;205.44518275877;8.0;209.5;-24.1296;15.8947;31201
29 Jan 2021;1.6;229.19792089642;8.2;241.7;-24.1296;15.8947;31201
30 Jan 2021;1.9;191.38650666461;8.9;216.3;-24.1296;15.8947;31201
31 Jan 2021;2.4;259.46242239866;7.0;229.1;-24.1296;15.8947;31201
01 Feb 2021;2.7;275.83318000549;6.1;243.4;-24.1296;15.8947;31201
02 Feb 2021;2.0;274.31636022355;6.5;266.0;-24.1296;15.8947;31201
03 Feb 2021;2.5;277.46064861248;7.1;282.9;-24.1296;15.8947;31201
04 Feb 2021;2.3;251.78050539686;7.3;250.1;-24.1296;15.8947;31201
05 Feb 2021;2.4;141.19509917958;11.5;189.1;-24.1296;15.8947;31201
06 Feb 2021;3.4;162.19204797822;11.3;181.3;-24.1296;15.8947;31201
07 Feb 2021;2.1;206.17682866227;8.7;218.4;-24.1296;15.8947;31201
08 Feb 2021;1.3;115.32523884219;8.2;207.8;-24.1296;15.8947;31201
09 Feb 2021;1.4;280.02914497864;7.7;234.7;-24.1296;15.8947;31201
10 Feb 2021;0.4;265.82001189763;7.1;231.6;-24.1296;15.8947;31201
11 Feb 2021;1.1;247.0147864645;7.1;239.2;-24.1296;15.8947;31201
12 Feb 2021;1.6;260.70331433958;7.4;240.8;-24.1296;15.8947;31201
13 Feb 2021;3.0;273.20498195677;7.4;268.5;-24.1296;15.8947;31201
14 Feb 2021;2.2;211.05848094393;7.8;186.1;-24.1296;15.8947;31201
15 Feb 2021;1.5;214.88468236068;6.7;225.6;-24.1296;15.8947;31201
16 Feb 2021;1.6;297.22249692613;6.2;276.4;-24.1296;15.8947;31201
17 Feb 2021;2.0;262.97041353815;5.9;242.4;-24.1296;15.8947;31201
18 Feb 2021;1.5;241.77425682499;4.5;265.7;-24.1296;15.8947;31201
19 Feb 2021;2.1;227.66401980556;5.5;211.5;-24.1296;15.8947;31201
20 Feb 2021;1.9;239.04043561195;6.4;209.9;-24.1296;15.8947;31201
21 Feb 2021;2.2;264.72047437908;5.3;239.1;-24.1296;15.8947;31201
22 Feb 2021;2.2;271.31324137066;6.4;278.5;-24.1296;15.8947;31201
23 Feb 2021;2.1;240.23938530207;5.6;227.7;-24.1296;15.8947;31201
24 Feb 2021;2.0;266.03274502531;7.3;267.3;-24.1296;15.8947;31201
25 Feb 2021;2.1;232.12692544176;7.0;213.5;-24.1296;15.8947;31201
26 Feb 2021;3.0;291.13304912293;5.7;279.0;-24.1296;15.8947;31201
27 Feb 2021;1.5;263.933158284;4.9;306.4;-24.1296;15.8947;31201
28 Feb 2021;2.1;278.41610391348;7.4;233.4;-24.1296;15.8947;31201
01 Mar 2021;2.0;257.2911355745;6.3;227.3;-24.1296;15.8947;31201
02 Mar 2021;2.1;220.46899042027;6.6;241.9;-24.1296;15.8947;31201
03 Mar 2021;2.1;233.75006597774;7.3;212.3;-24.1296;15.8947;31201
04 Mar 2021;1.6;219.44179290752;7.7;241.7;-24.1296;15.8947;31201
05 Mar 2021;2.4;175.79706963391;9.3;193.6;-24.1296;15.8947;31201
06 Mar 2021;2.1;167.47634485523;8.2;185.4;-24.1296;15.8947;31201
07 Mar 2021;3.8;180.25525339029;8.9;200.5;-24.1296;15.8947;31201
08 Mar 2021;2.2;254.72619873951;5.9;174.3;-24.1296;15.8947;31201
09 Mar 2021;1.5;233.59676592447;4.6;213.0;-24.1296;15.8947;31201
10 Mar 2021;1.4;231.87044950293;5.2;187.1;-24.1296;15.8947;31201
11 Mar 2021;1.3;208.51937153361;6.3;234.5;-24.1296;15.8947;31201
12 Mar 2021;2.2;238.16429461899;5.9;222.9;-24.1296;15.8947;31201
13 Mar 2021;2.2;238.82187342751;7.8;216.2;-24.1296;15.8947;31201
14 Mar 2021;2.1;215.7027523504;9.0;205.7;-24.1296;15.8947;31201
15 Mar 2021;1.8;252.19509202071;5.7;248.6;-24.1296;15.8947;31201
16 Mar 2021;3.2;299.25642948713;6.3;290.0;-24.1296;15.8947;31201
17 Mar 2021;1.5;269.93031004335;4.8;274.3;-24.1296;15.8947;31201
18 Mar 2021;2.1;222.30994123481;7.6;216.3;-24.1296;15.8947;31201
19 Mar 2021;1.8;233.15057070728;8.3;224.5;-24.1296;15.8947;31201
20 Mar 2021;1.6;239.30127645403;6.1;220.9;-24.1296;15.8947;31201
21 Mar 2021;1.8;255.60165121451;7.4;241.0;-24.1296;15.8947;31201
22 Mar 2021;2.0;244.65831875424;6.7;222.3;-24.1296;15.8947;31201
23 Mar 2021;1.5;242.62039190472;7.5;241.9;-24.1296;15.8947;31201
24 Mar 2021;2.3;214.49903616387;7.5;218.1;-24.1296;15.8947;31201
25 Mar 2021;1.1;197.23412524103;6.3;253.7;-24.1296;15.8947;31201
26 Mar 2021;2.1;242.27483454788;4.9;293.8;-24.1296;15.8947;31201
27 Mar 2021;1.3;267.76252127439;3.6;255.2;-24.1296;15.8947;31201
28 Mar 2021;1.8;282.4431385563;6.2;300.5;-24.1296;15.8947;31201
29 Mar 2021;1.9;264.14867558589;5.9;279.9;-24.1296;15.8947;31201
30 Mar 2021;1.2;293.70786948223;5.7;356.6;-24.1296;15.8947;31201
31 Mar 2021;1.4;310.37320589984;5.8;328.3;-24.1296;15.8947;31201
01 Apr 2021;0.8;242.41930750744;7.3;193.1;-24.1296;15.8947;31201
02 Apr 2021;1.3;175.84430707001;5.3;169.8;-24.1296;15.8947;31201
03 Apr 2021;0.4;158.66447468547;6.6;221.5;-24.1296;15.8947;31201
04 Apr 2021;1.1;264.60147092188;7.6;184.6;-24.1296;15.8947;31201
05 Apr 2021;2.7;169.41424429031;6.6;196.1;-24.1296;15.8947;31201
06 Apr 2021;2.9;208.05653169009;6.3;239.5;-24.1296;15.8947;31201
07 Apr 2021;1.0;239.08584466677;4.9;205.3;-24.1296;15.8947;31201
08 Apr 2021;1.8;99.447077754937;4.5;79.5;-24.1296;15.8947;31201
09 Apr 2021;2.3;49.749182183493;4.4;29.01;-24.1296;15.8947;31201
10 Apr 2021;2.2;38.657096452843;8.3;30.56;-24.1296;15.8947;31201
11 Apr 2021;3.5;22.366218748313;6.1;31.26;-24.1296;15.8947;31201
12 Apr 2021;4.2;31.889552353343;7.5;36.42;-24.1296;15.8947;31201
13 Apr 2021;4.2;30.744558845534;8.8;35.38;-24.1296;15.8947;31201
14 Apr 2021;5.6;38.022217795273;9.8;28.9;-24.1296;15.8947;31201
15 Apr 2021;3.1;12.022924889153;6.7;28.35;-24.1296;15.8947;31201
16 Apr 2021;1.6;352.82471884562;6.8;9.79;-24.1296;15.8947;31201
17 Apr 2021;4.6;53.93090138215;9.5;34.72;-24.1296;15.8947;31201
18 Apr 2021;1.4;45.036079584292;5.9;3.17;-24.1296;15.8947;31201
19 Apr 2021;2.1;82.703528400334;6.7;101.7;-24.1296;15.8947;31201
20 Apr 2021;2.1;142.84467062597;6.2;171.7;-24.1296;15.8947;31201
21 Apr 2021;1.4;193.24981057301;6.4;209.3;-24.1296;15.8947;31201
22 Apr 2021;1.1;276.17287890218;5.0;327.6;-24.1296;15.8947;31201
23 Apr 2021;0.5;215.10193244501;4.9;240.9;-24.1296;15.8947;31201
24 Apr 2021;1.2;266.27289692126;6.9;245.1;-24.1296;15.8947;31201
25 Apr 2021;1.4;255.18891186538;5.4;219.0;-24.1296;15.8947;31201
26 Apr 2021;1.4;249.99762440092;4.5;214.9;-24.1296;15.8947;31201
27 Apr 2021;1.3;247.58915746684;4.1;248.7;-24.1296;15.8947;31201
28 Apr 2021;1.3;260.87369912625;4.3;281.1;-24.1296;15.8947;31201
29 Apr 2021;1.6;275.07643447723;4.8;302.5;-24.1296;15.8947;31201
30 Apr 2021;0.6;88.084131736646;4.7;84.8;-24.1296;15.8947;31201
01 May 2021;2.8;58.468871745184;6.1;71.43;-24.1296;15.8947;31201
02 May 2021;1.8;29.064770334857;6.3;80.9;-24.1296;15.8947;31201
03 May 2021;1.3;255.64757994738;5.2;208.2;-24.1296;15.8947;31201
04 May 2021;1.3;250.53372509019;5.3;225.8;-24.1296;15.8947;31201
05 May 2021;1.3;240.3895524015;4.5;202.8;-24.1296;15.8947;31201
06 May 2021;2.5;278.57582768181;6.4;305.8;-24.1296;15.8947;31201
07 May 2021;1.3;235.80794814258;4.4;191.8;-24.1296;15.8947;31201
08 May 2021;1.1;143.09943877759;4.0;190.4;-24.1296;15.8947;31201
09 May 2021;1.6;99.077757732622;4.4;100.5;-24.1296;15.8947;31201
10 May 2021;2.3;107.84794676926;3.8;91.6;-24.1296;15.8947;31201
11 May 2021;2.8;173.68425344718;7.6;180.6;-24.1296;15.8947;31201
12 May 2021;1.2;244.84915346479;5.1;325.9;-24.1296;15.8947;31201
13 May 2021;1.0;287.49755734368;6.1;339.1;-24.1296;15.8947;31201
14 May 2021;1.2;264.67332336824;4.6;331.8;-24.1296;15.8947;31201
15 May 2021;2.0;239.49528472195;5.7;287.2;-24.1296;15.8947;31201
16 May 2021;0.7;223.15416563038;2.7;302.2;-24.1296;15.8947;31201
17 May 2021;1.2;240.86646721951;3.6;255.1;-24.1296;15.8947;31201
18 May 2021;1.7;313.90269217359;8.2;355.0;-24.1296;15.8947;31201
19 May 2021;2.7;292.43474993807;7.8;302.5;-24.1296;15.8947;31201
20 May 2021;1.3;264.25865044775;3.9;297.8;-24.1296;15.8947;31201
21 May 2021;1.2;131.56966616111;3.1;107.2;-24.1296;15.8947;31201
22 May 2021;1.6;75.9722713137;4.3;20.85;-24.1296;15.8947;31201
23 May 2021;0.5;44.548729684636;4.7;14.18;-24.1296;15.8947;31201
24 May 2021;1.1;285.37378887099;5.5;342.4;-24.1296;15.8947;31201
25 May 2021;1.9;294.1076255374;6.0;340.9;-24.1296;15.8947;31201
26 May 2021;1.4;209.07518702052;5.2;196.6;-24.1296;15.8947;31201
27 May 2021;1.2;245.11016907548;4.7;186.0;-24.1296;15.8947;31201
28 May 2021;2.2;190.2579888763;5.0;212.3;-24.1296;15.8947;31201
29 May 2021;1.0;242.54502628181;4.2;241.0;-24.1296;15.8947;31201
30 May 2021;1.6;225.28522760478;3.7;235.1;-24.1296;15.8947;31201
31 May 2021;2.8;182.88038256393;5.3;190.5;-24.1296;15.8947;31201
01 Jun 2021;3.3;110.92524403145;5.4;101.3;-24.1296;15.8947;31201
02 Jun 2021;3.5;117.58558399947;4.6;101.2;-24.1296;15.8947;31201
03 Jun 2021;3.0;94.605806663955;6.2;67.66;-24.1296;15.8947;31201
04 Jun 2021;2.7;73.703129139879;6.1;56.77;-24.1296;15.8947;31201
05 Jun 2021;4.1;46.437750869967;8.3;22.31;-24.1296;15.8947;31201
06 Jun 2021;2.3;15.858322789412;6.5;20.33;-24.1296;15.8947;31201
07 Jun 2021;4.8;326.68836399752;10.4;312.4;-24.1296;15.8947;31201
08 Jun 2021;2.6;298.42460959501;6.2;292.2;-24.1296;15.8947;31201
09 Jun 2021;1.6;308.90548766333;5.3;326.6;-24.1296;15.8947;31201
10 Jun 2021;1.6;288.78524235412;6.0;293.5;-24.1296;15.8947;31201
11 Jun 2021;2.1;316.20253171267;7.8;323.0;-24.1296;15.8947;31201
12 Jun 2021;2.8;320.42019290043;9.5;352.6;-24.1296;15.8947;31201
13 Jun 2021;0.7;264.06174733978;4.5;346.3;-24.1296;15.8947;31201
14 Jun 2021;1.3;245.87182239846;4.4;206.0;-24.1296;15.8947;31201
15 Jun 2021;2.0;292.27669916998;6.2;294.7;-24.1296;15.8947;31201
16 Jun 2021;2.5;301.6140636639;5.0;326.2;-24.1296;15.8947;31201
17 Jun 2021;0.9;268.11590814921;4.2;331.9;-24.1296;15.8947;31201
18 Jun 2021;3.2;72.317664493729;9.7;34.23;-24.1296;15.8947;31201
19 Jun 2021;4.7;37.602628957912;9.6;33.37;-24.1296;15.8947;31201
20 Jun 2021;2.6;44.017423628838;6.0;32.37;-24.1296;15.8947;31201
21 Jun 2021;1.8;355.93875877932;5.4;0.84;-24.1296;15.8947;31201
22 Jun 2021;1.7;289.72371575189;6.2;327.2;-24.1296;15.8947;31201
23 Jun 2021;1.5;272.50448423952;5.6;303.6;-24.1296;15.8947;31201
24 Jun 2021;1.3;251.72999510776;4.4;306.8;-24.1296;15.8947;31201
25 Jun 2021;1.5;237.37812277566;4.6;298.2;-24.1296;15.8947;31201
26 Jun 2021;0.9;245.43762772413;3.4;312.7;-24.1296;15.8947;31201
27 Jun 2021;3.2;303.1042442981;9.4;304.3;-24.1296;15.8947;31201
28 Jun 2021;3.7;311.08957626242;6.9;304.8;-24.1296;15.8947;31201
29 Jun 2021;5.1;312.51390383703;10.6;295.5;-24.1296;15.8947;31201
30 Jun 2021;1.3;281.74618640128;5.1;336.1;-24.1296;15.8947;31201
01 Jul 2021;2.0;189.34254393242;4.0;189.4;-24.1296;15.8947;31201
02 Jul 2021;1.3;265.7113200852;5.3;315.5;-24.1296;15.8947;31201
03 Jul 2021;1.5;244.74040896548;5.0;309.5;-24.1296;15.8947;31201
04 Jul 2021;1.8;201.81965996271;3.1;201.3;-24.1296;15.8947;31201
05 Jul 2021;0.6;226.81321104326;4.4;317.6;-24.1296;15.8947;31201
06 Jul 2021;1.1;265.623441695;4.7;316.3;-24.1296;15.8947;31201
07 Jul 2021;1.7;286.18067241489;6.6;312.0;-24.1296;15.8947;31201
08 Jul 2021;1.8;290.89729874189;4.9;306.0;-24.1296;15.8947;31201
09 Jul 2021;1.4;254.71403713533;5.4;314.3;-24.1296;15.8947;31201
10 Jul 2021;1.3;244.4854674567;5.4;316.8;-24.1296;15.8947;31201
11 Jul 2021;2.4;304.98460280486;7.2;328.3;-24.1296;15.8947;31201
12 Jul 2021;2.0;229.12696358814;6.4;181.6;-24.1296;15.8947;31201
13 Jul 2021;3.0;123.5147382611;6.3;179.7;-24.1296;15.8947;31201
14 Jul 2021;3.1;106.56787723641;5.4;110.6;-24.1296;15.8947;31201
15 Jul 2021;1.1;148.9227968116;3.3;138.1;-24.1296;15.8947;31201
16 Jul 2021;0.6;130.53346499924;4.6;19.69;-24.1296;15.8947;31201
17 Jul 2021;1.6;102.07535822682;4.5;118.1;-24.1296;15.8947;31201
18 Jul 2021;3.1;43.354435646997;8.7;35.61;-24.1296;15.8947;31201
19 Jul 2021;0.8;232.3664637002;4.3;222.1;-24.1296;15.8947;31201
20 Jul 2021;1.5;232.96541986876;4.7;196.1;-24.1296;15.8947;31201
21 Jul 2021;1.9;159.06264790641;4.0;197.4;-24.1296;15.8947;31201
22 Jul 2021;1.5;119.0620143843;3.4;153.4;-24.1296;15.8947;31201
23 Jul 2021;2.3;116.74707170103;4.4;109.9;-24.1296;15.8947;31201
24 Jul 2021;2.1;116.31718512141;4.0;51.42;-24.1296;15.8947;31201
25 Jul 2021;0.9;79.524394461038;4.7;16.65;-24.1296;15.8947;31201
26 Jul 2021;3.3;335.18130021977;6.8;334.4;-24.1296;15.8947;31201
27 Jul 2021;1.8;304.06773105838;5.3;337.3;-24.1296;15.8947;31201
28 Jul 2021;1.6;245.89182128658;4.4;213.1;-24.1296;15.8947;31201
29 Jul 2021;2.0;95.970446766821;6.3;35.52;-24.1296;15.8947;31201
30 Jul 2021;3.5;92.404382111331;6.0;83.2;-24.1296;15.8947;31201
31 Jul 2021;2.8;43.393905799568;7.4;35.68;-24.1296;15.8947;31201
01 Aug 2021;1.1;107.66191817686;4.6;57.28;-24.1296;15.8947;31201
02 Aug 2021;1.7;6.4676108990026;5.7;8.75;-24.1296;15.8947;31201
03 Aug 2021;1.9;292.39719081963;7.0;282.9;-24.1296;15.8947;31201
04 Aug 2021;1.4;275.03576252826;3.7;292.5;-24.1296;15.8947;31201
05 Aug 2021;1.1;243.09850250696;4.3;237.0;-24.1296;15.8947;31201
06 Aug 2021;1.2;273.88956809839;4.7;302.7;-24.1296;15.8947;31201
07 Aug 2021;2.0;291.07342175225;7.0;322.1;-24.1296;15.8947;31201
08 Aug 2021;1.6;204.8274883189;5.5;208.1;-24.1296;15.8947;31201
09 Aug 2021;0.5;168.2082368599;5.2;80.8;-24.1296;15.8947;31201
10 Aug 2021;2.6;45.003081497929;8.4;64.44;-24.1296;15.8947;31201
11 Aug 2021;3.6;301.38471690906;7.5;295.2;-24.1296;15.8947;31201
12 Aug 2021;1.3;307.51453041879;4.8;315.6;-24.1296;15.8947;31201
13 Aug 2021;3.9;100.99317307624;6.5;95.2;-24.1296;15.8947;31201
14 Aug 2021;2.1;70.317600934452;5.6;85.3;-24.1296;15.8947;31201
15 Aug 2021;2.0;281.1257564025;5.0;319.5;-24.1296;15.8947;31201
16 Aug 2021;2.3;302.36666219509;6.9;307.7;-24.1296;15.8947;31201
17 Aug 2021;2.4;299.98279776978;6.7;299.3;-24.1296;15.8947;31201
18 Aug 2021;1.0;249.75213724113;3.6;303.5;-24.1296;15.8947;31201
19 Aug 2021;2.1;190.80922576749;5.1;208.9;-24.1296;15.8947;31201
20 Aug 2021;1.6;282.67825886182;4.4;296.4;-24.1296;15.8947;31201
21 Aug 2021;1.6;198.85312567592;3.9;192.1;-24.1296;15.8947;31201
22 Aug 2021;2.0;80.58643830957;7.4;89.8;-24.1296;15.8947;31201
23 Aug 2021;1.5;283.85655765326;5.3;292.8;-24.1296;15.8947;31201
24 Aug 2021;1.4;271.14428981595;6.1;305.1;-24.1296;15.8947;31201
25 Aug 2021;2.8;302.35871089233;7.3;316.3;-24.1296;15.8947;31201
26 Aug 2021;1.4;227.13126182882;4.0;234.4;-24.1296;15.8947;31201
27 Aug 2021;4.0;187.74169179282;8.0;186.3;-24.1296;15.8947;31201
28 Aug 2021;4.4;118.62207313861;8.2;108.7;-24.1296;15.8947;31201
29 Aug 2021;1.4;140.88321267447;5.3;119.6;-24.1296;15.8947;31201
30 Aug 2021;1.5;222.43919585392;3.4;266.4;-24.1296;15.8947;31201
31 Aug 2021;1.3;244.37938495158;4.6;328.4;-24.1296;15.8947;31201
01 Sep 2021;2.2;293.91615688155;7.0;238.4;-24.1296;15.8947;31201
02 Sep 2021;2.1;278.76716935247;6.3;307.7;-24.1296;15.8947;31201
03 Sep 2021;1.5;188.62751818437;4.9;174.7;-24.1296;15.8947;31201
04 Sep 2021;1.6;262.12903428235;4.4;294.7;-24.1296;15.8947;31201
05 Sep 2021;0.8;244.37953966743;3.9;304.1;-24.1296;15.8947;31201
06 Sep 2021;2.6;183.34586971987;5.5;185.5;-24.1296;15.8947;31201
07 Sep 2021;2.9;101.4523094795;5.7;101.4;-24.1296;15.8947;31201
08 Sep 2021;0.6;317.60399481175;4.4;47.08;-24.1296;15.8947;31201
09 Sep 2021;1.7;289.99424754574;4.8;304.8;-24.1296;15.8947;31201
10 Sep 2021;1.3;245.73181620168;5.0;296.1;-24.1296;15.8947;31201
11 Sep 2021;1.7;241.43947943631;5.3;206.3;-24.1296;15.8947;31201
12 Sep 2021;1.7;283.93631664422;5.6;296.9;-24.1296;15.8947;31201
13 Sep 2021;1.9;284.0247488334;4.5;274.1;-24.1296;15.8947;31201
14 Sep 2021;1.8;282.63457289073;4.8;304.9;-24.1296;15.8947;31201
15 Sep 2021;1.6;262.36422019463;4.4;277.4;-24.1296;15.8947;31201
16 Sep 2021;0.7;256.65948191974;3.2;275.0;-24.1296;15.8947;31201
17 Sep 2021;1.1;343.03746328901;6.6;270.9;-24.1296;15.8947;31201
18 Sep 2021;2.6;297.98559668889;6.3;310.7;-24.1296;15.8947;31201
19 Sep 2021;1.6;261.08784549111;5.2;286.8;-24.1296;15.8947;31201
20 Sep 2021;1.9;177.80401638226;4.0;179.2;-24.1296;15.8947;31201
21 Sep 2021;1.6;69.097277373682;4.6;52.51;-24.1296;15.8947;31201
22 Sep 2021;0.5;340.48594324182;7.0;30.48;-24.1296;15.8947;31201
23 Sep 2021;2.4;199.99460058518;6.8;184.1;-24.1296;15.8947;31201
24 Sep 2021;1.7;222.24676556925;5.3;231.6;-24.1296;15.8947;31201
25 Sep 2021;1.2;223.82370413389;6.1;236.6;-24.1296;15.8947;31201
26 Sep 2021;2.0;289.96150520355;7.5;319.2;-24.1296;15.8947;31201
27 Sep 2021;1.2;256.05018378784;4.8;190.5;-24.1296;15.8947;31201
28 Sep 2021;2.6;291.71095193809;5.2;263.2;-24.1296;15.8947;31201
29 Sep 2021;1.5;284.71717838494;4.7;292.0;-24.1296;15.8947;31201
30 Sep 2021;2.0;284.67499655666;5.2;290.8;-24.1296;15.8947;31201
01 Oct 2021;2.2;213.1599491555;6.7;187.1;-24.1296;15.8947;31201
02 Oct 2021;2.0;194.67008220316;6.9;201.0;-24.1296;15.8947;31201
03 Oct 2021;1.1;169.48258765399;7.1;219.1;-24.1296;15.8947;31201
04 Oct 2021;2.1;285.93239680398;5.9;277.9;-24.1296;15.8947;31201
05 Oct 2021;1.5;278.8655975428;3.8;251.2;-24.1296;15.8947;31201
06 Oct 2021;1.9;280.37834709701;5.4;336.2;-24.1296;15.8947;31201
07 Oct 2021;1.6;266.92201939306;5.6;291.0;-24.1296;15.8947;31201
08 Oct 2021;1.9;237.74087608005;6.6;221.2;-24.1296;15.8947;31201
09 Oct 2021;1.8;171.01464825233;5.3;188.4;-24.1296;15.8947;31201
10 Oct 2021;2.3;99.682305195234;4.9;101.7;-24.1296;15.8947;31201
11 Oct 2021;2.8;159.92728764661;7.7;188.3;-24.1296;15.8947;31201
12 Oct 2021;2.7;293.66597015002;6.5;277.1;-24.1296;15.8947;31201
13 Oct 2021;2.2;280.6025253893;6.3;298.9;-24.1296;15.8947;31201
14 Oct 2021;2.0;218.60046672224;6.0;218.9;-24.1296;15.8947;31201
15 Oct 2021;2.3;262.18091345508;5.7;207.7;-24.1296;15.8947;31201
16 Oct 2021;0.9;184.70579719441;4.2;356.4;-24.1296;15.8947;31201
17 Oct 2021;4.3;98.405421127306;6.2;89.8;-24.1296;15.8947;31201
18 Oct 2021;4.0;77.276912382802;7.4;79.07;-24.1296;15.8947;31201
19 Oct 2021;2.1;34.913464440664;8.3;38.81;-24.1296;15.8947;31201
20 Oct 2021;3.3;294.41539410406;6.7;295.1;-24.1296;15.8947;31201
21 Oct 2021;4.2;296.41753210692;8.7;306.7;-24.1296;15.8947;31201
22 Oct 2021;3.1;298.38256643719;6.0;287.8;-24.1296;15.8947;31201
23 Oct 2021;1.4;241.9413244573;5.6;189.2;-24.1296;15.8947;31201
24 Oct 2021;1.1;346.28111551204;6.4;42.01;-24.1296;15.8947;31201
25 Oct 2021;2.0;288.76204593983;4.4;307.8;-24.1296;15.8947;31201
26 Oct 2021;2.6;298.61797432931;7.3;287.7;-24.1296;15.8947;31201
27 Oct 2021;1.6;347.28739590111;7.0;352.1;-24.1296;15.8947;31201
28 Oct 2021;2.8;285.53206416471;8.1;281.7;-24.1296;15.8947;31201
29 Oct 2021;2.3;271.46112016746;5.9;278.5;-24.1296;15.8947;31201
30 Oct 2021;1.7;278.70940779231;5.6;282.9;-24.1296;15.8947;31201
31 Oct 2021;2.5;288.32377076928;5.7;277.1;-24.1296;15.8947;31201
01 Nov 2021;1.5;271.37162095365;5.0;185.0;-24.1296;15.8947;31201
02 Nov 2021;2.1;278.15433510818;4.9;211.9;-24.1296;15.8947;31201
03 Nov 2021;1.5;277.89296662075;4.3;226.3;-24.1296;15.8947;31201
04 Nov 2021;1.8;271.44973675241;5.5;267.0;-24.1296;15.8947;31201
05 Nov 2021;1.9;240.13249350717;5.1;271.2;-24.1296;15.8947;31201
06 Nov 2021;2.2;255.23933104007;5.6;281.8;-24.1296;15.8947;31201
07 Nov 2021;3.4;285.81140344599;7.0;306.0;-24.1296;15.8947;31201
08 Nov 2021;3.5;177.92797111559;7.2;189.6;-24.1296;15.8947;31201
09 Nov 2021;1.9;119.32414727395;5.2;192.7;-24.1296;15.8947;31201
10 Nov 2021;1.2;237.26364695238;5.6;189.2;-24.1296;15.8947;31201
11 Nov 2021;1.9;235.21379487376;7.4;227.9;-24.1296;15.8947;31201
12 Nov 2021;2.8;277.26253660227;5.9;275.1;-24.1296;15.8947;31201
13 Nov 2021;2.7;230.32656509062;7.1;246.4;-24.1296;15.8947;31201
14 Nov 2021;1.3;230.27152296336;10.4;190.9;-24.1296;15.8947;31201
15 Nov 2021;3.2;282.58846062523;8.5;282.8;-24.1296;15.8947;31201
16 Nov 2021;2.3;235.0113717071;7.4;212.8;-24.1296;15.8947;31201
17 Nov 2021;2.4;226.11279764208;9.5;188.5;-24.1296;15.8947;31201
18 Nov 2021;2.7;289.89973560137;5.9;282.6;-24.1296;15.8947;31201
19 Nov 2021;1.9;273.26340072345;5.2;272.1;-24.1296;15.8947;31201
20 Nov 2021;2.6;280.7169034334;5.3;273.5;-24.1296;15.8947;31201
21 Nov 2021;2.4;267.51035087415;5.2;288.5;-24.1296;15.8947;31201
22 Nov 2021;2.0;222.27611517691;7.1;180.7;-24.1296;15.8947;31201
23 Nov 2021;2.3;209.93537165656;7.5;244.5;-24.1296;15.8947;31201
24 Nov 2021;2.5;280.1308527028;6.9;280.7;-24.1296;15.8947;31201
25 Nov 2021;2.9;290.85472992891;5.8;277.4;-24.1296;15.8947;31201
26 Nov 2021;2.8;288.88570875055;6.6;274.5;-24.1296;15.8947;31201
27 Nov 2021;1.8;226.02910960971;5.7;188.8;-24.1296;15.8947;31201
28 Nov 2021;2.0;264.05113012233;5.6;221.7;-24.1296;15.8947;31201
29 Nov 2021;2.0;254.76466262261;5.6;219.9;-24.1296;15.8947;31201
30 Nov 2021;1.6;234.83724376804;6.5;261.9;-24.1296;15.8947;31201
01 Dec 2021;2.3;235.18609516912;5.8;199.4;-24.1296;15.8947;31201
02 Dec 2021;2.4;282.45136903529;4.9;293.9;-24.1296;15.8947;31201
03 Dec 2021;3.8;287.68313091886;7.1;288.1;-24.1296;15.8947;31201
04 Dec 2021;2.7;245.35617057461;7.7;181.9;-24.1296;15.8947;31201
05 Dec 2021;2.0;233.10592011871;6.3;187.8;-24.1296;15.8947;31201
06 Dec 2021;1.7;295.47210234211;6.7;25.25;-24.1296;15.8947;31201
07 Dec 2021;1.9;269.92800388511;5.1;274.2;-24.1296;15.8947;31201
08 Dec 2021;2.0;253.56649578011;5.9;280.2;-24.1296;15.8947;31201
09 Dec 2021;2.1;281.51249511544;5.0;286.5;-24.1296;15.8947;31201
10 Dec 2021;2.8;290.0483376343;6.4;287.2;-24.1296;15.8947;31201
11 Dec 2021;2.1;250.6008205565;5.5;229.8;-24.1296;15.8947;31201
12 Dec 2021;2.3;272.42802647933;6.1;277.6;-24.1296;15.8947;31201
13 Dec 2021;2.3;253.39832601269;6.3;211.2;-24.1296;15.8947;31201
14 Dec 2021;2.7;286.36535026651;6.5;283.1;-24.1296;15.8947;31201
15 Dec 2021;2.7;277.96021383872;6.6;289.5;-24.1296;15.8947;31201
16 Dec 2021;1.6;263.2808732442;7.0;270.9;-24.1296;15.8947;31201
17 Dec 2021;2.8;287.99188847956;5.9;290.2;-24.1296;15.8947;31201
18 Dec 2021;2.4;287.07258097753;4.9;232.5;-24.1296;15.8947;31201
19 Dec 2021;2.7;283.29101243902;6.4;289.7;-24.1296;15.8947;31201
20 Dec 2021;3.7;299.38033798236;7.2;293.6;-24.1296;15.8947;31201
21 Dec 2021;4.2;296.91575122674;11.4;312.7;-24.1296;15.8947;31201
22 Dec 2021;3.0;279.18174904843;6.3;282.2;-24.1296;15.8947;31201
23 Dec 2021;2.2;276.89219127336;4.9;287.0;-24.1296;15.8947;31201
24 Dec 2021;2.2;276.27090369239;6.0;237.9;-24.1296;15.8947;31201
25 Dec 2021;2.5;283.32820409691;5.7;225.4;-24.1296;15.8947;31201
26 Dec 2021;2.7;267.94005156297;6.9;228.2;-24.1296;15.8947;31201
27 Dec 2021;2.6;273.95719277293;5.7;286.6;-24.1296;15.8947;31201
28 Dec 2021;2.0;255.39243523753;6.7;212.4;-24.1296;15.8947;31201
29 Dec 2021;1.8;259.8559217515;6.2;196.8;-24.1296;15.8947;31201
30 Dec 2021;2.4;274.78322608472;5.7;229.9;-24.1296;15.8947;31201
31 Dec 2021;2.3;260.97988110618;5.4;260.5;-24.1296;15.8947;31201
01 Jan 2022;1.4;235.77838778764;4.9;236.4;-24.1296;15.8947;31201
02 Jan 2022;2.7;296.76288590739;7.9;274.6;-24.1296;15.8947;31201
03 Jan 2022;2.3;277.40706320113;5.3;272.4;-24.1296;15.8947;31201
04 Jan 2022;2.0;275.0764259913;6.6;277.0;-24.1296;15.8947;31201
05 Jan 2022;2.2;266.815939746;5.9;287.5;-24.1296;15.8947;31201
06 Jan 2022;2.4;276.01931608017;6.4;265.8;-24.1296;15.8947;31201
07 Jan 2022;2.3;267.23247901339;7.4;277.2;-24.1296;15.8947;31201
08 Jan 2022;3.2;286.11123797953;6.2;278.8;-24.1296;15.8947;31201
09 Jan 2022;2.7;276.63606335204;5.8;283.0;-24.1296;15.8947;31201
10 Jan 2022;2.4;251.31163670823;6.3;195.1;-24.1296;15.8947;31201
11 Jan 2022;1.6;250.60183328516;7.6;207.5;-24.1296;15.8947;31201
12 Jan 2022;2.6;276.46368416341;6.0;279.9;-24.1296;15.8947;31201
13 Jan 2022;2.9;283.73424916832;6.4;288.6;-24.1296;15.8947;31201
14 Jan 2022;2.9;266.12361179402;5.7;228.3;-24.1296;15.8947;31201
15 Jan 2022;3.0;270.35560925244;6.6;231.5;-24.1296;15.8947;31201
16 Jan 2022;2.8;248.86673149804;6.8;189.0;-24.1296;15.8947;31201
17 Jan 2022;2.9;264.8202843002;7.0;246.7;-24.1296;15.8947;31201
18 Jan 2022;1.5;162.61987679201;10.7;158.0;-24.1296;15.8947;31201
19 Jan 2022;1.6;94.897096353059;5.4;131.4;-24.1296;15.8947;31201
20 Jan 2022;0.6;342.07944336223;7.1;236.7;-24.1296;15.8947;31201
21 Jan 2022;0.1;176.18235719743;9.5;330.7;-24.1296;15.8947;31201
22 Jan 2022;0.5;329.08944231775;6.5;185.3;-24.1296;15.8947;31201
23 Jan 2022;3.4;99.691445206517;8.2;170.0;-24.1296;15.8947;31201
24 Jan 2022;1.8;180.8821211542;7.8;194.1;-24.1296;15.8947;31201
25 Jan 2022;2.1;139.94413711328;6.8;193.8;-24.1296;15.8947;31201
26 Jan 2022;1.8;156.9572470499;8.7;221.5;-24.1296;15.8947;31201
27 Jan 2022;2.3;233.30334120007;8.3;186.9;-24.1296;15.8947;31201
28 Jan 2022;3.1;281.94154219355;7.5;283.4;-24.1296;15.8947;31201
29 Jan 2022;2.9;281.04339043702;6.0;287.5;-24.1296;15.8947;31201
30 Jan 2022;2.7;287.1030124145;7.3;263.2;-24.1296;15.8947;31201
31 Jan 2022;3.8;280.71496979817;6.2;255.3;-24.1296;15.8947;31201
01 Feb 2022;3.0;289.10774112324;5.4;276.7;-24.1296;15.8947;31201
02 Feb 2022;2.6;286.69768905839;5.9;253.9;-24.1296;15.8947;31201
03 Feb 2022;2.2;293.21346201586;4.5;297.2;-24.1296;15.8947;31201
04 Feb 2022;1.5;346.7597778318;9.3;17.63;-24.1296;15.8947;31201
05 Feb 2022;2.0;297.76572435514;7.7;279.3;-24.1296;15.8947;31201
06 Feb 2022;0.6;233.35117897594;8.4;137.6;-24.1296;15.8947;31201
07 Feb 2022;1.7;98.80591161006;5.9;20.19;-24.1296;15.8947;31201
08 Feb 2022;0.2;70.890206248575;7.6;175.5;-24.1296;15.8947;31201
09 Feb 2022;0.7;140.32085998246;4.6;135.9;-24.1296;15.8947;31201
10 Feb 2022;1.0;134.61276656353;8.7;170.9;-24.1296;15.8947;31201
11 Feb 2022;1.2;109.07854373748;5.2;119.7;-24.1296;15.8947;31201
12 Feb 2022;0.2;204.71654665326;9.8;169.7;-24.1296;15.8947;31201
13 Feb 2022;0.7;151.51664858525;6.0;184.9;-24.1296;15.8947;31201
14 Feb 2022;0.4;191.98182181194;8.5;256.6;-24.1296;15.8947;31201
15 Feb 2022;0.4;284.45877351123;8.0;329.8;-24.1296;15.8947;31201
16 Feb 2022;1.4;105.91615520532;4.7;3.55;-24.1296;15.8947;31201
17 Feb 2022;2.5;109.82758448602;8.6;177.5;-24.1296;15.8947;31201
18 Feb 2022;0.3;85.317618918387;9.5;2.64;-24.1296;15.8947;31201
19 Feb 2022;0.9;155.78499075575;8.5;134.3;-24.1296;15.8947;31201
20 Feb 2022;0.9;200.79746555939;5.5;238.7;-24.1296;15.8947;31201
21 Feb 2022;1.7;157.31094674773;7.8;184.6;-24.1296;15.8947;31201
22 Feb 2022;2.3;198.68242096563;8.0;228.9;-24.1296;15.8947;31201
23 Feb 2022;3.1;186.65041176166;6.1;195.1;-24.1296;15.8947;31201
24 Feb 2022;3.0;180.73066818473;7.8;183.3;-24.1296;15.8947;31201
25 Feb 2022;2.1;228.01746687369;6.1;241.4;-24.1296;15.8947;31201
26 Feb 2022;3.1;304.72927891206;5.8;325.4;-24.1296;15.8947;31201
27 Feb 2022;2.3;294.86645891104;6.5;317.5;-24.1296;15.8947;31201
28 Feb 2022;1.8;275.18525575579;5.6;322.7;-24.1296;15.8947;31201
01 Mar 2022;1.7;230.77585062023;6.8;193.5;-24.1296;15.8947;31201
02 Mar 2022;2.6;211.94409925235;6.9;223.5;-24.1296;15.8947;31201
03 Mar 2022;2.3;235.46520690998;5.4;242.6;-24.1296;15.8947;31201
04 Mar 2022;1.6;271.57296493702;4.3;283.3;-24.1296;15.8947;31201
05 Mar 2022;1.8;295.21208642148;6.9;329.4;-24.1296;15.8947;31201
06 Mar 2022;2.1;225.14972622694;8.1;193.9;-24.1296;15.8947;31201
07 Mar 2022;2.1;211.15943617617;8.2;225.4;-24.1296;15.8947;31201
08 Mar 2022;1.6;195.10763029727;8.1;228.2;-24.1296;15.8947;31201
09 Mar 2022;2.1;234.82667422325;6.2;246.7;-24.1296;15.8947;31201
10 Mar 2022;2.1;102.94784479419;7.5;219.4;-24.1296;15.8947;31201
11 Mar 2022;1.4;215.6608653542;8.0;203.2;-24.1296;15.8947;31201
12 Mar 2022;1.1;305.79564880923;6.6;176.9;-24.1296;15.8947;31201
13 Mar 2022;1.9;243.94885195848;7.6;186.7;-24.1296;15.8947;31201
14 Mar 2022;1.1;219.48269581747;7.5;238.1;-24.1296;15.8947;31201
15 Mar 2022;2.4;190.70744848531;7.1;210.5;-24.1296;15.8947;31201
16 Mar 2022;1.7;275.19206761157;5.8;275.2;-24.1296;15.8947;31201
17 Mar 2022;1.5;20.657989092658;7.2;31.96;-24.1296;15.8947;31201
18 Mar 2022;2.1;171.39417541998;9.3;173.6;-24.1296;15.8947;31201
19 Mar 2022;1.8;136.55313737254;6.2;163.8;-24.1296;15.8947;31201
20 Mar 2022;1.6;168.37778534206;9.0;177.5;-24.1296;15.8947;31201
21 Mar 2022;0.5;341.85620711968;8.0;168.4;-24.1296;15.8947;31201
22 Mar 2022;0.7;246.61831277365;6.8;208.5;-24.1296;15.8947;31201
23 Mar 2022;2.0;294.39840885593;7.1;308.1;-24.1296;15.8947;31201
24 Mar 2022;1.6;297.39255919192;6.2;239.2;-24.1296;15.8947;31201
25 Mar 2022;0.8;223.59916803893;7.0;137.5;-24.1296;15.8947;31201
26 Mar 2022;1.4;273.60423734147;4.8;279.8;-24.1296;15.8947;31201
27 Mar 2022;1.2;318.79584019277;5.1;344.5;-24.1296;15.8947;31201
28 Mar 2022;1.2;312.92542690447;5.9;338.0;-24.1296;15.8947;31201
29 Mar 2022;1.5;274.86057515058;5.2;311.0;-24.1296;15.8947;31201
30 Mar 2022;1.4;253.3603805682;4.2;220.1;-24.1296;15.8947;31201
31 Mar 2022;1.7;253.09051406642;5.0;219.8;-24.1296;15.8947;31201
01 Apr 2022;1.5;235.50605523628;5.5;235.9;-24.1296;15.8947;31201
02 Apr 2022;2.5;287.15936046916;6.5;285.5;-24.1296;15.8947;31201
03 Apr 2022;3.1;301.53402658026;6.3;298.0;-24.1296;15.8947;31201
04 Apr 2022;2.0;297.5524715652;5.1;309.0;-24.1296;15.8947;31201
05 Apr 2022;1.3;275.22069543991;3.2;278.1;-24.1296;15.8947;31201
06 Apr 2022;1.3;233.27792829988;4.7;227.5;-24.1296;15.8947;31201
07 Apr 2022;1.2;308.46672829823;6.1;316.5;-24.1296;15.8947;31201
08 Apr 2022;1.5;270.90041484917;5.5;296.6;-24.1296;15.8947;31201
09 Apr 2022;1.5;243.43837256706;4.5;201.9;-24.1296;15.8947;31201
10 Apr 2022;0.9;126.43358054052;4.8;16.25;-24.1296;15.8947;31201
11 Apr 2022;0.6;280.68908564531;4.4;297.7;-24.1296;15.8947;31201
12 Apr 2022;2.0;270.19471430356;4.6;286.9;-24.1296;15.8947;31201
13 Apr 2022;1.3;251.34159442294;4.2;240.6;-24.1296;15.8947;31201
14 Apr 2022;1.9;280.99782888402;5.5;286.0;-24.1296;15.8947;31201
15 Apr 2022;2.4;300.56559797055;5.5;292.1;-24.1296;15.8947;31201
16 Apr 2022;1.2;260.19154378399;4.2;305.1;-24.1296;15.8947;31201
17 Apr 2022;1.0;267.58096210365;4.1;333.7;-24.1296;15.8947;31201
18 Apr 2022;1.3;101.74579670715;4.7;68.93;-24.1296;15.8947;31201
19 Apr 2022;2.4;88.208362622137;4.7;70.36;-24.1296;15.8947;31201
20 Apr 2022;1.5;137.39004694906;4.1;213.6;-24.1296;15.8947;31201
21 Apr 2022;1.1;240.35927281579;5.8;233.6;-24.1296;15.8947;31201
22 Apr 2022;1.3;255.15254308237;5.4;235.0;-24.1296;15.8947;31201
23 Apr 2022;2.1;273.16915717368;5.4;270.3;-24.1296;15.8947;31201
24 Apr 2022;1.3;276.3362424783;3.5;285.4;-24.1296;15.8947;31201
25 Apr 2022;1.3;71.747518030906;5.0;93.8;-24.1296;15.8947;31201
26 Apr 2022;0.6;111.405789813;4.8;198.5;-24.1296;15.8947;31201
27 Apr 2022;1.2;250.75611218685;5.4;181.0;-24.1296;15.8947;31201
28 Apr 2022;2.2;209.18124651526;6.8;174.6;-24.1296;15.8947;31201
29 Apr 2022;2.6;197.20051517053;6.4;171.4;-24.1296;15.8947;31201
30 Apr 2022;1.0;258.23245818763;3.7;275.7;-24.1296;15.8947;31201
01 May 2022;2.5;61.017152855612;9.7;35.76;-24.1296;15.8947;31201
02 May 2022;0.7;155.75298677796;4.4;188.1;-24.1296;15.8947;31201
03 May 2022;1.6;176.31216654591;4.6;169.4;-24.1296;15.8947;31201
04 May 2022;1.4;93.305417196212;5.5;61.42;-24.1296;15.8947;31201
05 May 2022;0.2;105.06358402513;6.3;22.87;-24.1296;15.8947;31201
06 May 2022;2.0;236.53569462853;5.2;213.6;-24.1296;15.8947;31201
07 May 2022;1.7;246.69538021948;5.6;284.9;-24.1296;15.8947;31201
08 May 2022;1.3;111.99868468274;4.0;123.9;-24.1296;15.8947;31201
09 May 2022;1.5;264.60542241965;4.8;290.9;-24.1296;15.8947;31201
10 May 2022;1.8;219.48448680119;4.5;220.0;-24.1296;15.8947;31201
11 May 2022;1.6;234.54411414904;4.5;224.9;-24.1296;15.8947;31201
12 May 2022;1.5;259.33329285946;4.6;299.2;-24.1296;15.8947;31201
13 May 2022;1.6;262.42016906785;4.7;310.6;-24.1296;15.8947;31201
14 May 2022;1.0;260.87172763979;3.5;301.5;-24.1296;15.8947;31201
15 May 2022;1.1;54.280293211474;9.2;32.48;-24.1296;15.8947;31201
16 May 2022;2.4;9.3454569995856;6.9;28.99;-24.1296;15.8947;31201
17 May 2022;3.5;17.202518917176;6.5;21.58;-24.1296;15.8947;31201
18 May 2022;1.9;317.70486513423;6.5;339.8;-24.1296;15.8947;31201
19 May 2022;2.3;273.85473898011;5.5;289.2;-24.1296;15.8947;31201
20 May 2022;3.0;187.75713278708;5.2;188.8;-24.1296;15.8947;31201
21 May 2022;;;;;-24.1296;15.8947;31201
22 May 2022;;;;;-24.1296;15.8947;31201
23 May 2022;;;;;-24.1296;15.8947;31201
24 May 2022;;;;;-24.1296;15.8947;31201
25 May 2022;;;;;-24.1296;15.8947;31201
26 May 2022;;;;;-24.1296;15.8947;31201
27 May 2022;;;;;-24.1296;15.8947;31201
28 May 2022;;;;;-24.1296;15.8947;31201
29 May 2022;;;;;-24.1296;15.8947;31201
30 May 2022;;;;;-24.1296;15.8947;31201
31 May 2022;;;;;-24.1296;15.8947;31201
01 Jun 2022;;;;;-24.1296;15.8947;31201
02 Jun 2022;;;;;-24.1296;15.8947;31201
03 Jun 2022;;;;;-24.1296;15.8947;31201
04 Jun 2022;;;;;-24.1296;15.8947;31201
05 Jun 2022;;;;;-24.1296;15.8947;31201
06 Jun 2022;;;;;-24.1296;15.8947;31201
07 Jun 2022;;;;;-24.1296;15.8947;31201
08 Jun 2022;;;;;-24.1296;15.8947;31201
09 Jun 2022;;;;;-24.1296;15.8947;31201
10 Jun 2022;;;;;-24.1296;15.8947;31201
11 Jun 2022;;;;;-24.1296;15.8947;31201
12 Jun 2022;;;;;-24.1296;15.8947;31201
13 Jun 2022;;;;;-24.1296;15.8947;31201
14 Jun 2022;;;;;-24.1296;15.8947;31201
15 Jun 2022;;;;;-24.1296;15.8947;31201
16 Jun 2022;;;;;-24.1296;15.8947;31201
17 Jun 2022;;;;;-24.1296;15.8947;31201
18 Jun 2022;;;;;-24.1296;15.8947;31201
19 Jun 2022;;;;;-24.1296;15.8947;31201
20 Jun 2022;;;;;-24.1296;15.8947;31201
21 Jun 2022;;;;;-24.1296;15.8947;31201
22 Jun 2022;;;;;-24.1296;15.8947;31201
23 Jun 2022;;;;;-24.1296;15.8947;31201
24 Jun 2022;;;;;-24.1296;15.8947;31201
25 Jun 2022;;;;;-24.1296;15.8947;31201
26 Jun 2022;;;;;-24.1296;15.8947;31201
27 Jun 2022;;;;;-24.1296;15.8947;31201
28 Jun 2022;;;;;-24.1296;15.8947;31201
29 Jun 2022;;;;;-24.1296;15.8947;31201
30 Jun 2022;;;;;-24.1296;15.8947;31201
01 Jul 2022;;;;;-24.1296;15.8947;31201
02 Jul 2022;;;;;-24.1296;15.8947;31201
03 Jul 2022;;;;;-24.1296;15.8947;31201
04 Jul 2022;;;;;-24.1296;15.8947;31201
05 Jul 2022;;;;;-24.1296;15.8947;31201
06 Jul 2022;;;;;-24.1296;15.8947;31201
07 Jul 2022;;;;;-24.1296;15.8947;31201
08 Jul 2022;;;;;-24.1296;15.8947;31201
09 Jul 2022;;;;;-24.1296;15.8947;31201
10 Jul 2022;;;;;-24.1296;15.8947;31201
11 Jul 2022;;;;;-24.1296;15.8947;31201
12 Jul 2022;;;;;-24.1296;15.8947;31201
13 Jul 2022;;;;;-24.1296;15.8947;31201
14 Jul 2022;;;;;-24.1296;15.8947;31201
15 Jul 2022;;;;;-24.1296;15.8947;31201
16 Jul 2022;;;;;-24.1296;15.8947;31201
17 Jul 2022;;;;;-24.1296;15.8947;31201
18 Jul 2022;;;;;-24.1296;15.8947;31201
19 Jul 2022;;;;;-24.1296;15.8947;31201
20 Jul 2022;;;;;-24.1296;15.8947;31201
21 Jul 2022;;;;;-24.1296;15.8947;31201
22 Jul 2022;;;;;-24.1296;15.8947;31201
23 Jul 2022;;;;;-24.1296;15.8947;31201
24 Jul 2022;;;;;-24.1296;15.8947;31201
25 Jul 2022;;;;;-24.1296;15.8947;31201
26 Jul 2022;;;;;-24.1296;15.8947;31201
27 Jul 2022;;;;;-24.1296;15.8947;31201
28 Jul 2022;;;;;-24.1296;15.8947;31201
29 Jul 2022;;;;;-24.1296;15.8947;31201
30 Jul 2022;;;;;-24.1296;15.8947;31201
31 Jul 2022;;;;;-24.1296;15.8947;31201
01 Aug 2022;;;;;-24.1296;15.8947;31201
02 Aug 2022;;;;;-24.1296;15.8947;31201
03 Aug 2022;;;;;-24.1296;15.8947;31201
04 Aug 2022;;;;;-24.1296;15.8947;31201
05 Aug 2022;;;;;-24.1296;15.8947;31201
06 Aug 2022;;;;;-24.1296;15.8947;31201
07 Aug 2022;;;;;-24.1296;15.8947;31201
08 Aug 2022;;;;;-24.1296;15.8947;31201
09 Aug 2022;;;;;-24.1296;15.8947;31201
10 Aug 2022;;;;;-24.1296;15.8947;31201
11 Aug 2022;;;;;-24.1296;15.8947;31201
12 Aug 2022;;;;;-24.1296;15.8947;31201
13 Aug 2022;;;;;-24.1296;15.8947;31201
14 Aug 2022;;;;;-24.1296;15.8947;31201
15 Aug 2022;;;;;-24.1296;15.8947;31201
16 Aug 2022;;;;;-24.1296;15.8947;31201
17 Aug 2022;;;;;-24.1296;15.8947;31201
18 Aug 2022;;;;;-24.1296;15.8947;31201
19 Aug 2022;;;;;-24.1296;15.8947;31201
20 Aug 2022;;;;;-24.1296;15.8947;31201
21 Aug 2022;;;;;-24.1296;15.8947;31201
22 Aug 2022;;;;;-24.1296;15.8947;31201
23 Aug 2022;;;;;-24.1296;15.8947;31201
24 Aug 2022;;;;;-24.1296;15.8947;31201
25 Aug 2022;;;;;-24.1296;15.8947;31201
26 Aug 2022;;;;;-24.1296;15.8947;31201
27 Aug 2022;;;;;-24.1296;15.8947;31201
28 Aug 2022;;;;;-24.1296;15.8947;31201
29 Aug 2022;;;;;-24.1296;15.8947;31201
30 Aug 2022;;;;;-24.1296;15.8947;31201
31 Aug 2022;;;;;-24.1296;15.8947;31201
01 Sep 2022;;;;;-24.1296;15.8947;31201
02 Sep 2022;;;;;-24.1296;15.8947;31201
03 Sep 2022;;;;;-24.1296;15.8947;31201
04 Sep 2022;;;;;-24.1296;15.8947;31201
05 Sep 2022;;;;;-24.1296;15.8947;31201
06 Sep 2022;;;;;-24.1296;15.8947;31201
07 Sep 2022;;;;;-24.1296;15.8947;31201
08 Sep 2022;;;;;-24.1296;15.8947;31201
09 Sep 2022;;;;;-24.1296;15.8947;31201
10 Sep 2022;;;;;-24.1296;15.8947;31201
11 Sep 2022;;;;;-24.1296;15.8947;31201
12 Sep 2022;;;;;-24.1296;15.8947;31201
13 Sep 2022;;;;;-24.1296;15.8947;31201
14 Sep 2022;;;;;-24.1296;15.8947;31201
15 Sep 2022;;;;;-24.1296;15.8947;31201
16 Sep 2022;;;;;-24.1296;15.8947;31201
17 Sep 2022;;;;;-24.1296;15.8947;31201
18 Sep 2022;;;;;-24.1296;15.8947;31201
19 Sep 2022;;;;;-24.1296;15.8947;31201
20 Sep 2022;;;;;-24.1296;15.8947;31201
21 Sep 2022;;;;;-24.1296;15.8947;31201
22 Sep 2022;;;;;-24.1296;15.8947;31201
23 Sep 2022;;;;;-24.1296;15.8947;31201
24 Sep 2022;;;;;-24.1296;15.8947;31201
25 Sep 2022;;;;;-24.1296;15.8947;31201
26 Sep 2022;;;;;-24.1296;15.8947;31201
27 Sep 2022;;;;;-24.1296;15.8947;31201
28 Sep 2022;;;;;-24.1296;15.8947;31201
29 Sep 2022;;;;;-24.1296;15.8947;31201
30 Sep 2022;;;;;-24.1296;15.8947;31201
01 Oct 2022;;;;;-24.1296;15.8947;31201
02 Oct 2022;;;;;-24.1296;15.8947;31201
03 Oct 2022;;;;;-24.1296;15.8947;31201
04 Oct 2022;;;;;-24.1296;15.8947;31201
05 Oct 2022;;;;;-24.1296;15.8947;31201
06 Oct 2022;;;;;-24.1296;15.8947;31201
07 Oct 2022;;;;;-24.1296;15.8947;31201
08 Oct 2022;;;;;-24.1296;15.8947;31201
09 Oct 2022;;;;;-24.1296;15.8947;31201
10 Oct 2022;;;;;-24.1296;15.8947;31201
11 Oct 2022;;;;;-24.1296;15.8947;31201
12 Oct 2022;;;;;-24.1296;15.8947;31201
13 Oct 2022;;;;;-24.1296;15.8947;31201
14 Oct 2022;;;;;-24.1296;15.8947;31201
15 Oct 2022;;;;;-24.1296;15.8947;31201
16 Oct 2022;;;;;-24.1296;15.8947;31201
17 Oct 2022;;;;;-24.1296;15.8947;31201
18 Oct 2022;;;;;-24.1296;15.8947;31201
19 Oct 2022;;;;;-24.1296;15.8947;31201
20 Oct 2022;;;;;-24.1296;15.8947;31201
21 Oct 2022;;;;;-24.1296;15.8947;31201
22 Oct 2022;;;;;-24.1296;15.8947;31201
23 Oct 2022;;;;;-24.1296;15.8947;31201
24 Oct 2022;;;;;-24.1296;15.8947;31201
25 Oct 2022;;;;;-24.1296;15.8947;31201
26 Oct 2022;;;;;-24.1296;15.8947;31201
27 Oct 2022;;;;;-24.1296;15.8947;31201
28 Oct 2022;;;;;-24.1296;15.8947;31201
29 Oct 2022;;;;;-24.1296;15.8947;31201
30 Oct 2022;;;;;-24.1296;15.8947;31201
31 Oct 2022;;;;;-24.1296;15.8947;31201
01 Nov 2022;;;;;-24.1296;15.8947;31201
02 Nov 2022;;;;;-24.1296;15.8947;31201
03 Nov 2022;;;;;-24.1296;15.8947;31201
04 Nov 2022;;;;;-24.1296;15.8947;31201
05 Nov 2022;;;;;-24.1296;15.8947;31201
06 Nov 2022;;;;;-24.1296;15.8947;31201
07 Nov 2022;;;;;-24.1296;15.8947;31201
08 Nov 2022;;;;;-24.1296;15.8947;31201
09 Nov 2022;;;;;-24.1296;15.8947;31201
10 Nov 2022;;;;;-24.1296;15.8947;31201
11 Nov 2022;;;;;-24.1296;15.8947;31201
12 Nov 2022;;;;;-24.1296;15.8947;31201
13 Nov 2022;;;;;-24.1296;15.8947;31201
14 Nov 2022;;;;;-24.1296;15.8947;31201
15 Nov 2022;;;;;-24.1296;15.8947;31201
16 Nov 2022;;;;;-24.1296;15.8947;31201
17 Nov 2022;;;;;-24.1296;15.8947;31201
18 Nov 2022;;;;;-24.1296;15.8947;31201
19 Nov 2022;;;;;-24.1296;15.8947;31201
20 Nov 2022;;;;;-24.1296;15.8947;31201
21 Nov 2022;;;;;-24.1296;15.8947;31201
22 Nov 2022;;;;;-24.1296;15.8947;31201
23 Nov 2022;;;;;-24.1296;15.8947;31201
24 Nov 2022;;;;;-24.1296;15.8947;31201
25 Nov 2022;;;;;-24.1296;15.8947;31201
26 Nov 2022;;;;;-24.1296;15.8947;31201
27 Nov 2022;;;;;-24.1296;15.8947;31201
28 Nov 2022;;;;;-24.1296;15.8947;31201
29 Nov 2022;;;;;-24.1296;15.8947;31201
30 Nov 2022;;;;;-24.1296;15.8947;31201
01 Dec 2022;;;;;-24.1296;15.8947;31201
02 Dec 2022;;;;;-24.1296;15.8947;31201
03 Dec 2022;;;;;-24.1296;15.8947;31201
04 Dec 2022;;;;;-24.1296;15.8947;31201
05 Dec 2022;;;;;-24.1296;15.8947;31201
06 Dec 2022;;;;;-24.1296;15.8947;31201
07 Dec 2022;;;;;-24.1296;15.8947;31201
08 Dec 2022;;;;;-24.1296;15.8947;31201
09 Dec 2022;;;;;-24.1296;15.8947;31201
10 Dec 2022;;;;;-24.1296;15.8947;31201
11 Dec 2022;;;;;-24.1296;15.8947;31201
12 Dec 2022;;;;;-24.1296;15.8947;31201
13 Dec 2022;;;;;-24.1296;15.8947;31201
14 Dec 2022;;;;;-24.1296;15.8947;31201
15 Dec 2022;;;;;-24.1296;15.8947;31201
16 Dec 2022;;;;;-24.1296;15.8947;31201
17 Dec 2022;;;;;-24.1296;15.8947;31201
18 Dec 2022;;;;;-24.1296;15.8947;31201
19 Dec 2022;;;;;-24.1296;15.8947;31201
20 Dec 2022;;;;;-24.1296;15.8947;31201
21 Dec 2022;;;;;-24.1296;15.8947;31201
22 Dec 2022;;;;;-24.1296;15.8947;31201
23 Dec 2022;;;;;-24.1296;15.8947;31201
24 Dec 2022;;;;;-24.1296;15.8947;31201
25 Dec 2022;;;;;-24.1296;15.8947;31201
26 Dec 2022;;;;;-24.1296;15.8947;31201
27 Dec 2022;;;;;-24.1296;15.8947;31201
28 Dec 2022;;;;;-24.1296;15.8947;31201
29 Dec 2022;;;;;-24.1296;15.8947;31201
30 Dec 2022;;;;;-24.1296;15.8947;31201
31 Dec 2022;;;;;-24.1296;15.8947;31201
01 Jan 2023;;;;;-24.1296;15.8947;31201
02 Jan 2023;;;;;-24.1296;15.8947;31201
03 Jan 2023;;;;;-24.1296;15.8947;31201
04 Jan 2023;;;;;-24.1296;15.8947;31201
05 Jan 2023;;;;;-24.1296;15.8947;31201
06 Jan 2023;;;;;-24.1296;15.8947;31201
07 Jan 2023;;;;;-24.1296;15.8947;31201
08 Jan 2023;;;;;-24.1296;15.8947;31201
09 Jan 2023;;;;;-24.1296;15.8947;31201
10 Jan 2023;;;;;-24.1296;15.8947;31201
11 Jan 2023;;;;;-24.1296;15.8947;31201
12 Jan 2023;;;;;-24.1296;15.8947;31201
13 Jan 2023;;;;;-24.1296;15.8947;31201
14 Jan 2023;;;;;-24.1296;15.8947;31201
15 Jan 2023;;;;;-24.1296;15.8947;31201
16 Jan 2023;;;;;-24.1296;15.8947;31201
17 Jan 2023;;;;;-24.1296;15.8947;31201
18 Jan 2023;;;;;-24.1296;15.8947;31201
19 Jan 2023;;;;;-24.1296;15.8947;31201
20 Jan 2023;;;;;-24.1296;15.8947;31201
21 Jan 2023;;;;;-24.1296;15.8947;31201
22 Jan 2023;;;;;-24.1296;15.8947;31201
23 Jan 2023;;;;;-24.1296;15.8947;31201
24 Jan 2023;;;;;-24.1296;15.8947;31201
25 Jan 2023;;;;;-24.1296;15.8947;31201
26 Jan 2023;;;;;-24.1296;15.8947;31201
27 Jan 2023;;;;;-24.1296;15.8947;31201
28 Jan 2023;;;;;-24.1296;15.8947;31201
29 Jan 2023;;;;;-24.1296;15.8947;31201
30 Jan 2023;;;;;-24.1296;15.8947;31201
31 Jan 2023;;;;;-24.1296;15.8947;31201
01 Feb 2023;;;;;-24.1296;15.8947;31201
02 Feb 2023;;;;;-24.1296;15.8947;31201
03 Feb 2023;;;;;-24.1296;15.8947;31201
04 Feb 2023;;;;;-24.1296;15.8947;31201
05 Feb 2023;;;;;-24.1296;15.8947;31201
06 Feb 2023;;;;;-24.1296;15.8947;31201
07 Feb 2023;;;;;-24.1296;15.8947;31201
08 Feb 2023;;;;;-24.1296;15.8947;31201
09 Feb 2023;;;;;-24.1296;15.8947;31201
10 Feb 2023;;;;;-24.1296;15.8947;31201
11 Feb 2023;;;;;-24.1296;15.8947;31201
12 Feb 2023;;;;;-24.1296;15.8947;31201
13 Feb 2023;;;;;-24.1296;15.8947;31201
14 Feb 2023;;;;;-24.1296;15.8947;31201
15 Feb 2023;;;;;-24.1296;15.8947;31201
16 Feb 2023;;;;;-24.1296;15.8947;31201
17 Feb 2023;;;;;-24.1296;15.8947;31201
18 Feb 2023;;;;;-24.1296;15.8947;31201
19 Feb 2023;;;;;-24.1296;15.8947;31201
20 Feb 2023;;;;;-24.1296;15.8947;31201
21 Feb 2023;;;;;-24.1296;15.8947;31201
22 Feb 2023;;;;;-24.1296;15.8947;31201
23 Feb 2023;;;;;-24.1296;15.8947;31201
24 Feb 2023;;;;;-24.1296;15.8947;31201
25 Feb 2023;;;;;-24.1296;15.8947;31201
26 Feb 2023;;;;;-24.1296;15.8947;31201
27 Feb 2023;;;;;-24.1296;15.8947;31201
28 Feb 2023;;;;;-24.1296;15.8947;31201
01 Mar 2023;;;;;-24.1296;15.8947;31201
02 Mar 2023;;;;;-24.1296;15.8947;31201
03 Mar 2023;;;;;-24.1296;15.8947;31201
04 Mar 2023;;;;;-24.1296;15.8947;31201
05 Mar 2023;;;;;-24.1296;15.8947;31201
06 Mar 2023;;;;;-24.1296;15.8947;31201
07 Mar 2023;;;;;-24.1296;15.8947;31201
08 Mar 2023;;;;;-24.1296;15.8947;31201
09 Mar 2023;;;;;-24.1296;15.8947;31201
10 Mar 2023;;;;;-24.1296;15.8947;31201
11 Mar 2023;;;;;-24.1296;15.8947;31201
12 Mar 2023;;;;;-24.1296;15.8947;31201
13 Mar 2023;;;;;-24.1296;15.8947;31201
14 Mar 2023;;;;;-24.1296;15.8947;31201
15 Mar 2023;;;;;-24.1296;15.8947;31201
16 Mar 2023;;;;;-24.1296;15.8947;31201
17 Mar 2023;;;;;-24.1296;15.8947;31201
18 Mar 2023;;;;;-24.1296;15.8947;31201
19 Mar 2023;;;;;-24.1296;15.8947;31201
20 Mar 2023;;;;;-24.1296;15.8947;31201
21 Mar 2023;;;;;-24.1296;15.8947;31201
22 Mar 2023;;;;;-24.1296;15.8947;31201
23 Mar 2023;;;;;-24.1296;15.8947;31201
24 Mar 2023;;;;;-24.1296;15.8947;31201
25 Mar 2023;;;;;-24.1296;15.8947;31201
26 Mar 2023;;;;;-24.1296;15.8947;31201
27 Mar 2023;;;;;-24.1296;15.8947;31201
28 Mar 2023;;;;;-24.1296;15.8947;31201
29 Mar 2023;;;;;-24.1296;15.8947;31201
30 Mar 2023;;;;;-24.1296;15.8947;31201
31 Mar 2023;;;;;-24.1296;15.8947;31201
01 Apr 2023;;;;;-24.1296;15.8947;31201
02 Apr 2023;;;;;-24.1296;15.8947;31201
03 Apr 2023;;;;;-24.1296;15.8947;31201
04 Apr 2023;;;;;-24.1296;15.8947;31201
05 Apr 2023;;;;;-24.1296;15.8947;31201
06 Apr 2023;;;;;-24.1296;15.8947;31201
07 Apr 2023;;;;;-24.1296;15.8947;31201
08 Apr 2023;;;;;-24.1296;15.8947;31201
09 Apr 2023;;;;;-24.1296;15.8947;31201
10 Apr 2023;;;;;-24.1296;15.8947;31201
11 Apr 2023;;;;;-24.1296;15.8947;31201
12 Apr 2023;;;;;-24.1296;15.8947;31201
13 Apr 2023;;;;;-24.1296;15.8947;31201
14 Apr 2023;;;;;-24.1296;15.8947;31201
15 Apr 2023;;;;;-24.1296;15.8947;31201
16 Apr 2023;;;;;-24.1296;15.8947;31201
17 Apr 2023;;;;;-24.1296;15.8947;31201
18 Apr 2023;;;;;-24.1296;15.8947;31201
19 Apr 2023;;;;;-24.1296;15.8947;31201
20 Apr 2023;;;;;-24.1296;15.8947;31201
21 Apr 2023;;;;;-24.1296;15.8947;31201
22 Apr 2023;;;;;-24.1296;15.8947;31201
23 Apr 2023;;;;;-24.1296;15.8947;31201
24 Apr 2023;;;;;-24.1296;15.8947;31201
25 Apr 2023;;;;;-24.1296;15.8947;31201
26 Apr 2023;;;;;-24.1296;15.8947;31201
27 Apr 2023;;;;;-24.1296;15.8947;31201
28 Apr 2023;;;;;-24.1296;15.8947;31201
29 Apr 2023;;;;;-24.1296;15.8947;31201
30 Apr 2023;;;;;-24.1296;15.8947;31201
01 May 2023;;;;;-24.1296;15.8947;31201
02 May 2023;;;;;-24.1296;15.8947;31201
03 May 2023;;;;;-24.1296;15.8947;31201
04 May 2023;;;;;-24.1296;15.8947;31201
05 May 2023;;;;;-24.1296;15.8947;31201
06 May 2023;;;;;-24.1296;15.8947;31201
07 May 2023;;;;;-24.1296;15.8947;31201
08 May 2023;;;;;-24.1296;15.8947;31201
09 May 2023;;;;;-24.1296;15.8947;31201
10 May 2023;;;;;-24.1296;15.8947;31201
11 May 2023;;;;;-24.1296;15.8947;31201
12 May 2023;;;;;-24.1296;15.8947;31201
13 May 2023;;;;;-24.1296;15.8947;31201
14 May 2023;;;;;-24.1296;15.8947;31201
15 May 2023;;;;;-24.1296;15.8947;31201
16 May 2023;;;;;-24.1296;15.8947;31201
17 May 2023;;;;;-24.1296;15.8947;31201
18 May 2023;;;;;-24.1296;15.8947;31201
19 May 2023;;;;;-24.1296;15.8947;31201
20 May 2023;;;;;-24.1296;15.8947;31201
21 May 2023;;;;;-24.1296;15.8947;31201
22 May 2023;;;;;-24.1296;15.8947;31201
23 May 2023;;;;;-24.1296;15.8947;31201
24 May 2023;;;;;-24.1296;15.8947;31201
25 May 2023;;;;;-24.1296;15.8947;31201
26 May 2023;;;;;-24.1296;15.8947;31201
27 May 2023;;;;;-24.1296;15.8947;31201
28 May 2023;;;;;-24.1296;15.8947;31201
29 May 2023;;;;;-24.1296;15.8947;31201
30 May 2023;;;;;-24.1296;15.8947;31201
31 May 2023;;;;;-24.1296;15.8947;31201
01 Jun 2023;;;;;-24.1296;15.8947;31201
02 Jun 2023;;;;;-24.1296;15.8947;31201
03 Jun 2023;;;;;-24.1296;15.8947;31201
04 Jun 2023;;;;;-24.1296;15.8947;31201
05 Jun 2023;;;;;-24.1296;15.8947;31201
06 Jun 2023;;;;;-24.1296;15.8947;31201
07 Jun 2023;;;;;-24.1296;15.8947;31201
08 Jun 2023;;;;;-24.1296;15.8947;31201
09 Jun 2023;;;;;-24.1296;15.8947;31201
10 Jun 2023;;;;;-24.1296;15.8947;31201
11 Jun 2023;;;;;-24.1296;15.8947;31201
12 Jun 2023;;;;;-24.1296;15.8947;31201
13 Jun 2023;;;;;-24.1296;15.8947;31201
14 Jun 2023;;;;;-24.1296;15.8947;31201
15 Jun 2023;;;;;-24.1296;15.8947;31201
16 Jun 2023;;;;;-24.1296;15.8947;31201
17 Jun 2023;;;;;-24.1296;15.8947;31201
18 Jun 2023;1.4;289.15171192392;5.0;262.4;-24.1296;15.8947;31201
19 Jun 2023;1.6;185.78493523912;2.6;156.8;-24.1296;15.8947;31201
20 Jun 2023;1.2;219.93084468516;4.1;255.5;-24.1296;15.8947;31201
21 Jun 2023;1.1;247.96002188628;4.4;320.5;-24.1296;15.8947;31201
22 Jun 2023;1.4;231.63216111617;4.2;308.1;-24.1296;15.8947;31201
23 Jun 2023;1.2;230.27104220374;4.3;316.3;-24.1296;15.8947;31201
24 Jun 2023;1.8;288.52541468379;8.0;335.6;-24.1296;15.8947;31201
25 Jun 2023;1.7;282.35168260319;6.9;293.0;-24.1296;15.8947;31201
26 Jun 2023;3.6;304.76918707665;6.3;303.1;-24.1296;15.8947;31201
27 Jun 2023;3.0;271.99365409999;4.6;312.6;-24.1296;15.8947;31201
28 Jun 2023;3.1;184.48267825806;7.2;183.0;-24.1296;15.8947;31201
29 Jun 2023;1.1;126.64945335754;3.9;176.5;-24.1296;15.8947;31201
30 Jun 2023;1.8;85.968148722029;5.2;26.35;-24.1296;15.8947;31201
01 Jul 2023;0.6;134.29408674317;3.5;102.0;-24.1296;15.8947;31201
02 Jul 2023;0.3;215.307252062;3.7;328.6;-24.1296;15.8947;31201
03 Jul 2023;0.4;148.15767920354;3.7;107.1;-24.1296;15.8947;31201
04 Jul 2023;1.7;184.9732756457;5.0;178.9;-24.1296;15.8947;31201
05 Jul 2023;0.4;170.40910088967;2.9;24.07;-24.1296;15.8947;31201
06 Jul 2023;1.2;328.0066388306;6.6;351.2;-24.1296;15.8947;31201
07 Jul 2023;2.5;310.67499861385;10.1;348.6;-24.1296;15.8947;31201
08 Jul 2023;2.1;204.87968921028;4.7;184.6;-24.1296;15.8947;31201
09 Jul 2023;3.4;131.80231975904;8.5;108.3;-24.1296;15.8947;31201
10 Jul 2023;0.6;107.5543865315;4.7;115.5;-24.1296;15.8947;31201
11 Jul 2023;4.6;69.660979981623;10.5;84.2;-24.1296;15.8947;31201
12 Jul 2023;6.6;41.415107083938;11.6;25.32;-24.1296;15.8947;31201
13 Jul 2023;4.0;17.128082624792;8.7;29.59;-24.1296;15.8947;31201
14 Jul 2023;4.0;334.4979817831;9.1;339.6;-24.1296;15.8947;31201
15 Jul 2023;1.5;183.739973435;3.5;192.3;-24.1296;15.8947;31201
16 Jul 2023;1.0;111.80283886009;3.7;100.2;-24.1296;15.8947;31201
17 Jul 2023;0.5;90.746389188348;5.0;35.52;-24.1296;15.8947;31201
18 Jul 2023;1.2;236.78800478707;5.8;197.9;-24.1296;15.8947;31201
19 Jul 2023;1.1;185.31177201115;5.7;195.9;-24.1296;15.8947;31201
20 Jul 2023;0.8;161.42110059575;4.8;230.1;-24.1296;15.8947;31201
21 Jul 2023;1.2;247.29837697769;5.5;325.0;-24.1296;15.8947;31201
22 Jul 2023;1.5;258.48136171191;7.2;307.3;-24.1296;15.8947;31201
23 Jul 2023;1.3;225.61868486854;3.9;198.7;-24.1296;15.8947;31201
24 Jul 2023;1.4;301.11263738977;6.0;316.0;-24.1296;15.8947;31201
25 Jul 2023;1.3;294.60622008094;7.6;279.2;-24.1296;15.8947;31201
26 Jul 2023;1.0;290.65554921241;2.9;306.6;-24.1296;15.8947;31201
27 Jul 2023;1.7;281.49669575367;5.3;320.4;-24.1296;15.8947;31201
28 Jul 2023;2.7;302.03880360572;5.3;303.5;-24.1296;15.8947;31201
29 Jul 2023;3.0;207.66305913968;6.9;169.7;-24.1296;15.8947;31201
30 Jul 2023;1.3;142.55824838659;4.2;108.1;-24.1296;15.8947;31201
31 Jul 2023;1.5;151.39193510768;4.8;111.6;-24.1296;15.8947;31201
01 Aug 2023;2.5;99.395928760235;5.5;107.5;-24.1296;15.8947;31201
02 Aug 2023;1.2;87.905497439478;4.9;48.26;-24.1296;15.8947;31201
03 Aug 2023;4.0;326.32514643968;10.8;343.3;-24.1296;15.8947;31201
04 Aug 2023;2.2;295.27914510516;5.9;303.0;-24.1296;15.8947;31201
05 Aug 2023;1.4;258.30966764547;5.1;311.8;-24.1296;15.8947;31201
06 Aug 2023;1.3;225.56013696727;6.6;212.8;-24.1296;15.8947;31201
07 Aug 2023;1.4;188.98149051702;6.0;200.9;-24.1296;15.8947;31201
08 Aug 2023;0.8;256.6687241439;4.6;351.9;-24.1296;15.8947;31201
09 Aug 2023;1.9;40.21736581285;8.4;2.57;-24.1296;15.8947;31201
10 Aug 2023;2.5;26.690764760836;8.0;5.67;-24.1296;15.8947;31201
11 Aug 2023;1.9;294.57934674315;5.6;296.6;-24.1296;15.8947;31201
12 Aug 2023;1.8;290.84424969196;3.8;265.5;-24.1296;15.8947;31201
13 Aug 2023;3.2;322.27278898162;7.3;315.9;-24.1296;15.8947;31201
14 Aug 2023;3.4;320.97054580322;6.5;304.5;-24.1296;15.8947;31201
15 Aug 2023;4.0;313.87722574124;6.8;318.3;-24.1296;15.8947;31201
16 Aug 2023;1.8;295.55173676776;5.3;299.1;-24.1296;15.8947;31201
17 Aug 2023;1.1;267.07418551877;3.5;301.1;-24.1296;15.8947;31201
18 Aug 2023;2.0;285.27794098011;5.8;299.0;-24.1296;15.8947;31201
19 Aug 2023;1.0;298.81009825419;3.2;271.3;-24.1296;15.8947;31201
20 Aug 2023;1.4;238.97527343288;4.2;209.9;-24.1296;15.8947;31201
21 Aug 2023;2.1;187.1535015898;5.8;195.2;-24.1296;15.8947;31201
22 Aug 2023;2.1;200.77823149447;5.2;179.5;-24.1296;15.8947;31201
23 Aug 2023;2.2;180.73640142784;4.9;178.4;-24.1296;15.8947;31201
24 Aug 2023;1.5;226.4245784979;5.0;202.5;-24.1296;15.8947;31201
25 Aug 2023;2.9;190.81929390368;7.4;183.4;-24.1296;15.8947;31201
26 Aug 2023;2.1;131.77374352895;5.1;115.6;-24.1296;15.8947;31201
27 Aug 2023;3.9;82.496241945371;8.4;36.47;-24.1296;15.8947;31201
28 Aug 2023;1.8;99.725693103499;8.9;138.3;-24.1296;15.8947;31201
29 Aug 2023;1.1;312.26865750191;5.7;343.7;-24.1296;15.8947;31201
30 Aug 2023;2.2;306.80902362725;7.6;348.6;-24.1296;15.8947;31201
31 Aug 2023;1.9;283.00378486622;4.1;284.9;-24.1296;15.8947;31201
01 Sep 2023;1.7;265.24893494919;4.6;276.8;-24.1296;15.8947;31201
02 Sep 2023;1.3;274.84370608666;3.8;282.3;-24.1296;15.8947;31201
03 Sep 2023;1.1;244.98025834863;3.0;205.3;-24.1296;15.8947;31201
04 Sep 2023;3.0;199.59459458883;8.1;188.0;-24.1296;15.8947;31201
05 Sep 2023;1.8;176.43775567653;6.2;178.5;-24.1296;15.8947;31201
06 Sep 2023;3.0;163.14123192583;5.4;177.1;-24.1296;15.8947;31201
07 Sep 2023;1.7;224.98995120863;6.9;265.4;-24.1296;15.8947;31201
08 Sep 2023;1.7;271.07519515105;5.1;285.3;-24.1296;15.8947;31201
09 Sep 2023;2.0;288.46171176992;6.0;294.2;-24.1296;15.8947;31201
10 Sep 2023;1.8;229.29491862544;7.2;189.9;-24.1296;15.8947;31201
11 Sep 2023;3.9;145.86842243717;6.8;172.7;-24.1296;15.8947;31201
12 Sep 2023;3.8;99.247346504236;6.7;100.4;-24.1296;15.8947;31201
13 Sep 2023;2.0;226.05262350438;4.7;224.4;-24.1296;15.8947;31201
14 Sep 2023;2.8;181.03985072808;5.6;177.8;-24.1296;15.8947;31201
15 Sep 2023;2.8;193.17582660931;7.0;190.2;-24.1296;15.8947;31201
16 Sep 2023;1.6;213.15919592022;5.1;223.1;-24.1296;15.8947;31201
17 Sep 2023;2.4;118.45207860782;4.9;126.0;-24.1296;15.8947;31201
18 Sep 2023;1.4;245.49998833179;7.2;246.9;-24.1296;15.8947;31201
19 Sep 2023;2.8;189.59218699085;9.7;185.9;-24.1296;15.8947;31201
20 Sep 2023;2.1;168.99198993681;7.0;179.4;-24.1296;15.8947;31201
21 Sep 2023;2.5;196.490634794;7.3;184.7;-24.1296;15.8947;31201
22 Sep 2023;2.3;286.92866967927;6.0;279.0;-24.1296;15.8947;31201
23 Sep 2023;3.0;298.55094206825;8.8;290.1;-24.1296;15.8947;31201
24 Sep 2023;2.9;230.90512846183;7.4;183.8;-24.1296;15.8947;31201
25 Sep 2023;3.9;123.10213663732;6.9;126.9;-24.1296;15.8947;31201
26 Sep 2023;5.0;101.05947154456;8.6;97.4;-24.1296;15.8947;31201
27 Sep 2023;1.6;69.413104908684;4.0;85.7;-24.1296;15.8947;31201
28 Sep 2023;1.0;311.18632459404;7.8;273.2;-24.1296;15.8947;31201
29 Sep 2023;2.2;225.8267457404;6.3;216.5;-24.1296;15.8947;31201
30 Sep 2023;2.4;200.78635983967;6.1;195.4;-24.1296;15.8947;31201
01 Oct 2023;1.1;213.29349206231;4.6;230.4;-24.1296;15.8947;31201
02 Oct 2023;2.0;228.69353535616;5.5;230.3;-24.1296;15.8947;31201
03 Oct 2023;1.4;282.4234573963;6.1;306.9;-24.1296;15.8947;31201
04 Oct 2023;1.8;201.25828822245;8.9;181.7;-24.1296;15.8947;31201
05 Oct 2023;4.0;184.29047995951;10.3;205.3;-24.1296;15.8947;31201
06 Oct 2023;3.5;197.00531906162;8.6;208.8;-24.1296;15.8947;31201
07 Oct 2023;2.0;264.51516523522;5.5;247.3;-24.1296;15.8947;31201
08 Oct 2023;1.7;255.83787868094;5.6;187.7;-24.1296;15.8947;31201
09 Oct 2023;1.5;245.69044013083;5.3;267.7;-24.1296;15.8947;31201
10 Oct 2023;1.8;238.12380138095;5.1;229.5;-24.1296;15.8947;31201
11 Oct 2023;1.4;228.39163172276;7.1;257.4;-24.1296;15.8947;31201
12 Oct 2023;1.8;209.51848346881;5.4;198.8;-24.1296;15.8947;31201
13 Oct 2023;1.3;268.9408176159;5.7;268.2;-24.1296;15.8947;31201
14 Oct 2023;2.4;285.62915543146;6.0;280.5;-24.1296;15.8947;31201
15 Oct 2023;1.7;281.01451963153;3.9;279.9;-24.1296;15.8947;31201
16 Oct 2023;1.3;161.50861383584;8.5;186.5;-24.1296;15.8947;31201
17 Oct 2023;2.2;135.96082196805;7.7;197.6;-24.1296;15.8947;31201
18 Oct 2023;1.8;252.45208103513;6.0;230.1;-24.1296;15.8947;31201
19 Oct 2023;2.1;263.41791062804;6.0;288.5;-24.1296;15.8947;31201
20 Oct 2023;3.3;193.55617128744;10.6;186.2;-24.1296;15.8947;31201
21 Oct 2023;3.3;192.17150694772;8.3;191.6;-24.1296;15.8947;31201
22 Oct 2023;1.8;289.36041374528;6.2;282.0;-24.1296;15.8947;31201
23 Oct 2023;1.7;267.25946717606;4.7;302.6;-24.1296;15.8947;31201
24 Oct 2023;0.6;281.06423138427;5.8;239.3;-24.1296;15.8947;31201
25 Oct 2023;2.0;282.56115986794;7.7;269.2;-24.1296;15.8947;31201
26 Oct 2023;2.0;274.21475201673;5.4;225.9;-24.1296;15.8947;31201
27 Oct 2023;2.2;232.34783716277;7.0;207.0;-24.1296;15.8947;31201
28 Oct 2023;1.4;209.42656016211;7.1;224.6;-24.1296;15.8947;31201
29 Oct 2023;2.1;120.70772831035;6.3;86.4;-24.1296;15.8947;31201
30 Oct 2023;1.0;238.70794774057;6.8;256.8;-24.1296;15.8947;31201
31 Oct 2023;1.9;263.58030333841;6.9;264.1;-24.1296;15.8947;31201
01 Nov 2023;0.9;256.09478607565;8.1;234.2;-24.1296;15.8947;31201
02 Nov 2023;2.7;279.20385125639;7.5;285.0;-24.1296;15.8947;31201
03 Nov 2023;3.4;195.74636207513;9.1;190.2;-24.1296;15.8947;31201
04 Nov 2023;2.3;232.1666924964;6.3;244.4;-24.1296;15.8947;31201
05 Nov 2023;2.5;290.35027345552;5.9;300.0;-24.1296;15.8947;31201
06 Nov 2023;2.6;216.4046049784;7.6;184.5;-24.1296;15.8947;31201
07 Nov 2023;1.6;191.74362406399;6.4;242.9;-24.1296;15.8947;31201
08 Nov 2023;1.0;192.78643205615;6.4;232.7;-24.1296;15.8947;31201
09 Nov 2023;1.5;298.03076802777;8.0;269.4;-24.1296;15.8947;31201
10 Nov 2023;2.7;279.44297281527;7.1;247.9;-24.1296;15.8947;31201
11 Nov 2023;1.9;229.34080864623;5.5;197.4;-24.1296;15.8947;31201
12 Nov 2023;2.2;194.07667332774;7.5;228.2;-24.1296;15.8947;31201
13 Nov 2023;1.6;257.57673559957;7.2;238.7;-24.1296;15.8947;31201
14 Nov 2023;2.1;236.04561722584;8.5;233.1;-24.1296;15.8947;31201
15 Nov 2023;3.1;281.61986401642;6.6;304.0;-24.1296;15.8947;31201
16 Nov 2023;2.3;272.4815227565;6.9;222.9;-24.1296;15.8947;31201
17 Nov 2023;2.4;232.7620574803;7.3;199.8;-24.1296;15.8947;31201
18 Nov 2023;1.9;245.59044880004;7.7;234.2;-24.1296;15.8947;31201
19 Nov 2023;2.0;226.63160130248;6.7;217.3;-24.1296;15.8947;31201
20 Nov 2023;2.5;227.32614515286;7.5;186.7;-24.1296;15.8947;31201
21 Nov 2023;3.2;203.10933939427;6.8;210.7;-24.1296;15.8947;31201
22 Nov 2023;2.6;199.97603663365;9.5;199.1;-24.1296;15.8947;31201
23 Nov 2023;2.3;295.35047028403;9.9;309.7;-24.1296;15.8947;31201
24 Nov 2023;2.3;290.47596111892;6.6;285.1;-24.1296;15.8947;31201
25 Nov 2023;2.2;238.1669638604;8.4;226.9;-24.1296;15.8947;31201
26 Nov 2023;2.9;267.69699465959;7.4;250.6;-24.1296;15.8947;31201
27 Nov 2023;0.2;155.74291307685;10.8;306.5;-24.1296;15.8947;31201
28 Nov 2023;2.6;180.77536311326;9.4;187.8;-24.1296;15.8947;31201
29 Nov 2023;1.9;191.61391431086;7.4;241.6;-24.1296;15.8947;31201
30 Nov 2023;3.5;280.45347281983;8.2;280.4;-24.1296;15.8947;31201
01 Dec 2023;2.3;230.2160442275;6.0;233.1;-24.1296;15.8947;31201
02 Dec 2023;2.7;299.41429924508;7.9;271.8;-24.1296;15.8947;31201
03 Dec 2023;1.1;196.82770161131;6.9;209.8;-24.1296;15.8947;31201
04 Dec 2023;3.7;193.95532948273;8.0;228.4;-24.1296;15.8947;31201
05 Dec 2023;2.5;269.80880221221;6.5;253.9;-24.1296;15.8947;31201
06 Dec 2023;2.4;272.48942799783;5.4;283.4;-24.1296;15.8947;31201
07 Dec 2023;3.0;205.94027101798;7.6;210.3;-24.1296;15.8947;31201
08 Dec 2023;3.4;206.00167311699;8.4;188.7;-24.1296;15.8947;31201
09 Dec 2023;3.3;206.85260910586;8.7;209.7;-24.1296;15.8947;31201
10 Dec 2023;2.7;267.17963447465;7.4;281.7;-24.1296;15.8947;31201
11 Dec 2023;2.5;202.72387607486;8.9;242.6;-24.1296;15.8947;31201
12 Dec 2023;2.1;242.27880125477;8.2;255.8;-24.1296;15.8947;31201
13 Dec 2023;3.3;278.79807594344;7.1;277.3;-24.1296;15.8947;31201
14 Dec 2023;2.7;266.50879407109;5.6;275.5;-24.1296;15.8947;31201
15 Dec 2023;1.8;268.18250232595;5.1;279.3;-24.1296;15.8947;31201
16 Dec 2023;2.2;279.69300619428;5.4;275.3;-24.1296;15.8947;31201
17 Dec 2023;2.9;201.83146848769;8.1;176.2;-24.1296;15.8947;31201
18 Dec 2023;3.5;194.89100655134;9.8;181.7;-24.1296;15.8947;31201
19 Dec 2023;2.8;218.6012611334;8.1;203.8;-24.1296;15.8947;31201
20 Dec 2023;3.9;193.0433755612;10.6;192.3;-24.1296;15.8947;31201
21 Dec 2023;2.8;251.30883442629;7.0;200.4;-24.1296;15.8947;31201
22 Dec 2023;2.3;240.65768744018;6.9;211.6;-24.1296;15.8947;31201
23 Dec 2023;2.4;270.88546810161;4.9;231.9;-24.1296;15.8947;31201
24 Dec 2023;3.2;283.51583601408;5.7;295.7;-24.1296;15.8947;31201
25 Dec 2023;3.1;278.02253887417;5.9;259.8;-24.1296;15.8947;31201
26 Dec 2023;3.6;287.98614469165;6.3;279.9;-24.1296;15.8947;31201
27 Dec 2023;2.9;273.81780950353;6.1;273.7;-24.1296;15.8947;31201
28 Dec 2023;2.8;262.09361919513;5.7;280.1;-24.1296;15.8947;31201
29 Dec 2023;3.5;289.27008501943;5.4;291.7;-24.1296;15.8947;31201
30 Dec 2023;2.6;286.61053740869;5.7;281.1;-24.1296;15.8947;31201
31 Dec 2023;2.3;283.17791999545;5.7;292.5;-24.1296;15.8947;31201
01 Jan 2024;2.2;252.50747390934;5.9;264.4;-24.1296;15.8947;31201
02 Jan 2024;2.5;234.67916316877;7.4;220.2;-24.1296;15.8947;31201
03 Jan 2024;2.6;268.69948390976;8.5;301.4;-24.1296;15.8947;31201
04 Jan 2024;2.9;265.32866055165;6.3;181.5;-24.1296;15.8947;31201
05 Jan 2024;2.7;219.03110410771;9.0;183.2;-24.1296;15.8947;31201
06 Jan 2024;4.3;183.44791154553;13.4;178.5;-24.1296;15.8947;31201
07 Jan 2024;3.3;197.0935701929;9.8;201.1;-24.1296;15.8947;31201
08 Jan 2024;3.0;277.85914522497;6.2;283.3;-24.1296;15.8947;31201
09 Jan 2024;3.1;282.32822595813;5.4;280.1;-24.1296;15.8947;31201
10 Jan 2024;3.1;283.17779162132;5.5;277.4;-24.1296;15.8947;31201
11 Jan 2024;2.6;275.34291646277;6.9;291.3;-24.1296;15.8947;31201
12 Jan 2024;2.7;259.58633894392;7.7;290.0;-24.1296;15.8947;31201
13 Jan 2024;2.6;257.03227686171;6.6;227.8;-24.1296;15.8947;31201
14 Jan 2024;2.5;237.24846555954;8.1;185.3;-24.1296;15.8947;31201
15 Jan 2024;3.2;278.72840550672;6.5;297.7;-24.1296;15.8947;31201
16 Jan 2024;3.3;272.35852682819;6.2;312.4;-24.1296;15.8947;31201
17 Jan 2024;3.8;287.06869096019;7.0;272.4;-24.1296;15.8947;31201
18 Jan 2024;3.1;288.05281830559;5.7;280.2;-24.1296;15.8947;31201
19 Jan 2024;2.9;277.54011237895;6.1;274.5;-24.1296;15.8947;31201
20 Jan 2024;2.4;253.18200410952;5.9;237.8;-24.1296;15.8947;31201
21 Jan 2024;2.9;218.76875200978;9.2;209.3;-24.1296;15.8947;31201
22 Jan 2024;2.8;257.30437810372;7.7;283.0;-24.1296;15.8947;31201
23 Jan 2024;1.7;186.44479759836;8.9;177.7;-24.1296;15.8947;31201
24 Jan 2024;1.5;269.12437982569;7.6;278.2;-24.1296;15.8947;31201
25 Jan 2024;1.1;343.79228411256;9.3;24.5;-24.1296;15.8947;31201
26 Jan 2024;2.3;269.14486890111;5.3;234.1;-24.1296;15.8947;31201
27 Jan 2024;2.2;245.61140572025;7.1;207.9;-24.1296;15.8947;31201
28 Jan 2024;2.2;256.22608965746;7.2;224.5;-24.1296;15.8947;31201
29 Jan 2024;0.5;289.97036954069;7.8;358.7;-24.1296;15.8947;31201
30 Jan 2024;2.5;177.01401835443;8.8;210.4;-24.1296;15.8947;31201
31 Jan 2024;3.8;198.74755825191;10.2;184.8;-24.1296;15.8947;31201
01 Feb 2024;1.3;150.08626375643;5.7;66.56;-24.1296;15.8947;31201
02 Feb 2024;0.8;42.128689483475;7.2;131.3;-24.1296;15.8947;31201
03 Feb 2024;1.7;267.4751471801;8.6;265.0;-24.1296;15.8947;31201
04 Feb 2024;1.9;234.96459961522;7.0;156.4;-24.1296;15.8947;31201
05 Feb 2024;2.8;264.56259598559;7.8;235.5;-24.1296;15.8947;31201
06 Feb 2024;2.5;229.66490803769;9.4;222.5;-24.1296;15.8947;31201
07 Feb 2024;2.7;278.6816774288;7.1;288.7;-24.1296;15.8947;31201
08 Feb 2024;2.1;234.19504158396;7.4;189.3;-24.1296;15.8947;31201
09 Feb 2024;3.2;209.23576522271;8.1;184.3;-24.1296;15.8947;31201
10 Feb 2024;1.4;215.95787835909;7.9;229.5;-24.1296;15.8947;31201
11 Feb 2024;2.5;269.77860302651;7.6;253.2;-24.1296;15.8947;31201
12 Feb 2024;2.4;238.53743545893;8.6;218.6;-24.1296;15.8947;31201
13 Feb 2024;2.5;210.15353343854;9.5;195.7;-24.1296;15.8947;31201
14 Feb 2024;2.4;248.7186332098;8.3;263.0;-24.1296;15.8947;31201
15 Feb 2024;2.7;205.00491883831;7.8;200.0;-24.1296;15.8947;31201
16 Feb 2024;2.7;280.54448020712;5.9;271.7;-24.1296;15.8947;31201
17 Feb 2024;2.4;283.09124702034;6.0;282.0;-24.1296;15.8947;31201
18 Feb 2024;1.8;264.2614846414;5.8;280.7;-24.1296;15.8947;31201
19 Feb 2024;1.9;230.89171312769;6.5;224.6;-24.1296;15.8947;31201
20 Feb 2024;2.2;247.85165478493;7.5;224.7;-24.1296;15.8947;31201
21 Feb 2024;2.3;228.68202446652;5.9;208.2;-24.1296;15.8947;31201
22 Feb 2024;2.2;226.84793292608;6.7;258.3;-24.1296;15.8947;31201
23 Feb 2024;2.5;263.48018111337;6.7;237.5;-24.1296;15.8947;31201
24 Feb 2024;2.3;276.33005174495;5.4;279.3;-24.1296;15.8947;31201
25 Feb 2024;1.7;266.77250376469;5.7;265.8;-24.1296;15.8947;31201
26 Feb 2024;2.0;274.53794246544;7.1;273.0;-24.1296;15.8947;31201
27 Feb 2024;2.0;234.65223138767;6.3;197.5;-24.1296;15.8947;31201
28 Feb 2024;2.3;229.19710306825;6.6;204.2;-24.1296;15.8947;31201
29 Feb 2024;2.1;250.85841712252;7.6;202.7;-24.1296;15.8947;31201
01 Mar 2024;1.5;218.32208691346;7.6;177.5;-24.1296;15.8947;31201
02 Mar 2024;2.0;249.48206399385;5.5;216.2;-24.1296;15.8947;31201
03 Mar 2024;2.1;220.1280320512;7.3;221.7;-24.1296;15.8947;31201
04 Mar 2024;2.8;247.17750144117;5.7;226.5;-24.1296;15.8947;31201
05 Mar 2024;1.9;275.55141201066;5.7;226.4;-24.1296;15.8947;31201
06 Mar 2024;1.9;256.65922162791;5.3;228.2;-24.1296;15.8947;31201
07 Mar 2024;3.1;193.66372789609;9.5;188.9;-24.1296;15.8947;31201
08 Mar 2024;1.7;200.44281204971;7.6;185.9;-24.1296;15.8947;31201
09 Mar 2024;2.3;274.52051078603;6.9;243.6;-24.1296;15.8947;31201
10 Mar 2024;2.3;273.58176783171;8.1;225.3;-24.1296;15.8947;31201
11 Mar 2024;2.5;225.47191678478;8.5;228.9;-24.1296;15.8947;31201
12 Mar 2024;2.3;245.61055315013;7.5;244.3;-24.1296;15.8947;31201
13 Mar 2024;2.9;206.53744556256;8.2;236.1;-24.1296;15.8947;31201
14 Mar 2024;1.9;226.62772671836;5.9;249.7;-24.1296;15.8947;31201
15 Mar 2024;1.9;255.66822077072;7.7;232.5;-24.1296;15.8947;31201
16 Mar 2024;1.8;266.76751999255;4.7;224.5;-24.1296;15.8947;31201
17 Mar 2024;1.6;241.08251645178;6.6;229.6;-24.1296;15.8947;31201
18 Mar 2024;0.9;274.40031594346;7.5;25.72;-24.1296;15.8947;31201
19 Mar 2024;1.8;155.61907772969;5.5;146.1;-24.1296;15.8947;31201
20 Mar 2024;2.7;121.9158150008;10.7;189.2;-24.1296;15.8947;31201
21 Mar 2024;3.3;70.008391892117;12.6;34.47;-24.1296;15.8947;31201
22 Mar 2024;0.3;8.840336617759;5.9;101.9;-24.1296;15.8947;31201
23 Mar 2024;1.9;227.88942091254;7.1;245.4;-24.1296;15.8947;31201
24 Mar 2024;2.0;269.83470422073;5.6;298.4;-24.1296;15.8947;31201
25 Mar 2024;1.5;240.40235744403;7.7;214.1;-24.1296;15.8947;31201
26 Mar 2024;1.7;236.09917098592;8.6;211.5;-24.1296;15.8947;31201
27 Mar 2024;2.0;228.80699222289;7.2;219.2;-24.1296;15.8947;31201
28 Mar 2024;2.3;210.75285838313;6.8;238.2;-24.1296;15.8947;31201
29 Mar 2024;2.1;210.69350206119;7.7;224.8;-24.1296;15.8947;31201
30 Mar 2024;1.6;317.34011697161;7.0;19.66;-24.1296;15.8947;31201
31 Mar 2024;2.0;243.81664975872;6.5;256.9;-24.1296;15.8947;31201
01 Apr 2024;1.9;288.80248224788;6.2;276.7;-24.1296;15.8947;31201
02 Apr 2024;1.9;255.75857095316;7.9;247.9;-24.1296;15.8947;31201
03 Apr 2024;1.3;162.43321150799;7.2;100.0;-24.1296;15.8947;31201
04 Apr 2024;2.0;237.12367996825;5.9;210.0;-24.1296;15.8947;31201
05 Apr 2024;1.5;217.94679426123;7.4;223.9;-24.1296;15.8947;31201
06 Apr 2024;2.3;246.93484934404;6.1;241.0;-24.1296;15.8947;31201
07 Apr 2024;2.4;226.06069191273;6.5;189.2;-24.1296;15.8947;31201
08 Apr 2024;1.6;210.86291194233;6.1;187.4;-24.1296;15.8947;31201
09 Apr 2024;0.6;207.02488638322;3.4;354.1;-24.1296;15.8947;31201
10 Apr 2024;1.2;115.8512369643;5.5;186.4;-24.1296;15.8947;31201
11 Apr 2024;1.1;130.15855271653;6.8;167.6;-24.1296;15.8947;31201
12 Apr 2024;0.5;289.92263158182;6.6;262.3;-24.1296;15.8947;31201
13 Apr 2024;2.1;235.8389018226;5.4;257.3;-24.1296;15.8947;31201
14 Apr 2024;2.7;233.05285990243;6.4;248.5;-24.1296;15.8947;31201
15 Apr 2024;1.8;275.12649931633;5.1;274.2;-24.1296;15.8947;31201
16 Apr 2024;1.7;222.80405365073;4.2;243.8;-24.1296;15.8947;31201
17 Apr 2024;1.0;239.08558016535;3.6;289.9;-24.1296;15.8947;31201
18 Apr 2024;1.6;264.8254023768;6.1;283.1;-24.1296;15.8947;31201
19 Apr 2024;2.3;201.19144401516;7.5;208.1;-24.1296;15.8947;31201
20 Apr 2024;1.3;220.76096403368;5.9;208.7;-24.1296;15.8947;31201
21 Apr 2024;1.9;264.54265111427;6.3;246.4;-24.1296;15.8947;31201
22 Apr 2024;2.9;192.1823470828;7.7;181.4;-24.1296;15.8947;31201
23 Apr 2024;2.1;199.15983220429;7.7;184.9;-24.1296;15.8947;31201
24 Apr 2024;1.9;196.27626731336;7.0;179.4;-24.1296;15.8947;31201
25 Apr 2024;1.7;203.82504264267;5.8;188.8;-24.1296;15.8947;31201
26 Apr 2024;1.1;247.04183279563;6.3;232.3;-24.1296;15.8947;31201
27 Apr 2024;1.4;235.00834938982;7.1;180.0;-24.1296;15.8947;31201
28 Apr 2024;1.7;273.39074467749;7.6;335.5;-24.1296;15.8947;31201
29 Apr 2024;2.3;301.02996727449;8.9;345.5;-24.1296;15.8947;31201
30 Apr 2024;1.0;263.01348376313;5.2;220.5;-24.1296;15.8947;31201
01 May 2024;0.7;222.2068651153;5.3;212.5;-24.1296;15.8947;31201
02 May 2024;1.2;357.57599595946;6.6;23.08;-24.1296;15.8947;31201
03 May 2024;2.3;320.14711973903;9.3;340.0;-24.1296;15.8947;31201
04 May 2024;1.5;212.77049128549;6.0;182.7;-24.1296;15.8947;31201
05 May 2024;0.6;291.98738929605;6.2;236.7;-24.1296;15.8947;31201
06 May 2024;1.4;273.19108312778;6.7;278.5;-24.1296;15.8947;31201
07 May 2024;2.0;223.55507467013;5.4;182.3;-24.1296;15.8947;31201
08 May 2024;1.6;199.85161144903;6.4;205.0;-24.1296;15.8947;31201
09 May 2024;1.4;262.02827451946;8.3;319.5;-24.1296;15.8947;31201
10 May 2024;1.7;215.0689484305;7.6;183.9;-24.1296;15.8947;31201
11 May 2024;2.2;178.15763358445;5.9;176.2;-24.1296;15.8947;31201
12 May 2024;2.2;198.07906548276;7.1;191.6;-24.1296;15.8947;31201
13 May 2024;1.3;215.31912925775;5.8;187.4;-24.1296;15.8947;31201
14 May 2024;1.3;229.72340346958;6.0;191.9;-24.1296;15.8947;31201
15 May 2024;1.6;98.529180185664;4.6;176.3;-24.1296;15.8947;31201
16 May 2024;3.1;66.421077780106;6.7;64.68;-24.1296;15.8947;31201
17 May 2024;0.6;85.016404807268;5.0;18.45;-24.1296;15.8947;31201
18 May 2024;1.2;168.44080713014;8.6;35.01;-24.1296;15.8947;31201
19 May 2024;0.9;226.46930230255;6.5;174.4;-24.1296;15.8947;31201
20 May 2024;0.7;41.164320657292;5.6;2.34;-24.1296;15.8947;31201
21 May 2024;1.0;5.2431211553574;7.3;28.43;-24.1296;15.8947;31201
22 May 2024;0.5;308.91520707685;4.9;20.98;-24.1296;15.8947;31201
23 May 2024;1.0;235.89109178618;5.9;344.2;-24.1296;15.8947;31201
24 May 2024;1.1;211.05984243223;5.3;175.5;-24.1296;15.8947;31201
25 May 2024;1.3;203.00901286052;4.5;183.2;-24.1296;15.8947;31201
26 May 2024;1.5;75.571958623695;6.9;39.0;-24.1296;15.8947;31201
27 May 2024;3.1;29.23449536883;8.7;34.27;-24.1296;15.8947;31201
28 May 2024;1.4;305.41416578364;6.3;355.2;-24.1296;15.8947;31201
29 May 2024;2.0;313.51607714417;7.7;2.59;-24.1296;15.8947;31201
30 May 2024;1.5;287.27142277103;4.7;306.7;-24.1296;15.8947;31201
31 May 2024;1.9;273.90165553581;4.5;296.1;-24.1296;15.8947;31201
01 Jun 2024;1.6;257.83850295839;4.7;228.6;-24.1296;15.8947;31201
02 Jun 2024;2.0;229.31651858912;4.8;241.2;-24.1296;15.8947;31201
03 Jun 2024;2.1;178.82904374828;5.8;192.9;-24.1296;15.8947;31201
04 Jun 2024;1.5;279.6720795071;5.2;317.1;-24.1296;15.8947;31201
05 Jun 2024;2.2;285.10850216824;5.0;303.3;-24.1296;15.8947;31201
06 Jun 2024;2.6;186.77831150086;6.9;180.1;-24.1296;15.8947;31201
07 Jun 2024;3.0;106.99345114916;5.1;93.1;-24.1296;15.8947;31201
08 Jun 2024;3.8;85.956853565524;6.1;58.95;-24.1296;15.8947;31201
09 Jun 2024;0.9;37.39401953574;5.1;359.0;-24.1296;15.8947;31201
10 Jun 2024;1.5;302.43192507001;6.1;351.6;-24.1296;15.8947;31201
11 Jun 2024;3.0;304.69007898941;8.0;307.4;-24.1296;15.8947;31201
12 Jun 2024;1.5;292.49633980221;5.4;334.4;-24.1296;15.8947;31201
13 Jun 2024;0.9;116.36521392142;4.1;14.46;-24.1296;15.8947;31201
14 Jun 2024;1.0;94.007526188824;3.0;5.15;-24.1296;15.8947;31201
15 Jun 2024;1.0;356.76146074686;4.1;8.22;-24.1296;15.8947;31201
16 Jun 2024;3.0;326.07096454575;7.4;350.8;-24.1296;15.8947;31201
17 Jun 2024;2.0;301.0643816033;5.1;302.4;-24.1296;15.8947;31201
18 Jun 2024;1.2;287.53664724202;4.3;302.6;-24.1296;15.8947;31201
19 Jun 2024;1.3;284.57194404783;5.1;313.9;-24.1296;15.8947;31201
20 Jun 2024;2.3;314.29521710518;8.8;322.4;-24.1296;15.8947;31201
21 Jun 2024;1.5;279.94754641472;6.0;309.7;-24.1296;15.8947;31201
22 Jun 2024;0.7;262.89837035337;5.2;337.0;-24.1296;15.8947;31201
23 Jun 2024;1.0;139.49879833659;3.6;87.6;-24.1296;15.8947;31201
24 Jun 2024;1.5;126.83217443445;4.5;134.3;-24.1296;15.8947;31201
25 Jun 2024;3.9;79.714777599607;7.0;54.67;-24.1296;15.8947;31201
26 Jun 2024;7.6;51.432977608305;9.2;40.17;-24.1296;15.8947;31201
27 Jun 2024;5.9;32.19862962581;10.8;36.14;-24.1296;15.8947;31201
28 Jun 2024;2.7;345.46563547784;8.2;355.3;-24.1296;15.8947;31201
29 Jun 2024;3.7;312.43000162712;9.5;322.7;-24.1296;15.8947;31201
30 Jun 2024;2.3;298.19926514502;5.7;298.7;-24.1296;15.8947;31201
01 Jul 2024;0.9;257.73252544097;3.5;293.3;-24.1296;15.8947;31201
02 Jul 2024;1.2;224.01575434603;3.3;257.0;-24.1296;15.8947;31201
03 Jul 2024;2.9;183.37185308271;5.8;190.6;-24.1296;15.8947;31201
04 Jul 2024;1.9;161.41725460879;6.0;178.8;-24.1296;15.8947;31201
05 Jul 2024;1.5;81.908665084188;4.9;16.6;-24.1296;15.8947;31201
06 Jul 2024;3.4;323.27386447771;9.6;292.5;-24.1296;15.8947;31201
07 Jul 2024;2.4;214.18233888868;7.6;181.5;-24.1296;15.8947;31201
08 Jul 2024;2.0;159.25164105832;4.6;155.8;-24.1296;15.8947;31201
09 Jul 2024;1.5;233.41991482375;3.9;336.6;-24.1296;15.8947;31201
10 Jul 2024;2.1;277.01032110527;7.7;303.6;-24.1296;15.8947;31201
11 Jul 2024;1.6;275.57811773763;4.9;289.0;-24.1296;15.8947;31201
12 Jul 2024;1.5;291.04782790925;4.5;309.6;-24.1296;15.8947;31201
13 Jul 2024;1.4;286.88669511374;4.9;308.3;-24.1296;15.8947;31201
14 Jul 2024;1.5;185.65742165639;3.1;191.0;-24.1296;15.8947;31201
15 Jul 2024;1.6;196.40438209664;4.1;192.9;-24.1296;15.8947;31201
16 Jul 2024;1.6;221.41179623968;4.2;231.9;-24.1296;15.8947;31201
17 Jul 2024;1.8;250.84427369102;5.8;296.9;-24.1296;15.8947;31201
18 Jul 2024;1.0;246.94319859399;4.2;296.0;-24.1296;15.8947;31201
19 Jul 2024;1.8;219.24673725247;4.8;215.2;-24.1296;15.8947;31201
20 Jul 2024;1.2;184.98160472951;3.7;198.5;-24.1296;15.8947;31201
21 Jul 2024;1.7;295.41820231464;6.3;328.8;-24.1296;15.8947;31201
22 Jul 2024;1.3;288.27143772806;3.9;303.5;-24.1296;15.8947;31201
23 Jul 2024;0.9;241.40422176645;4.0;331.4;-24.1296;15.8947;31201
24 Jul 2024;1.4;209.57742491256;3.4;192.0;-24.1296;15.8947;31201
25 Jul 2024;1.5;249.66514176996;4.4;304.1;-24.1296;15.8947;31201
26 Jul 2024;2.3;189.12527751034;5.5;197.5;-24.1296;15.8947;31201
27 Jul 2024;2.8;187.1490889312;5.9;186.9;-24.1296;15.8947;31201
28 Jul 2024;2.7;183.35646111285;4.9;177.9;-24.1296;15.8947;31201
29 Jul 2024;1.2;195.42833042647;4.6;233.5;-24.1296;15.8947;31201
30 Jul 2024;1.6;282.74756288211;4.5;282.4;-24.1296;15.8947;31201
31 Jul 2024;2.1;86.933601885664;7.3;102.2;-24.1296;15.8947;31201
01 Aug 2024;2.6;117.2658963912;5.8;96.4;-24.1296;15.8947;31201
02 Aug 2024;1.4;115.18787450194;4.8;37.9;-24.1296;15.8947;31201
03 Aug 2024;2.8;308.30970626397;7.7;326.3;-24.1296;15.8947;31201
04 Aug 2024;1.4;231.40650495212;6.4;185.7;-24.1296;15.8947;31201
05 Aug 2024;1.2;130.44819384528;3.9;125.8;-24.1296;15.8947;31201
06 Aug 2024;1.7;268.36299915336;5.3;305.7;-24.1296;15.8947;31201
07 Aug 2024;2.8;302.86215999644;5.5;296.7;-24.1296;15.8947;31201
08 Aug 2024;2.8;295.52774558919;6.4;293.4;-24.1296;15.8947;31201
09 Aug 2024;3.1;180.83714979627;6.3;197.6;-24.1296;15.8947;31201
10 Aug 2024;3.0;187.56040187486;6.6;188.0;-24.1296;15.8947;31201
11 Aug 2024;3.6;179.96989620216;7.8;174.3;-24.1296;15.8947;31201
12 Aug 2024;0.7;215.16009401039;3.2;136.5;-24.1296;15.8947;31201
13 Aug 2024;2.4;206.3646503772;8.0;180.9;-24.1296;15.8947;31201
14 Aug 2024;2.2;105.28843913867;6.1;92.8;-24.1296;15.8947;31201
15 Aug 2024;1.3;318.15946604779;7.3;352.9;-24.1296;15.8947;31201
16 Aug 2024;1.8;267.00342698681;5.7;280.3;-24.1296;15.8947;31201
17 Aug 2024;1.5;239.33883067913;4.0;268.9;-24.1296;15.8947;31201
18 Aug 2024;1.8;221.95244361656;4.1;226.5;-24.1296;15.8947;31201
19 Aug 2024;1.2;312.38682541934;8.0;334.9;-24.1296;15.8947;31201
20 Aug 2024;1.1;239.25553128867;6.4;197.0;-24.1296;15.8947;31201
21 Aug 2024;2.7;191.02675932288;5.6;194.3;-24.1296;15.8947;31201
22 Aug 2024;0.4;98.794181937535;4.5;232.9;-24.1296;15.8947;31201
23 Aug 2024;2.6;281.26826671147;7.5;275.5;-24.1296;15.8947;31201
24 Aug 2024;1.4;224.61351598309;6.4;180.8;-24.1296;15.8947;31201
25 Aug 2024;1.3;243.15501536528;4.7;300.3;-24.1296;15.8947;31201
26 Aug 2024;1.3;233.76601360571;3.9;274.4;-24.1296;15.8947;31201
27 Aug 2024;3.3;188.29733449524;7.5;182.7;-24.1296;15.8947;31201
28 Aug 2024;2.6;181.70673499536;7.2;193.5;-24.1296;15.8947;31201
29 Aug 2024;1.4;130.86231038327;5.0;123.5;-24.1296;15.8947;31201
30 Aug 2024;1.5;308.52165712161;7.2;308.6;-24.1296;15.8947;31201
31 Aug 2024;1.7;211.94275155869;5.5;177.2;-24.1296;15.8947;31201
01 Sep 2024;1.1;199.47103187905;5.8;180.1;-24.1296;15.8947;31201
02 Sep 2024;1.1;56.358904243808;6.6;206.7;-24.1296;15.8947;31201
03 Sep 2024;1.3;187.95036379028;7.9;204.9;-24.1296;15.8947;31201
04 Sep 2024;1.8;276.11378998041;7.0;329.6;-24.1296;15.8947;31201
05 Sep 2024;1.8;240.8072882802;5.4;264.3;-24.1296;15.8947;31201
06 Sep 2024;1.5;241.37189231008;4.2;278.6;-24.1296;15.8947;31201
07 Sep 2024;1.3;264.88658639755;5.4;263.8;-24.1296;15.8947;31201
08 Sep 2024;1.2;273.94664787056;4.1;256.2;-24.1296;15.8947;31201
09 Sep 2024;1.0;276.96671928171;5.2;278.2;-24.1296;15.8947;31201
10 Sep 2024;2.1;291.18544449878;5.1;286.9;-24.1296;15.8947;31201
11 Sep 2024;2.0;283.96951640257;5.6;282.5;-24.1296;15.8947;31201
12 Sep 2024;1.3;242.76943032475;4.4;202.1;-24.1296;15.8947;31201
13 Sep 2024;1.9;206.11088121179;5.3;192.8;-24.1296;15.8947;31201
14 Sep 2024;1.7;220.49300936247;5.7;193.8;-24.1296;15.8947;31201
15 Sep 2024;2.0;203.10072501703;5.6;266.6;-24.1296;15.8947;31201
16 Sep 2024;2.1;286.63024966169;6.5;291.5;-24.1296;15.8947;31201
17 Sep 2024;2.1;181.67554722027;8.2;192.5;-24.1296;15.8947;31201
18 Sep 2024;1.8;238.16134342194;6.3;255.0;-24.1296;15.8947;31201
19 Sep 2024;1.5;223.76061255207;7.6;214.6;-24.1296;15.8947;31201
20 Sep 2024;2.7;90.275436850662;6.4;93.2;-24.1296;15.8947;31201
21 Sep 2024;3.0;85.284198767414;7.0;91.3;-24.1296;15.8947;31201
22 Sep 2024;1.7;302.40778283438;6.8;288.2;-24.1296;15.8947;31201
23 Sep 2024;2.6;287.1143814104;7.5;317.4;-24.1296;15.8947;31201
24 Sep 2024;2.0;205.26687039256;6.0;212.3;-24.1296;15.8947;31201
25 Sep 2024;3.5;185.02755846519;5.3;193.8;-24.1296;15.8947;31201
26 Sep 2024;2.2;183.09128504559;5.3;186.1;-24.1296;15.8947;31201
27 Sep 2024;2.8;211.08667291176;11.3;197.7;-24.1296;15.8947;31201
28 Sep 2024;3.0;220.48273226073;8.7;282.1;-24.1296;15.8947;31201
29 Sep 2024;2.1;226.55487554821;8.6;185.7;-24.1296;15.8947;31201
30 Sep 2024;2.1;139.09843815875;5.1;196.9;-24.1296;15.8947;31201
01 Oct 2024;2.2;120.03657145676;5.0;120.3;-24.1296;15.8947;31201
02 Oct 2024;0.7;58.968423144244;6.3;39.4;-24.1296;15.8947;31201
03 Oct 2024;2.7;80.561794921279;6.7;29.85;-24.1296;15.8947;31201
04 Oct 2024;4.4;63.794460417548;8.1;50.98;-24.1296;15.8947;31201
05 Oct 2024;2.3;64.351840117367;10.8;39.8;-24.1296;15.8947;31201
06 Oct 2024;3.3;294.66092926234;8.9;280.6;-24.1296;15.8947;31201
07 Oct 2024;2.8;295.92718897491;7.1;280.3;-24.1296;15.8947;31201
08 Oct 2024;4.0;305.16113341448;9.3;311.5;-24.1296;15.8947;31201
09 Oct 2024;2.7;305.12556513514;5.3;309.5;-24.1296;15.8947;31201
10 Oct 2024;1.3;253.42006897801;7.2;211.1;-24.1296;15.8947;31201
11 Oct 2024;1.3;196.25371926296;8.3;209.2;-24.1296;15.8947;31201
12 Oct 2024;1.4;165.31422677169;7.6;208.2;-24.1296;15.8947;31201
13 Oct 2024;1.2;193.50686861212;8.4;225.0;-24.1296;15.8947;31201
14 Oct 2024;1.8;260.92448856829;9.5;258.7;-24.1296;15.8947;31201
15 Oct 2024;3.1;294.72050883875;5.4;291.3;-24.1296;15.8947;31201
16 Oct 2024;1.9;265.20508355873;7.0;289.3;-24.1296;15.8947;31201
17 Oct 2024;2.3;201.44389692942;8.1;188.8;-24.1296;15.8947;31201
18 Oct 2024;3.5;172.32570550876;10.4;183.9;-24.1296;15.8947;31201
19 Oct 2024;3.8;200.03469625969;8.9;214.3;-24.1296;15.8947;31201
20 Oct 2024;2.4;240.80742021137;5.7;266.7;-24.1296;15.8947;31201
21 Oct 2024;1.9;247.45887534622;5.3;236.7;-24.1296;15.8947;31201
22 Oct 2024;1.0;96.664061212957;7.4;237.4;-24.1296;15.8947;31201
23 Oct 2024;1.7;260.16032500179;7.6;277.7;-24.1296;15.8947;31201
24 Oct 2024;1.8;216.56504086203;8.2;217.8;-24.1296;15.8947;31201
25 Oct 2024;1.5;204.41794193336;6.5;245.1;-24.1296;15.8947;31201
26 Oct 2024;3.4;279.75065094468;8.4;263.0;-24.1296;15.8947;31201
27 Oct 2024;3.0;204.10347877333;8.2;192.0;-24.1296;15.8947;31201
28 Oct 2024;2.0;276.40937202364;5.7;185.5;-24.1296;15.8947;31201
29 Oct 2024;2.3;195.96651543121;10.4;191.5;-24.1296;15.8947;31201
30 Oct 2024;1.8;159.23841477578;9.1;195.4;-24.1296;15.8947;31201
31 Oct 2024;0.5;217.23560392254;7.8;39.64;-24.1296;15.8947;31201
01 Nov 2024;2.6;284.68954665336;6.4;274.6;-24.1296;15.8947;31201
02 Nov 2024;2.0;270.38991454049;6.3;259.3;-24.1296;15.8947;31201
03 Nov 2024;2.4;221.44586450252;7.7;192.3;-24.1296;15.8947;31201
04 Nov 2024;2.0;210.50237856516;7.6;191.4;-24.1296;15.8947;31201
05 Nov 2024;2.1;93.896149439239;6.4;103.1;-24.1296;15.8947;31201
06 Nov 2024;1.9;285.4784245194;6.4;280.2;-24.1296;15.8947;31201
07 Nov 2024;2.3;276.90202595958;6.0;276.8;-24.1296;15.8947;31201
08 Nov 2024;3.3;287.25246658475;7.6;300.3;-24.1296;15.8947;31201
09 Nov 2024;3.5;289.15193849391;6.3;296.9;-24.1296;15.8947;31201
10 Nov 2024;2.7;283.0743995585;5.6;256.5;-24.1296;15.8947;31201
11 Nov 2024;1.5;258.73009550095;6.6;283.3;-24.1296;15.8947;31201
12 Nov 2024;2.3;283.18291300588;6.7;334.9;-24.1296;15.8947;31201
13 Nov 2024;0.7;146.71638753648;7.8;224.4;-24.1296;15.8947;31201
14 Nov 2024;2.9;148.46672171375;9.2;203.1;-24.1296;15.8947;31201
15 Nov 2024;1.6;252.7490688941;9.6;270.4;-24.1296;15.8947;31201
16 Nov 2024;2.7;266.09487678145;9.4;239.5;-24.1296;15.8947;31201
17 Nov 2024;2.6;253.07967780633;7.1;269.1;-24.1296;15.8947;31201
18 Nov 2024;2.2;264.71088297151;5.3;229.5;-24.1296;15.8947;31201
19 Nov 2024;3.6;286.56788786628;7.0;280.3;-24.1296;15.8947;31201
20 Nov 2024;3.2;198.22605230542;9.3;177.3;-24.1296;15.8947;31201
21 Nov 2024;2.8;202.73672544603;11.2;205.8;-24.1296;15.8947;31201
22 Nov 2024;3.4;202.19217500188;8.7;191.7;-24.1296;15.8947;31201
23 Nov 2024;2.4;251.35670781408;8.2;219.6;-24.1296;15.8947;31201
24 Nov 2024;2.7;238.26766774282;8.7;222.2;-24.1296;15.8947;31201
25 Nov 2024;2.3;219.606365172;8.1;181.5;-24.1296;15.8947;31201
26 Nov 2024;2.7;231.49192549285;7.3;192.9;-24.1296;15.8947;31201
27 Nov 2024;2.6;268.58607594545;8.1;287.6;-24.1296;15.8947;31201
28 Nov 2024;1.6;181.23336793681;9.3;231.3;-24.1296;15.8947;31201
29 Nov 2024;;;;;-24.1296;15.8947;31201
30 Nov 2024;;;;;-24.1296;15.8947;31201
01 Dec 2024;;;;;-24.1296;15.8947;31201
02 Dec 2024;;;;;-24.1296;15.8947;31201
03 Dec 2024;;;;;-24.1296;15.8947;31201
04 Dec 2024;3.3;291.30000001937;3.3;291.3;-24.1296;15.8947;31201
05 Dec 2024;3.0;209.68907570687;8.6;188.5;-24.1296;15.8947;31201
06 Dec 2024;;;;;-24.1296;15.8947;31201
07 Dec 2024;;;;;-24.1296;15.8947;31201
08 Dec 2024;;;;;-24.1296;15.8947;31201
09 Dec 2024;3.8;227.10000000968;3.8;227.1;-24.1296;15.8947;31201
10 Dec 2024;2.2;301.29469022108;7.8;234.1;-24.1296;15.8947;31201
11 Dec 2024;;;;;-24.1296;15.8947;31201
12 Dec 2024;;;;;-24.1296;15.8947;31201
13 Dec 2024;;;;;-24.1296;15.8947;31201
14 Dec 2024;;;;;-24.1296;15.8947;31201
15 Dec 2024;5.5;200.80000000968;5.5;200.8;-24.1296;15.8947;31201
16 Dec 2024;2.3;233.40186180201;7.6;194.1;-24.1296;15.8947;31201
17 Dec 2024;3.2;274.72188392685;6.5;287.5;-24.1296;15.8947;31201
18 Dec 2024;1.8;300.50000001937;1.8;300.5;-24.1296;15.8947;31201
19 Dec 2024;2.4;267.31948358941;6.6;276.5;-24.1296;15.8947;31201
20 Dec 2024;3.0;320.50000001937;3.0;320.5;-24.1296;15.8947;31201
21 Dec 2024;3.3;275.0463268825;7.8;255.5;-24.1296;15.8947;31201
22 Dec 2024;4.1;291.18432944722;6.2;288.1;-24.1296;15.8947;31201
23 Dec 2024;2.1;250.85494426533;6.0;213.1;-24.1296;15.8947;31201
24 Dec 2024;2.7;241.12145384122;7.9;180.8;-24.1296;15.8947;31201
25 Dec 2024;2.9;271.60269425013;8.4;271.8;-24.1296;15.8947;31201
26 Dec 2024;2.7;263.17331683482;6.5;228.1;-24.1296;15.8947;31201
27 Dec 2024;3.2;218.97406750463;9.1;192.0;-24.1296;15.8947;31201
28 Dec 2024;2.9;254.47040262092;7.4;188.8;-24.1296;15.8947;31201
29 Dec 2024;5.2;179.28478577208;11.8;185.1;-24.1296;15.8947;31201
30 Dec 2024;6.4;175.26678753341;12.0;176.9;-24.1296;15.8947;31201
31 Dec 2024;5.4;190.18844316069;12.1;204.6;-24.1296;15.8947;31201
01 Jan 2025;2.7;254.26890064264;8.1;192.1;-24.1296;15.8947;31201
02 Jan 2025;2.4;252.98482130864;8.3;250.8;-24.1296;15.8947;31201
03 Jan 2025;2.9;291.4442694787;7.0;295.0;-24.1296;15.8947;31201
04 Jan 2025;2.1;276.13814748622;5.2;313.0;-24.1296;15.8947;31201
05 Jan 2025;3.5;274.16614330868;6.9;255.1;-24.1296;15.8947;31201
06 Jan 2025;3.2;271.58182211917;6.3;188.7;-24.1296;15.8947;31201
07 Jan 2025;3.5;287.23011693214;5.7;266.8;-24.1296;15.8947;31201
08 Jan 2025;3.2;281.53083235912;6.3;258.3;-24.1296;15.8947;31201
09 Jan 2025;3.0;271.82034430932;6.5;259.6;-24.1296;15.8947;31201
10 Jan 2025;2.7;259.03586083282;7.2;252.1;-24.1296;15.8947;31201
11 Jan 2025;2.6;245.60400656209;7.1;219.0;-24.1296;15.8947;31201
12 Jan 2025;2.7;272.36426748137;6.7;281.4;-24.1296;15.8947;31201
13 Jan 2025;2.4;257.07945524187;7.4;244.4;-24.1296;15.8947;31201
14 Jan 2025;2.8;271.43385101737;5.7;264.9;-24.1296;15.8947;31201
15 Jan 2025;3.8;279.98048048044;6.6;280.1;-24.1296;15.8947;31201
16 Jan 2025;3.4;290.53054781384;5.7;283.3;-24.1296;15.8947;31201
17 Jan 2025;2.7;290.02911495621;6.6;275.6;-24.1296;15.8947;31201
18 Jan 2025;2.7;284.40233434425;6.8;280.5;-24.1296;15.8947;31201
19 Jan 2025;2.1;270.46050942869;5.0;243.0;-24.1296;15.8947;31201
20 Jan 2025;3.0;223.14731629477;7.9;226.0;-24.1296;15.8947;31201
21 Jan 2025;3.4;288.60132436142;7.3;290.9;-24.1296;15.8947;31201
22 Jan 2025;3.5;283.94368817112;6.9;293.7;-24.1296;15.8947;31201
23 Jan 2025;2.5;238.61514105947;8.8;193.6;-24.1296;15.8947;31201
24 Jan 2025;3.2;280.36111885415;6.8;288.6;-24.1296;15.8947;31201
25 Jan 2025;3.2;277.52418117544;6.5;279.6;-24.1296;15.8947;31201
26 Jan 2025;2.5;248.41987630672;9.0;177.5;-24.1296;15.8947;31201
27 Jan 2025;2.2;252.81411154222;10.2;212.6;-24.1296;15.8947;31201
28 Jan 2025;2.5;272.68042067876;6.9;265.5;-24.1296;15.8947;31201
29 Jan 2025;2.6;283.99602202868;4.6;297.3;-24.1296;15.8947;31201
30 Jan 2025;2.3;240.33560998252;7.1;210.5;-24.1296;15.8947;31201
31 Jan 2025;3.1;225.78375629543;8.1;189.2;-24.1296;15.8947;31201
01 Feb 2025;2.9;228.98532497158;8.5;191.7;-24.1296;15.8947;31201
02 Feb 2025;2.7;208.02065123239;9.5;190.0;-24.1296;15.8947;31201
03 Feb 2025;1.6;274.45954466542;7.5;243.7;-24.1296;15.8947;31201
04 Feb 2025;2.2;319.99153393869;7.9;9.76;-24.1296;15.8947;31201
05 Feb 2025;2.2;250.95439151522;6.3;286.6;-24.1296;15.8947;31201
06 Feb 2025;0.6;301.71549466552;9.8;2.76;-24.1296;15.8947;31201
07 Feb 2025;0.5;51.800698998426;7.1;63.68;-24.1296;15.8947;31201
08 Feb 2025;2.2;164.83506919953;9.5;178.8;-24.1296;15.8947;31201
09 Feb 2025;1.9;149.28678654751;7.6;207.8;-24.1296;15.8947;31201
10 Feb 2025;1.0;247.02544794042;8.2;285.7;-24.1296;15.8947;31201
11 Feb 2025;2.2;287.44392596924;7.3;286.1;-24.1296;15.8947;31201
12 Feb 2025;0.9;207.82656002543;6.5;314.5;-24.1296;15.8947;31201
13 Feb 2025;1.5;256.57995479201;7.3;262.5;-24.1296;15.8947;31201
14 Feb 2025;2.9;267.93857274086;7.0;220.6;-24.1296;15.8947;31201
15 Feb 2025;1.0;166.08385605301;7.7;130.6;-24.1296;15.8947;31201
16 Feb 2025;2.3;280.25959634485;8.0;257.0;-24.1296;15.8947;31201
17 Feb 2025;1.2;241.42300423475;7.7;237.5;-24.1296;15.8947;31201
18 Feb 2025;3.3;272.73494321095;6.4;245.0;-24.1296;15.8947;31201
19 Feb 2025;2.7;255.84752648612;6.2;193.7;-24.1296;15.8947;31201
20 Feb 2025;2.9;278.03227690428;6.8;278.7;-24.1296;15.8947;31201
21 Feb 2025;2.3;274.59830261121;6.0;208.9;-24.1296;15.8947;31201
22 Feb 2025;2.1;253.58441763726;6.6;235.6;-24.1296;15.8947;31201
23 Feb 2025;1.1;177.31554445092;10.0;182.9;-24.1296;15.8947;31201
24 Feb 2025;2.8;277.20897753916;9.0;236.1;-24.1296;15.8947;31201
25 Feb 2025;2.4;305.88030915345;6.4;275.9;-24.1296;15.8947;31201
26 Feb 2025;2.7;278.19549052435;6.5;277.8;-24.1296;15.8947;31201
27 Feb 2025;2.8;264.77636127517;5.9;309.3;-24.1296;15.8947;31201
28 Feb 2025;2.5;232.79216837703;8.5;188.2;-24.1296;15.8947;31201
01 Mar 2025;2.1;247.78946202015;7.1;194.6;-24.1296;15.8947;31201
02 Mar 2025;2.2;280.07385572463;5.7;299.6;-24.1296;15.8947;31201
03 Mar 2025;1.9;246.85820598959;6.9;198.7;-24.1296;15.8947;31201
04 Mar 2025;2.3;230.62515299701;8.1;217.2;-24.1296;15.8947;31201
05 Mar 2025;2.6;328.82893999382;10.9;344.0;-24.1296;15.8947;31201
06 Mar 2025;0.6;208.60649643601;7.7;252.0;-24.1296;15.8947;31201
07 Mar 2025;0.3;114.0177950162;9.7;335.3;-24.1296;15.8947;31201
08 Mar 2025;0.7;231.0841657058;8.0;143.3;-24.1296;15.8947;31201
09 Mar 2025;1.0;317.44003195043;6.8;72.68;-24.1296;15.8947;31201
10 Mar 2025;1.9;143.78202543158;7.2;182.9;-24.1296;15.8947;31201
11 Mar 2025;2.8;135.26886483804;9.4;181.0;-24.1296;15.8947;31201
12 Mar 2025;1.2;136.812270196;8.7;44.11;-24.1296;15.8947;31201
13 Mar 2025;2.6;284.98903916236;7.3;247.6;-24.1296;15.8947;31201
14 Mar 2025;2.5;276.12448266598;6.8;273.8;-24.1296;15.8947;31201
15 Mar 2025;2.7;200.56922157961;9.0;205.1;-24.1296;15.8947;31201
16 Mar 2025;2.4;189.66724026386;10.2;184.1;-24.1296;15.8947;31201
17 Mar 2025;1.7;201.54349715591;7.5;230.8;-24.1296;15.8947;31201
18 Mar 2025;1.4;359.83656088367;7.9;331.8;-24.1296;15.8947;31201
19 Mar 2025;1.6;33.3323703638;6.6;17.77;-24.1296;15.8947;31201
20 Mar 2025;3.6;335.06887078626;8.9;355.7;-24.1296;15.8947;31201
21 Mar 2025;2.1;320.02333747097;6.3;331.3;-24.1296;15.8947;31201
22 Mar 2025;2.0;288.69076145424;5.1;220.2;-24.1296;15.8947;31201
23 Mar 2025;1.2;259.14754015819;4.8;200.5;-24.1296;15.8947;31201
24 Mar 2025;1.4;206.54877185855;6.8;187.5;-24.1296;15.8947;31201
25 Mar 2025;1.7;216.33109272901;6.1;213.3;-24.1296;15.8947;31201
26 Mar 2025;1.6;236.14561569075;6.1;226.4;-24.1296;15.8947;31201
27 Mar 2025;1.4;257.91306472568;6.0;237.5;-24.1296;15.8947;31201
28 Mar 2025;1.2;219.30927543677;6.3;183.2;-24.1296;15.8947;31201
29 Mar 2025;3.2;186.39659398012;8.6;185.1;-24.1296;15.8947;31201
30 Mar 2025;1.5;219.1315099561;6.1;208.1;-24.1296;15.8947;31201
31 Mar 2025;1.9;283.27536137158;6.9;236.0;-24.1296;15.8947;31201
01 Apr 2025;2.0;285.45061006871;5.0;276.4;-24.1296;15.8947;31201
02 Apr 2025;1.6;290.15205817949;5.2;273.8;-24.1296;15.8947;31201
03 Apr 2025;0.5;249.8980110602;5.7;247.6;-24.1296;15.8947;31201
04 Apr 2025;2.6;197.02309887319;7.4;219.8;-24.1296;15.8947;31201
05 Apr 2025;1.9;258.73799028134;5.5;258.7;-24.1296;15.8947;31201
06 Apr 2025;2.8;297.06979562082;6.4;326.5;-24.1296;15.8947;31201
07 Apr 2025;3.4;295.70866839688;6.3;292.0;-24.1296;15.8947;31201
08 Apr 2025;1.6;242.11531401686;5.9;194.7;-24.1296;15.8947;31201
09 Apr 2025;1.8;290.75253848084;6.9;324.1;-24.1296;15.8947;31201
10 Apr 2025;1.7;254.01176357858;5.0;227.3;-24.1296;15.8947;31201
11 Apr 2025;1.5;283.40142285876;5.9;285.8;-24.1296;15.8947;31201
12 Apr 2025;1.4;256.79366238673;5.0;320.8;-24.1296;15.8947;31201
13 Apr 2025;1.8;224.86191305772;6.3;224.8;-24.1296;15.8947;31201
14 Apr 2025;2.1;229.92519363301;5.7;280.2;-24.1296;15.8947;31201
15 Apr 2025;2.2;291.3434953561;7.2;302.5;-24.1296;15.8947;31201
16 Apr 2025;1.7;311.76526827639;5.8;18.23;-24.1296;15.8947;31201
17 Apr 2025;2.0;301.24106920595;6.7;299.3;-24.1296;15.8947;31201
18 Apr 2025;2.4;304.62934152187;7.6;330.6;-24.1296;15.8947;31201
19 Apr 2025;1.9;284.82573650322;7.6;336.3;-24.1296;15.8947;31201
20 Apr 2025;1.8;270.44600472602;5.4;319.1;-24.1296;15.8947;31201
21 Apr 2025;2.7;294.75796313051;8.2;297.4;-24.1296;15.8947;31201
22 Apr 2025;1.8;267.39935844576;4.6;313.7;-24.1296;15.8947;31201
23 Apr 2025;1.7;174.33899123441;4.2;209.8;-24.1296;15.8947;31201
24 Apr 2025;0.5;142.96010557403;4.5;210.8;-24.1296;15.8947;31201
25 Apr 2025;0.8;192.35077169889;4.9;227.3;-24.1296;15.8947;31201
26 Apr 2025;0.8;255.2299519851;5.0;225.3;-24.1296;15.8947;31201
27 Apr 2025;0.8;229.07196138702;5.7;197.9;-24.1296;15.8947;31201
28 Apr 2025;1.0;206.83961199709;7.2;215.4;-24.1296;15.8947;31201
29 Apr 2025;1.7;233.73750617254;4.5;186.7;-24.1296;15.8947;31201
30 Apr 2025;2.1;235.55713305192;5.4;190.8;-24.1296;15.8947;31201
01 May 2025;1.7;286.10262840249;4.4;318.8;-24.1296;15.8947;31201
02 May 2025;1.8;100.53808842521;4.5;79.92;-24.1296;15.8947;31201
03 May 2025;1.9;116.63001598341;4.9;90.6;-24.1296;15.8947;31201
04 May 2025;0.6;261.14871726396;4.3;343.0;-24.1296;15.8947;31201
05 May 2025;1.3;259.71343957035;6.4;350.7;-24.1296;15.8947;31201
06 May 2025;1.1;287.80187285308;5.9;345.4;-24.1296;15.8947;31201
07 May 2025;1.7;197.49181822005;6.3;182.8;-24.1296;15.8947;31201
08 May 2025;1.7;223.82567481901;5.1;220.3;-24.1296;15.8947;31201
09 May 2025;1.7;264.65249716995;6.2;315.1;-24.1296;15.8947;31201
10 May 2025;2.2;227.31277485111;5.2;262.5;-24.1296;15.8947;31201
11 May 2025;1.0;151.1682823734;3.5;54.22;-24.1296;15.8947;31201
12 May 2025;1.1;111.58558254064;4.0;138.4;-24.1296;15.8947;31201
13 May 2025;1.3;93.271901367987;3.2;15.61;-24.1296;15.8947;31201
14 May 2025;2.5;45.550552684402;6.7;22.9;-24.1296;15.8947;31201
15 May 2025;0.5;338.57533403212;4.4;2.09;-24.1296;15.8947;31201
16 May 2025;1.0;337.49312195043;4.9;343.8;-24.1296;15.8947;31201
17 May 2025;1.2;282.35239818259;5.2;340.9;-24.1296;15.8947;31201
18 May 2025;1.4;292.13706370327;6.0;273.3;-24.1296;15.8947;31201
19 May 2025;2.0;289.82606630802;6.3;296.2;-24.1296;15.8947;31201
20 May 2025;2.4;261.89145403193;5.3;247.1;-24.1296;15.8947;31201
21 May 2025;2.7;115.45446350207;6.2;87.4;-24.1296;15.8947;31201
22 May 2025;3.2;108.17207028439;6.0;119.5;-24.1296;15.8947;31201
23 May 2025;1.9;137.18603589124;3.3;144.5;-24.1296;15.8947;31201
24 May 2025;0.8;214.77390011564;4.9;180.2;-24.1296;15.8947;31201
25 May 2025;1.3;248.96765625926;5.1;329.4;-24.1296;15.8947;31201
26 May 2025;1.5;240.96405234077;4.2;320.8;-24.1296;15.8947;31201
27 May 2025;;;;;-24.1296;15.8947;31201
28 May 2025;;;;;-24.1296;15.8947;31201
29 May 2025;;;;;-24.1296;15.8947;31201
30 May 2025;;;;;-24.1296;15.8947;31201
31 May 2025;;;;;-24.1296;15.8947;31201
01 Jun 2025;;;;;-24.1296;15.8947;31201
02 Jun 2025;;;;;-24.1296;15.8947;31201
03 Jun 2025;;;;;-24.1296;15.8947;31201
04 Jun 2025;;;;;-24.1296;15.8947;31201
05 Jun 2025;;;;;-24.1296;15.8947;31201
06 Jun 2025;1.2;271.45596304054;4.5;297.5;-24.1296;15.8947;31201
07 Jun 2025;0.8;183.42632312117;1.8;189.0;-24.1296;15.8947;31201
08 Jun 2025;3.9;185.59227745461;6.6;177.1;-24.1296;15.8947;31201
09 Jun 2025;2.9;115.07715723115;6.8;123.3;-24.1296;15.8947;31201
10 Jun 2025;3.0;106.43537119178;5.1;111.1;-24.1296;15.8947;31201
11 Jun 2025;2.2;115.95512795717;4.0;127.6;-24.1296;15.8947;31201
12 Jun 2025;1.9;112.4679892699;3.6;114.4;-24.1296;15.8947;31201
13 Jun 2025;;;;;-24.1296;15.8947;31201
14 Jun 2025;3.7;49.719798374911;7.6;43.43;-24.1296;15.8947;31201
15 Jun 2025;2.3;44.348902551381;3.6;53.08;-24.1296;15.8947;31201
16 Jun 2025;1.0;277.83378365108;6.0;347.8;-24.1296;15.8947;31201
17 Jun 2025;1.4;245.32308103878;5.1;298.5;-24.1296;15.8947;31201
18 Jun 2025;1.5;288.01827632529;5.2;296.0;-24.1296;15.8947;31201
19 Jun 2025;1.2;274.49261518975;4.4;300.6;-24.1296;15.8947;31201
20 Jun 2025;0.8;236.77403932682;3.2;315.1;-24.1296;15.8947;31201
21 Jun 2025;0.2;63.325087823996;4.2;6.36;-24.1296;15.8947;31201
22 Jun 2025;1.3;214.41308548305;4.7;184.1;-24.1296;15.8947;31201
23 Jun 2025;0.7;239.99324210796;4.6;23.1;-24.1296;15.8947;31201
24 Jun 2025;1.8;288.6508025343;6.8;331.4;-24.1296;15.8947;31201
25 Jun 2025;3.5;309.21773634773;6.3;302.5;-24.1296;15.8947;31201
26 Jun 2025;3.1;203.82086249684;6.3;187.2;-24.1296;15.8947;31201
27 Jun 2025;1.0;152.39310207908;3.6;139.2;-24.1296;15.8947;31201
28 Jun 2025;2.0;177.65848749657;3.4;192.5;-24.1296;15.8947;31201
29 Jun 2025;0.8;224.36174277874;3.2;268.5;-24.1296;15.8947;31201
30 Jun 2025;0.7;287.91342391787;4.9;351.6;-24.1296;15.8947;31201
01 Jul 2025;;;;;-24.1296;15.8947;31201
02 Jul 2025;0.8;300.80000001937;0.8;300.8;-24.1296;15.8947;31201
03 Jul 2025;1.3;181.75842070554;3.4;194.9;-24.1296;15.8947;31201
04 Jul 2025;2.3;196.40000000968;2.3;196.4;-24.1296;15.8947;31201
05 Jul 2025;2.4;198.61483738482;2.9;201.3;-24.1296;15.8947;31201
06 Jul 2025;;;;;-24.1296;15.8947;31201
07 Jul 2025;;;;;-24.1296;15.8947;31201
08 Jul 2025;;;;;-24.1296;15.8947;31201
09 Jul 2025;;;;;-24.1296;15.8947;31201
10 Jul 2025;;;;;-24.1296;15.8947;31201
11 Jul 2025;;;;;-24.1296;15.8947;31201
12 Jul 2025;;;;;-24.1296;15.8947;31201
13 Jul 2025;;;;;-24.1296;15.8947;31201
14 Jul 2025;;;;;-24.1296;15.8947;31201
15 Jul 2025;;;;;-24.1296;15.8947;31201
16 Jul 2025;;;;;-24.1296;15.8947;31201
17 Jul 2025;2.0;193.20000000968;2.0;193.2;-24.1296;15.8947;31201
18 Jul 2025;2.5;194.3253106376;3.1;194.2;-24.1296;15.8947;31201
19 Jul 2025;;;;;-24.1296;15.8947;31201
20 Jul 2025;;;;;-24.1296;15.8947;31201
21 Jul 2025;;;;;-24.1296;15.8947;31201
22 Jul 2025;;;;;-24.1296;15.8947;31201
23 Jul 2025;;;;;-24.1296;15.8947;31201
24 Jul 2025;;;;;-24.1296;15.8947;31201
25 Jul 2025;;;;;-24.1296;15.8947;31201
26 Jul 2025;;;;;-24.1296;15.8947;31201
27 Jul 2025;;;;;-24.1296;15.8947;31201
28 Jul 2025;;;;;-24.1296;15.8947;31201
29 Jul 2025;;;;;-24.1296;15.8947;31201
30 Jul 2025;;;;;-24.1296;15.8947;31201
31 Jul 2025;;;;;-24.1296;15.8947;31201
01 Aug 2025;;;;;-24.1296;15.8947;31201
02 Aug 2025;;;;;-24.1296;15.8947;31201
03 Aug 2025;;;;;-24.1296;15.8947;31201
04 Aug 2025;;;;;-24.1296;15.8947;31201
05 Aug 2025;;;;;-24.1296;15.8947;31201
06 Aug 2025;1.2;210.00000000968;1.2;210.0;-24.1296;15.8947;31201
07 Aug 2025;0.6;151.96015827644;2.9;147.8;-24.1296;15.8947;31201
08 Aug 2025;;;;;-24.1296;15.8947;31201
09 Aug 2025;;;;;-24.1296;15.8947;31201
10 Aug 2025;;;;;-24.1296;15.8947;31201
11 Aug 2025;;;;;-24.1296;15.8947;31201
12 Aug 2025;;;;;-24.1296;15.8947;31201
13 Aug 2025;;;;;-24.1296;15.8947;31201
14 Aug 2025;;;;;-24.1296;15.8947;31201
15 Aug 2025;;;;;-24.1296;15.8947;31201
16 Aug 2025;1.5;164.40000000968;1.5;164.4;-24.1296;15.8947;31201
17 Aug 2025;0.1;325.28795704243;6.7;29.95;-24.1296;15.8947;31201
18 Aug 2025;1.2;197.30000000968;1.2;197.3;-24.1296;15.8947;31201
19 Aug 2025;1.4;217.85369172325;3.4;259.1;-24.1296;15.8947;31201
20 Aug 2025;;;;;-24.1296;15.8947;31201
21 Aug 2025;;;;;-24.1296;15.8947;31201
22 Aug 2025;3.0;185.77196879797;5.7;182.9;-24.1296;15.8947;31201
23 Aug 2025;;;;;-24.1296;15.8947;31201
24 Aug 2025;;;;;-24.1296;15.8947;31201
25 Aug 2025;;;;;-24.1296;15.8947;31201
26 Aug 2025;;;;;-24.1296;15.8947;31201
27 Aug 2025;1.2;196.50000000968;1.2;196.5;-24.1296;15.8947;31201
28 Aug 2025;1.2;219.17827646514;4.3;195.3;-24.1296;15.8947;31201
29 Aug 2025;;;;;-24.1296;15.8947;31201
30 Aug 2025;1.7;178.80000000968;1.7;178.8;-24.1296;15.8947;31201
31 Aug 2025;1.7;197.70871828837;4.7;177.9;-24.1296;15.8947;31201
01 Sep 2025;1.9;189.10000000968;1.9;189.1;-24.1296;15.8947;31201
02 Sep 2025;1.4;239.38879400282;5.8;201.5;-24.1296;15.8947;31201
03 Sep 2025;2.5;98.78183673117;8.5;51.25;-24.1296;15.8947;31201
04 Sep 2025;;;;;-24.1296;15.8947;31201
05 Sep 2025;;;;;-24.1296;15.8947;31201
06 Sep 2025;2.8;290.30000001937;2.8;290.3;-24.1296;15.8947;31201
07 Sep 2025;2.1;303.30937020437;4.8;301.3;-24.1296;15.8947;31201
08 Sep 2025;2.3;296.7822766752;6.2;274.9;-24.1296;15.8947;31201
09 Sep 2025;2.6;307.61398452191;5.8;320.0;-24.1296;15.8947;31201
10 Sep 2025;2.4;301.06336128281;5.8;305.5;-24.1296;15.8947;31201
11 Sep 2025;1.1;246.37326195253;4.7;303.0;-24.1296;15.8947;31201
12 Sep 2025;1.0;203.27518479275;3.9;152.2;-24.1296;15.8947;31201
13 Sep 2025;2.3;202.91367231388;5.8;226.0;-24.1296;15.8947;31201
14 Sep 2025;1.3;92.734677935076;6.1;70.65;-24.1296;15.8947;31201
15 Sep 2025;1.4;250.086158218;6.0;202.4;-24.1296;15.8947;31201
16 Sep 2025;3.5;182.52372756933;8.6;188.0;-24.1296;15.8947;31201
17 Sep 2025;3.1;174.87432873314;6.9;184.8;-24.1296;15.8947;31201
18 Sep 2025;1.6;203.59526234362;6.4;252.0;-24.1296;15.8947;31201
19 Sep 2025;3.3;187.10841840587;6.3;189.8;-24.1296;15.8947;31201
20 Sep 2025;1.5;137.72353081012;4.2;167.8;-24.1296;15.8947;31201
21 Sep 2025;2.9;198.46860739527;8.2;180.8;-24.1296;15.8947;31201
22 Sep 2025;1.4;244.34809332472;4.4;299.5;-24.1296;15.8947;31201
23 Sep 2025;1.3;264.85795098394;4.6;278.0;-24.1296;15.8947;31201
24 Sep 2025;1.0;206.76685505808;4.5;238.0;-24.1296;15.8947;31201
25 Sep 2025;1.6;89.718097775731;6.7;77.82;-24.1296;15.8947;31201
26 Sep 2025;1.4;313.78601334392;2.2;299.2;-24.1296;15.8947;31201
27 Sep 2025;2.9;310.29395651868;6.4;306.0;-24.1296;15.8947;31201
28 Sep 2025;;;;;-24.1296;15.8947;31201
29 Sep 2025;;;;;-24.1296;15.8947;31201
30 Sep 2025;;;;;-24.1296;15.8947;31201
01 Oct 2025;;;;;-24.1296;15.8947;31201
02 Oct 2025;;;;;-24.1296;15.8947;31201
03 Oct 2025;;;;;-24.1296;15.8947;31201
04 Oct 2025;;;;;-24.1296;15.8947;31201
05 Oct 2025;;;;;-24.1296;15.8947;31201
06 Oct 2025;;;;;-24.1296;15.8947;31201
07 Oct 2025;;;;;-24.1296;15.8947;31201
08 Oct 2025;;;;;-24.1296;15.8947;31201
09 Oct 2025;;;;;-24.1296;15.8947;31201
10 Oct 2025;;;;;-24.1296;15.8947;31201
11 Oct 2025;;;;;-24.1296;15.8947;31201
12 Oct 2025;;;;;-24.1296;15.8947;31201
13 Oct 2025;;;;;-24.1296;15.8947;31201
14 Oct 2025;;;;;-24.1296;15.8947;31201
15 Oct 2025;;;;;-24.1296;15.8947;31201
16 Oct 2025;;;;;-24.1296;15.8947;31201
17 Oct 2025;;;;;-24.1296;15.8947;31201
18 Oct 2025;;;;;-24.1296;15.8947;31201
19 Oct 2025;;;;;-24.1296;15.8947;31201
20 Oct 2025;;;;;-24.1296;15.8947;31201
21 Oct 2025;;;;;-24.1296;15.8947;31201
22 Oct 2025;;;;;-24.1296;15.8947;31201
23 Oct 2025;;;;;-24.1296;15.8947;31201
24 Oct 2025;;;;;-24.1296;15.8947;31201
25 Oct 2025;;;;;-24.1296;15.8947;31201
26 Oct 2025;;;;;-24.1296;15.8947;31201
27 Oct 2025;;;;;-24.1296;15.8947;31201
28 Oct 2025;;;;;-24.1296;15.8947;31201
29 Oct 2025;;;;;-24.1296;15.8947;31201
30 Oct 2025;;;;;-24.1296;15.8947;31201
31 Oct 2025;;;;;-24.1296;15.8947;31201
01 Nov 2025;;;;;-24.1296;15.8947;31201
02 Nov 2025;;;;;-24.1296;15.8947;31201
03 Nov 2025;;;;;-24.1296;15.8947;31201
04 Nov 2025;;;;;-24.1296;15.8947;31201
05 Nov 2025;;;;;-24.1296;15.8947;31201
06 Nov 2025;;;;;-24.1296;15.8947;31201
07 Nov 2025;;;;;-24.1296;15.8947;31201
08 Nov 2025;;;;;-24.1296;15.8947;31201
09 Nov 2025;;;;;-24.1296;15.8947;31201
10 Nov 2025;;;;;-24.1296;15.8947;31201
11 Nov 2025;;;;;-24.1296;15.8947;31201
12 Nov 2025;;;;;-24.1296;15.8947;31201
13 Nov 2025;;;;;-24.1296;15.8947;31201
14 Nov 2025;;;;;-24.1296;15.8947;31201
15 Nov 2025;;;;;-24.1296;15.8947;31201
16 Nov 2025;;;;;-24.1296;15.8947;31201
17 Nov 2025;;;;;-24.1296;15.8947;31201
18 Nov 2025;;;;;-24.1296;15.8947;31201
19 Nov 2025;;;;;-24.1296;15.8947;31201
20 Nov 2025;;;;;-24.1296;15.8947;31201
21 Nov 2025;;;;;-24.1296;15.8947;31201
22 Nov 2025;;;;;-24.1296;15.8947;31201
23 Nov 2025;;;;;-24.1296;15.8947;31201
24 Nov 2025;;;;;-24.1296;15.8947;31201
25 Nov 2025;;;;;-24.1296;15.8947;31201
26 Nov 2025;;;;;-24.1296;15.8947;31201
27 Nov 2025;;;;;-24.1296;15.8947;31201
28 Nov 2025;;;;;-24.1296;15.8947;31201
29 Nov 2025;;;;;-24.1296;15.8947;31201
30 Nov 2025;;;;;-24.1296;15.8947;31201
01 Dec 2025;;;;;-24.1296;15.8947;31201
02 Dec 2025;;;;;-24.1296;15.8947;31201
03 Dec 2025;;;;;-24.1296;15.8947;31201
04 Dec 2025;;;;;-24.1296;15.8947;31201
05 Dec 2025;;;;;-24.1296;15.8947;31201
06 Dec 2025;;;;;-24.1296;15.8947;31201
07 Dec 2025;;;;;-24.1296;15.8947;31201
08 Dec 2025;;;;;-24.1296;15.8947;31201
09 Dec 2025;;;;;-24.1296;15.8947;31201
10 Dec 2025;;;;;-24.1296;15.8947;31201
11 Dec 2025;;;;;-24.1296;15.8947;31201
12 Dec 2025;;;;;-24.1296;15.8947;31201
13 Dec 2025;;;;;-24.1296;15.8947;31201
14 Dec 2025;;;;;-24.1296;15.8947;31201
15 Dec 2025;;;;;-24.1296;15.8947;31201
16 Dec 2025;;;;;-24.1296;15.8947;31201
17 Dec 2025;;;;;-24.1296;15.8947;31201
18 Dec 2025;;;;;-24.1296;15.8947;31201
19 Dec 2025;;;;;-24.1296;15.8947;31201
20 Dec 2025;;;;;-24.1296;15.8947;31201
21 Dec 2025;;;;;-24.1296;15.8947;31201
22 Dec 2025;;;;;-24.1296;15.8947;31201
23 Dec 2025;;;;;-24.1296;15.8947;31201
24 Dec 2025;;;;;-24.1296;15.8947;31201
25 Dec 2025;;;;;-24.1296;15.8947;31201
26 Dec 2025;;;;;-24.1296;15.8947;31201
27 Dec 2025;;;;;-24.1296;15.8947;31201
28 Dec 2025;;;;;-24.1296;15.8947;31201
29 Dec 2025;;;;;-24.1296;15.8947;31201
30 Dec 2025;;;;;-24.1296;15.8947;31201
31 Dec 2025;;;;;-24.1296;15.8947;31201
01 Jan 2026;;;;;-24.1296;15.8947;31201
02 Jan 2026;;;;;-24.1296;15.8947;31201
03 Jan 2026;;;;;-24.1296;15.8947;31201
04 Jan 2026;;;;;-24.1296;15.8947;31201
05 Jan 2026;;;;;-24.1296;15.8947;31201
06 Jan 2026;;;;;-24.1296;15.8947;31201
07 Jan 2026;;;;;-24.1296;15.8947;31201
08 Jan 2026;;;;;-24.1296;15.8947;31201
09 Jan 2026;;;;;-24.1296;15.8947;31201
10 Jan 2026;;;;;-24.1296;15.8947;31201
11 Jan 2026;;;;;-24.1296;15.8947;31201
12 Jan 2026;;;;;-24.1296;15.8947;31201
13 Jan 2026;;;;;-24.1296;15.8947;31201
14 Jan 2026;;;;;-24.1296;15.8947;31201
15 Jan 2026;;;;;-24.1296;15.8947;31201
16 Jan 2026;;;;;-24.1296;15.8947;31201
17 Jan 2026;;;;;-24.1296;15.8947;31201
18 Jan 2026;;;;;-24.1296;15.8947;31201
19 Jan 2026;;;;;-24.1296;15.8947;31201
20 Jan 2026;;;;;-24.1296;15.8947;31201
21 Jan 2026;;;;;-24.1296;15.8947;31201
22 Jan 2026;;;;;-24.1296;15.8947;31201
23 Jan 2026;;;;;-24.1296;15.8947;31201
24 Jan 2026;;;;;-24.1296;15.8947;31201
25 Jan 2026;;;;;-24.1296;15.8947;31201
26 Jan 2026;;;;;-24.1296;15.8947;31201
27 Jan 2026;;;;;-24.1296;15.8947;31201
28 Jan 2026;;;;;-24.1296;15.8947;31201
29 Jan 2026;;;;;-24.1296;15.8947;31201
30 Jan 2026;;;;;-24.1296;15.8947;31201
31 Jan 2026;;;;;-24.1296;15.8947;31201
01 Feb 2026;;;;;-24.1296;15.8947;31201
02 Feb 2026;;;;;-24.1296;15.8947;31201
03 Feb 2026;;;;;-24.1296;15.8947;31201
04 Feb 2026;;;;;-24.1296;15.8947;31201
05 Feb 2026;;;;;-24.1296;15.8947;31201
06 Feb 2026;;;;;-24.1296;15.8947;31201
07 Feb 2026;;;;;-24.1296;15.8947;31201
08 Feb 2026;;;;;-24.1296;15.8947;31201
09 Feb 2026;;;;;-24.1296;15.8947;31201
10 Feb 2026;;;;;-24.1296;15.8947;31201
11 Feb 2026;;;;;-24.1296;15.8947;31201
12 Feb 2026;;;;;-24.1296;15.8947;31201
13 Feb 2026;;;;;-24.1296;15.8947;31201
14 Feb 2026;;;;;-24.1296;15.8947;31201
15 Feb 2026;;;;;-24.1296;15.8947;31201
16 Feb 2026;;;;;-24.1296;15.8947;31201
17 Feb 2026;;;;;-24.1296;15.8947;31201
18 Feb 2026;;;;;-24.1296;15.8947;31201
19 Feb 2026;;;;;-24.1296;15.8947;31201
20 Feb 2026;;;;;-24.1296;15.8947;31201
21 Feb 2026;;;;;-24.1296;15.8947;31201
22 Feb 2026;;;;;-24.1296;15.8947;31201
23 Feb 2026;;;;;-24.1296;15.8947;31201
24 Feb 2026;;;;;-24.1296;15.8947;31201
25 Feb 2026;;;;;-24.1296;15.8947;31201
26 Feb 2026;;;;;-24.1296;15.8947;31201
27 Feb 2026;;;;;-24.1296;15.8947;31201
28 Feb 2026;;;;;-24.1296;15.8947;31201
01 Mar 2026;;;;;-24.1296;15.8947;31201
02 Mar 2026;;;;;-24.1296;15.8947;31201
03 Mar 2026;;;;;-24.1296;15.8947;31201
04 Mar 2026;;;;;-24.1296;15.8947;31201
05 Mar 2026;;;;;-24.1296;15.8947;31201
06 Mar 2026;;;;;-24.1296;15.8947;31201
07 Mar 2026;;;;;-24.1296;15.8947;31201
08 Mar 2026;;;;;-24.1296;15.8947;31201
09 Mar 2026;;;;;-24.1296;15.8947;31201
10 Mar 2026;;;;;-24.1296;15.8947;31201
11 Mar 2026;;;;;-24.1296;15.8947;31201
12 Mar 2026;;;;;-24.1296;15.8947;31201
13 Mar 2026;;;;;-24.1296;15.8947;31201
14 Mar 2026;;;;;-24.1296;15.8947;31201
15 Mar 2026;;;;;-24.1296;15.8947;31201
16 Mar 2026;;;;;-24.1296;15.8947;31201
17 Mar 2026;;;;;-24.1296;15.8947;31201
18 Mar 2026;;;;;-24.1296;15.8947;31201
19 Mar 2026;;;;;-24.1296;15.8947;31201
20 Mar 2026;;;;;-24.1296;15.8947;31201
21 Mar 2026;;;;;-24.1296;15.8947;31201
22 Mar 2026;;;;;-24.1296;15.8947;31201
23 Mar 2026;;;;;-24.1296;15.8947;31201
24 Mar 2026;;;;;-24.1296;15.8947;31201
25 Mar 2026;;;;;-24.1296;15.8947;31201
26 Mar 2026;;;;;-24.1296;15.8947;31201
27 Mar 2026;;;;;-24.1296;15.8947;31201
28 Mar 2026;;;;;-24.1296;15.8947;31201
29 Mar 2026;;;;;-24.1296;15.8947;31201
30 Mar 2026;;;;;-24.1296;15.8947;31201
31 Mar 2026;;;;;-24.1296;15.8947;31201
01 Apr 2026;;;;;-24.1296;15.8947;31201
02 Apr 2026;;;;;-24.1296;15.8947;31201
03 Apr 2026;;;;;-24.1296;15.8947;31201
04 Apr 2026;;;;;-24.1296;15.8947;31201
05 Apr 2026;;;;;-24.1296;15.8947;31201
06 Apr 2026;;;;;-24.1296;15.8947;31201
07 Apr 2026;;;;;-24.1296;15.8947;31201
08 Apr 2026;;;;;-24.1296;15.8947;31201
09 Apr 2026;;;;;-24.1296;15.8947;31201
10 Apr 2026;;;;;-24.1296;15.8947;31201
11 Apr 2026;;;;;-24.1296;15.8947;31201
12 Apr 2026;;;;;-24.1296;15.8947;31201
13 Apr 2026;;;;;-24.1296;15.8947;31201
14 Apr 2026;;;;;-24.1296;15.8947;31201
15 Apr 2026;;;;;-24.1296;15.8947;31201
16 Apr 2026;;;;;-24.1296;15.8947;31201
17 Apr 2026;;;;;-24.1296;15.8947;31201
18 Apr 2026;;;;;-24.1296;15.8947;31201
19 Apr 2026;;;;;-24.1296;15.8947;31201
20 Apr 2026;;;;;-24.1296;15.8947;31201
21 Apr 2026;;;;;-24.1296;15.8947;31201
22 Apr 2026;;;;;-24.1296;15.8947;31201
23 Apr 2026;;;;;-24.1296;15.8947;31201
24 Apr 2026;;;;;-24.1296;15.8947;31201
25 Apr 2026;;;;;-24.1296;15.8947;31201
26 Apr 2026;;;;;-24.1296;15.8947;31201
27 Apr 2026;;;;;-24.1296;15.8947;31201
28 Apr 2026;;;;;-24.1296;15.8947;31201
29 Apr 2026;;;;;-24.1296;15.8947;31201
30 Apr 2026;;;;;-24.1296;15.8947;31201
01 May 2026;;;;;-24.1296;15.8947;31201
02 May 2026;;;;;-24.1296;15.8947;31201
03 May 2026;;;;;-24.1296;15.8947;31201
04 May 2026;;;;;-24.1296;15.8947;31201
05 May 2026;;;;;-24.1296;15.8947;31201
06 May 2026;;;;;-24.1296;15.8947;31201
07 May 2026;;;;;-24.1296;15.8947;31201
08 May 2026;;;;;-24.1296;15.8947;31201
09 May 2026;;;;;-24.1296;15.8947;31201
10 May 2026;;;;;-24.1296;15.8947;31201
11 May 2026;;;;;-24.1296;15.8947;31201
12 May 2026;;;;;-24.1296;15.8947;31201
13 May 2026;;;;;-24.1296;15.8947;31201
14 May 2026;;;;;-24.1296;15.8947;31201
15 May 2026;;;;;-24.1296;15.8947;31201
16 May 2026;;;;;-24.1296;15.8947;31201
17 May 2026;;;;;-24.1296;15.8947;31201
18 May 2026;;;;;-24.1296;15.8947;31201
19 May 2026;2.7;282.92739842232;4.2;284.5;-24.1296;15.8947;31201
20 May 2026;1.7;285.5613817486;5.7;297.3;-24.1296;15.8947;31201
21 May 2026;1.4;250.08799125281;4.0;225.1;-24.1296;15.8947;31201
22 May 2026;1.4;262.42194470953;4.8;284.2;-24.1296;15.8947;31201
23 May 2026;1.6;266.67321437779;5.6;285.4;-24.1296;15.8947;31201
24 May 2026;1.3;253.74061875391;4.3;311.6;-24.1296;15.8947;31201
25 May 2026;1.6;231.27701226264;3.2;287.6;-24.1296;15.8947;31201
26 May 2026;1.3;245.70544822767;4.0;229.4;-24.1296;15.8947;31201
27 May 2026;1.4;231.1292140696;4.2;229.3;-24.1296;15.8947;31201
28 May 2026;1.5;219.75657436737;5.0;177.3;-24.1296;15.8947;31201
29 May 2026;1.2;247.16377625979;5.1;190.4;-24.1296;15.8947;31201
30 May 2026;1.2;217.8075559201;4.3;180.4;-24.1296;15.8947;31201
31 May 2026;1.0;271.63788716194;4.7;337.6;-24.1296;15.8947;31201
01 Jun 2026;1.2;270.14753954526;5.7;348.1;-24.1296;15.8947;31201
02 Jun 2026;;;;;-24.1296;15.8947;31201
03 Jun 2026;;;;;-24.1296;15.8947;31201
04 Jun 2026;;;;;-24.1296;15.8947;31201
05 Jun 2026;;;;;-24.1296;15.8947;31201
06 Jun 2026;;;;;-24.1296;15.8947;31201
07 Jun 2026;;;;;-24.1296;15.8947;31201
08 Jun 2026;0.8;170.60000000968;0.8;170.6;-24.1296;15.8947;31201
09 Jun 2026;1.0;248.21744433025;3.8;258.4;-24.1296;15.8947;31201
10 Jun 2026;1.3;263.75436582296;4.3;302.4;-24.1296;15.8947;31201
11 Jun 2026;1.2;201.20000000968;1.2;201.2;-24.1296;15.8947;31201
12 Jun 2026;1.3;223.31834974772;3.6;189.0;-24.1296;15.8947;31201
13 Jun 2026;1.3;226.2263326278;3.2;307.4;-24.1296;15.8947;31201
14 Jun 2026;1.6;199.72482738705;4.0;199.9;-24.1296;15.8947;31201
15 Jun 2026;;;;;-24.1296;15.8947;31201
16 Jun 2026;;;;;-24.1296;15.8947;31201
17 Jun 2026;3.2;194.90000000968;3.2;194.9;-24.1296;15.8947;31201
18 Jun 2026;1.6;261.74724601042;5.6;274.3;-24.1296;15.8947;31201
19 Jun 2026;0.7;267.93172784595;5.2;163.1;-24.1296;15.8947;31201
20 Jun 2026;1.8;302.31708756437;6.5;323.1;-24.1296;15.8947;31201
21 Jun 2026;;;;;-24.1296;15.8947;31201
22 Jun 2026;;;;;-24.1296;15.8947;31201
23 Jun 2026;1.4;184.60000000968;1.4;184.6;-24.1296;15.8947;31201
24 Jun 2026;1.6;289.88642545592;5.1;299.6;-24.1296;15.8947;31201
25 Jun 2026;;;;;-24.1296;15.8947;31201
26 Jun 2026;;;;;-24.1296;15.8947;31201
27 Jun 2026;;;;;-24.1296;15.8947;31201
28 Jun 2026;;;;;-24.1296;15.8947;31201
29 Jun 2026;1.8;197.20000000968;1.8;197.2;-24.1296;15.8947;31201
30 Jun 2026;1.3;291.80000324028;3.3;323.8;-24.1296;15.8947;31201
