{
"type": "FeatureCollection",
"name": "uncertainty_lines_length",
"crs": { "type": "name", "properties": { "name": "urn:ogc:def:crs:EPSG::32733" } },
"features": [
{ "type": "Feature", "properties": { "distance_along_m": 0.0, "signed_error_m": null, "abs_error_m": null, "left_or_right": null, "is_measured": false, "gnss_line_id": "The Star Dune" }, "geometry": { "type": "Point", "coordinates": [ 533645.167592823621817, 7262069.891683631576598 ] } },
{ "type": "Feature", "properties": { "distance_along_m": 10.0, "signed_error_m": null, "abs_error_m": null, "left_or_right": null, "is_measured": false, "gnss_line_id": "The Star Dune" }, "geometry": { "type": "Point", "coordinates": [ 533635.375897092162631, 7262067.973016735166311 ] } },
{ "type": "Feature", "properties": { "distance_along_m": 20.0, "signed_error_m": null, "abs_error_m": null, "left_or_right": null, "is_measured": false, "gnss_line_id": "The Star Dune" }, "geometry": { "type": "Point", "coordinates": [ 533625.677084903581999, 7262065.982485808432102 ] } },
{ "type": "Feature", "properties": { "distance_along_m": 30.0, "signed_error_m": 4.6963707778536765, "abs_error_m": 4.6963707778536765, "left_or_right": "right", "is_measured": true, "gnss_line_id": "The Star Dune" }, "geometry": { "type": "LineString", "coordinates": [ [ 533616.173975073266774, 7262062.874461803585291 ], [ 533617.328451061272062, 7262058.310685750097036 ] ] } },
{ "type": "Feature", "properties": { "distance_along_m": 40.0, "signed_error_m": 4.0770600189299877, "abs_error_m": 4.0770600189299877, "left_or_right": "right", "is_measured": true, "gnss_line_id": "The Star Dune" }, "geometry": { "type": "LineString", "coordinates": [ [ 533606.669663443462923, 7262059.767310147173703 ], [ 533607.793771585449576, 7262055.843148819170892 ] ] } },
{ "type": "Feature", "properties": { "distance_along_m": 50.0, "signed_error_m": 3.3642180484284725, "abs_error_m": 3.3642180484284725, "left_or_right": "right", "is_measured": true, "gnss_line_id": "The Star Dune" }, "geometry": { "type": "LineString", "coordinates": [ [ 533597.252949699177407, 7262056.405624521896243 ], [ 533598.080750475637615, 7262053.123147617094219 ] ] } },
{ "type": "Feature", "properties": { "distance_along_m": 60.0, "signed_error_m": 2.4847396137405049, "abs_error_m": 2.4847396137405049, "left_or_right": "right", "is_measured": true, "gnss_line_id": "The Star Dune" }, "geometry": { "type": "LineString", "coordinates": [ [ 533587.806624836986884, 7262053.142152547836304 ], [ 533588.35696021921467, 7262050.712768467143178 ] ] } },
{ "type": "Feature", "properties": { "distance_along_m": 70.0, "signed_error_m": 2.080958952755986, "abs_error_m": 2.080958952755986, "left_or_right": "right", "is_measured": true, "gnss_line_id": "The Star Dune" }, "geometry": { "type": "LineString", "coordinates": [ [ 533578.172965793870389, 7262050.465043747797608 ], [ 533578.744070595595986, 7262048.46166549436748 ] ] } },
{ "type": "Feature", "properties": { "distance_along_m": 80.0, "signed_error_m": 2.6597046789144478, "abs_error_m": 2.6597046789144478, "left_or_right": "right", "is_measured": true, "gnss_line_id": "The Star Dune" }, "geometry": { "type": "LineString", "coordinates": [ [ 533568.433939519687556, 7262048.222450763918459 ], [ 533569.389366807532497, 7262045.734490082599223 ] ] } },
{ "type": "Feature", "properties": { "distance_along_m": 90.0, "signed_error_m": 2.3750590102875822, "abs_error_m": 2.3750590102875822, "left_or_right": "right", "is_measured": true, "gnss_line_id": "The Star Dune" }, "geometry": { "type": "LineString", "coordinates": [ [ 533559.214049812522717, 7262044.38188208360225 ], [ 533560.069095796905458, 7262042.155317260883749 ] ] } },
{ "type": "Feature", "properties": { "distance_along_m": 100.0, "signed_error_m": 1.6794543002824707, "abs_error_m": 1.6794543002824707, "left_or_right": "right", "is_measured": true, "gnss_line_id": "The Star Dune" }, "geometry": { "type": "LineString", "coordinates": [ [ 533550.349812107393518, 7262039.75770078599453 ], [ 533551.020705345552415, 7262038.217502420768142 ] ] } },
{ "type": "Feature", "properties": { "distance_along_m": 110.0, "signed_error_m": 2.0345819215655196, "abs_error_m": 2.0345819215655196, "left_or_right": "right", "is_measured": true, "gnss_line_id": "The Star Dune" }, "geometry": { "type": "LineString", "coordinates": [ [ 533541.007932980312034, 7262036.215694656595588 ], [ 533541.795741709880531, 7262034.335421876981854 ] ] } },
{ "type": "Feature", "properties": { "distance_along_m": 120.0, "signed_error_m": 2.3233769134475102, "abs_error_m": 2.3233769134475102, "left_or_right": "right", "is_measured": true, "gnss_line_id": "The Star Dune" }, "geometry": { "type": "LineString", "coordinates": [ [ 533531.620382084394805, 7262032.77637533377856 ], [ 533532.473003223305568, 7262030.61448369268328 ] ] } },
{ "type": "Feature", "properties": { "distance_along_m": 130.0, "signed_error_m": 1.7586862130652712, "abs_error_m": 1.7586862130652712, "left_or_right": "right", "is_measured": true, "gnss_line_id": "The Star Dune" }, "geometry": { "type": "LineString", "coordinates": [ [ 533522.667277025524527, 7262028.339884772896767 ], [ 533523.378721297252923, 7262026.723977668210864 ] ] } },
{ "type": "Feature", "properties": { "distance_along_m": 140.0, "signed_error_m": 1.0818386495828185, "abs_error_m": 1.0818386495828185, "left_or_right": "right", "is_measured": true, "gnss_line_id": "The Star Dune" }, "geometry": { "type": "LineString", "coordinates": [ [ 533514.015683600329794, 7262023.326206747442484 ], [ 533514.518460492021404, 7262022.366050961427391 ] ] } },
{ "type": "Feature", "properties": { "distance_along_m": 150.0, "signed_error_m": 0.28942122245077195, "abs_error_m": 0.28942122245077195, "left_or_right": "right", "is_measured": true, "gnss_line_id": "The Star Dune" }, "geometry": { "type": "LineString", "coordinates": [ [ 533505.55407480453141, 7262017.99903395306319 ], [ 533505.688499749987386, 7262017.74232189822942 ] ] } },
{ "type": "Feature", "properties": { "distance_along_m": 160.0, "signed_error_m": 0.25860740050519659, "abs_error_m": 0.25860740050519659, "left_or_right": "right", "is_measured": true, "gnss_line_id": "The Star Dune" }, "geometry": { "type": "LineString", "coordinates": [ [ 533496.607066097320057, 7262013.552033912390471 ], [ 533496.711289594415575, 7262013.315358499065042 ] ] } },
{ "type": "Feature", "properties": { "distance_along_m": 170.0, "signed_error_m": 0.34373064115281388, "abs_error_m": 0.34373064115281388, "left_or_right": "right", "is_measured": true, "gnss_line_id": "The Star Dune" }, "geometry": { "type": "LineString", "coordinates": [ [ 533487.381494685891084, 7262009.694197617471218 ], [ 533487.507896466064267, 7262009.37452881783247 ] ] } },
{ "type": "Feature", "properties": { "distance_along_m": 180.0, "signed_error_m": 0.42254476094156673, "abs_error_m": 0.42254476094156673, "left_or_right": "right", "is_measured": true, "gnss_line_id": "The Star Dune" }, "geometry": { "type": "LineString", "coordinates": [ [ 533478.072287274175324, 7262006.043388449586928 ], [ 533478.238191503100097, 7262005.654393524862826 ] ] } },
{ "type": "Feature", "properties": { "distance_along_m": 190.0, "signed_error_m": 0.86835078201056559, "abs_error_m": 0.86835078201056559, "left_or_right": "right", "is_measured": true, "gnss_line_id": "The Star Dune" }, "geometry": { "type": "LineString", "coordinates": [ [ 533468.720672460156493, 7262002.501384455710649 ], [ 533469.091577250277624, 7262001.713305540382862 ] ] } },
{ "type": "Feature", "properties": { "distance_along_m": 200.0, "signed_error_m": 1.7143403684765293, "abs_error_m": 1.7143403684765293, "left_or_right": "right", "is_measured": true, "gnss_line_id": "The Star Dune" }, "geometry": { "type": "LineString", "coordinates": [ [ 533459.343468008679338, 7261999.028231155127287 ], [ 533460.07662020844873, 7261997.470468070358038 ] ] } },
{ "type": "Feature", "properties": { "distance_along_m": 210.0, "signed_error_m": 2.7984472461618526, "abs_error_m": 2.7984472461618526, "left_or_right": "right", "is_measured": true, "gnss_line_id": "The Star Dune" }, "geometry": { "type": "LineString", "coordinates": [ [ 533449.926872578100301, 7261995.663039815612137 ], [ 533451.159490723744966, 7261993.130916063673794 ] ] } },
{ "type": "Feature", "properties": { "distance_along_m": 220.0, "signed_error_m": 3.819965450992358, "abs_error_m": 3.819965450992358, "left_or_right": "right", "is_measured": true, "gnss_line_id": "The Star Dune" }, "geometry": { "type": "LineString", "coordinates": [ [ 533440.494180002482608, 7261992.343932754360139 ], [ 533442.126157039776444, 7261988.868802139535546 ] ] } },
{ "type": "Feature", "properties": { "distance_along_m": 230.0, "signed_error_m": 4.4864759419088323, "abs_error_m": 4.4864759419088323, "left_or_right": "right", "is_measured": true, "gnss_line_id": "The Star Dune" }, "geometry": { "type": "LineString", "coordinates": [ [ 533431.069382341112942, 7261989.001651142723858 ], [ 533432.805708935367875, 7261984.856656458228827 ] ] } },
{ "type": "Feature", "properties": { "distance_along_m": 240.0, "signed_error_m": 4.7532007242215029, "abs_error_m": 4.7532007242215029, "left_or_right": "right", "is_measured": true, "gnss_line_id": "The Star Dune" }, "geometry": { "type": "LineString", "coordinates": [ [ 533421.622448528069071, 7261985.72222110349685 ], [ 533423.230485082953237, 7261981.248250663280487 ] ] } },
{ "type": "Feature", "properties": { "distance_along_m": 250.0, "signed_error_m": 4.8950458954196314, "abs_error_m": 4.8950458954196314, "left_or_right": "right", "is_measured": true, "gnss_line_id": "The Star Dune" }, "geometry": { "type": "LineString", "coordinates": [ [ 533412.111664854804985, 7261982.634029471315444 ], [ 533413.650499024661258, 7261977.985314014367759 ] ] } },
{ "type": "Feature", "properties": { "distance_along_m": 260.0, "signed_error_m": 5.3275024453917634, "abs_error_m": 5.3275024453917634, "left_or_right": "right", "is_measured": true, "gnss_line_id": "The Star Dune" }, "geometry": { "type": "LineString", "coordinates": [ [ 533402.460283547872677, 7261980.019345559179783 ], [ 533404.042050848831423, 7261974.926468070596457 ] ] } },
{ "type": "Feature", "properties": { "distance_along_m": 270.0, "signed_error_m": 5.3885603325660094, "abs_error_m": 5.3885603325660094, "left_or_right": "right", "is_measured": true, "gnss_line_id": "The Star Dune" }, "geometry": { "type": "LineString", "coordinates": [ [ 533392.81193633726798, 7261977.392118215560913 ], [ 533394.152127831941471, 7261972.170223305933177 ] ] } },
{ "type": "Feature", "properties": { "distance_along_m": 280.0, "signed_error_m": 4.6550278931584979, "abs_error_m": 4.6550278931584979, "left_or_right": "right", "is_measured": true, "gnss_line_id": "The Star Dune" }, "geometry": { "type": "LineString", "coordinates": [ [ 533383.267886961810291, 7261974.411375629715621 ], [ 533384.271474726963788, 7261969.845457402989268 ] ] } },
{ "type": "Feature", "properties": { "distance_along_m": 290.0, "signed_error_m": 4.0242941987614511, "abs_error_m": 4.0242941987614511, "left_or_right": "right", "is_measured": true, "gnss_line_id": "The Star Dune" }, "geometry": { "type": "LineString", "coordinates": [ [ 533373.706578890560195, 7261971.48358756583184 ], [ 533374.683523648651317, 7261967.577047597616911 ] ] } },
{ "type": "Feature", "properties": { "distance_along_m": 300.0, "signed_error_m": 3.9979059093035749, "abs_error_m": 3.9979059093035749, "left_or_right": "right", "is_measured": true, "gnss_line_id": "The Star Dune" }, "geometry": { "type": "LineString", "coordinates": [ [ 533364.050487399799749, 7261968.887703067623079 ], [ 533365.133033955818973, 7261965.037403702735901 ] ] } },
{ "type": "Feature", "properties": { "distance_along_m": 310.0, "signed_error_m": 4.2505167485528768, "abs_error_m": 4.2505167485528768, "left_or_right": "right", "is_measured": true, "gnss_line_id": "The Star Dune" }, "geometry": { "type": "LineString", "coordinates": [ [ 533354.32590026978869, 7261966.556954976171255 ], [ 533355.357182940118946, 7261962.433132278732955 ] ] } },
{ "type": "Feature", "properties": { "distance_along_m": 320.0, "signed_error_m": 4.3013392881609072, "abs_error_m": 4.3013392881609072, "left_or_right": "right", "is_measured": true, "gnss_line_id": "The Star Dune" }, "geometry": { "type": "LineString", "coordinates": [ [ 533344.582529651466757, 7261964.307035646401346 ], [ 533345.505997410160489, 7261960.105631025508046 ] ] } },
{ "type": "Feature", "properties": { "distance_along_m": 330.0, "signed_error_m": 4.1852560598568997, "abs_error_m": 4.1852560598568997, "left_or_right": "right", "is_measured": true, "gnss_line_id": "The Star Dune" }, "geometry": { "type": "LineString", "coordinates": [ [ 533334.8769458088791, 7261961.90230637229979 ], [ 533335.917136855307035, 7261957.847917650826275 ] ] } },
{ "type": "Feature", "properties": { "distance_along_m": 340.0, "signed_error_m": 3.9493918688723118, "abs_error_m": 3.9493918688723118, "left_or_right": "right", "is_measured": true, "gnss_line_id": "The Star Dune" }, "geometry": { "type": "LineString", "coordinates": [ [ 533325.30508735193871, 7261959.010651961900294 ], [ 533326.473331359331496, 7261955.237805169075727 ] ] } },
{ "type": "Feature", "properties": { "distance_along_m": 350.0, "signed_error_m": 3.8613799796031301, "abs_error_m": 3.8613799796031301, "left_or_right": "right", "is_measured": true, "gnss_line_id": "The Star Dune" }, "geometry": { "type": "LineString", "coordinates": [ [ 533315.792127422522753, 7261955.927921352908015 ], [ 533316.983518380206078, 7261952.25492764916271 ] ] } },
{ "type": "Feature", "properties": { "distance_along_m": 360.0, "signed_error_m": 3.9395085926478286, "abs_error_m": 3.9395085926478286, "left_or_right": "right", "is_measured": true, "gnss_line_id": "The Star Dune" }, "geometry": { "type": "LineString", "coordinates": [ [ 533306.260284633259289, 7261952.904691135510802 ], [ 533307.494999015703797, 7261949.163079416379333 ] ] } },
{ "type": "Feature", "properties": { "distance_along_m": 370.0, "signed_error_m": 4.1521353076531167, "abs_error_m": 4.1521353076531167, "left_or_right": "right", "is_measured": true, "gnss_line_id": "The Star Dune" }, "geometry": { "type": "LineString", "coordinates": [ [ 533296.703418571967632, 7261949.961125412024558 ], [ 533298.033574359025806, 7261946.025205413810909 ] ] } },
{ "type": "Feature", "properties": { "distance_along_m": 380.0, "signed_error_m": 4.5552588681875958, "abs_error_m": 4.5552588681875958, "left_or_right": "right", "is_measured": true, "gnss_line_id": "The Star Dune" }, "geometry": { "type": "LineString", "coordinates": [ [ 533287.105097402236424, 7261947.15563060157001 ], [ 533288.533731969306245, 7261942.826373635791242 ] ] } },
{ "type": "Feature", "properties": { "distance_along_m": 390.0, "signed_error_m": 4.8789018649936091, "abs_error_m": 4.8789018649936091, "left_or_right": "right", "is_measured": true, "gnss_line_id": "The Star Dune" }, "geometry": { "type": "LineString", "coordinates": [ [ 533277.512635792023502, 7261944.332695003598928 ], [ 533279.017995115602389, 7261939.691753856837749 ] ] } },
{ "type": "Feature", "properties": { "distance_along_m": 400.0, "signed_error_m": 4.7320582996768135, "abs_error_m": 4.7320582996768135, "left_or_right": "right", "is_measured": true, "gnss_line_id": "The Star Dune" }, "geometry": { "type": "LineString", "coordinates": [ [ 533268.044465785380453, 7261941.11731234844774 ], [ 533269.44486038479954, 7261936.594734666869044 ] ] } },
{ "type": "Feature", "properties": { "distance_along_m": 410.0, "signed_error_m": 4.494114700229586, "abs_error_m": 4.494114700229586, "left_or_right": "right", "is_measured": true, "gnss_line_id": "The Star Dune" }, "geometry": { "type": "LineString", "coordinates": [ [ 533258.560191680444404, 7261937.948953819461167 ], [ 533259.679075257154182, 7261933.587842494249344 ] ] } },
{ "type": "Feature", "properties": { "distance_along_m": 420.0, "signed_error_m": 4.1217345250997255, "abs_error_m": 4.1217345250997255, "left_or_right": "right", "is_measured": true, "gnss_line_id": "The Star Dune" }, "geometry": { "type": "LineString", "coordinates": [ [ 533248.97552347520832, 7261935.104489825665951 ], [ 533249.861397574306466, 7261931.074121145531535 ] ] } },
{ "type": "Feature", "properties": { "distance_along_m": 430.0, "signed_error_m": 3.735612044893553, "abs_error_m": 3.735612044893553, "left_or_right": "right", "is_measured": true, "gnss_line_id": "The Star Dune" }, "geometry": { "type": "LineString", "coordinates": [ [ 533239.299674565554596, 7261932.579491129145026 ], [ 533240.102047644904815, 7261928.929018299095333 ] ] } },
{ "type": "Feature", "properties": { "distance_along_m": 440.0, "signed_error_m": 3.7355917886879628, "abs_error_m": 3.7355917886879628, "left_or_right": "right", "is_measured": true, "gnss_line_id": "The Star Dune" }, "geometry": { "type": "LineString", "coordinates": [ [ 533229.597870725556277, 7261930.155880099162459 ], [ 533230.504159333766438, 7261926.531875118613243 ] ] } },
{ "type": "Feature", "properties": { "distance_along_m": 450.0, "signed_error_m": 4.076829132473204, "abs_error_m": 4.076829132473204, "left_or_right": "right", "is_measured": true, "gnss_line_id": "The Star Dune" }, "geometry": { "type": "LineString", "coordinates": [ [ 533219.87970476783812, 7261927.799032129347324 ], [ 533220.984133907477371, 7261923.870902857743204 ] ] } },
{ "type": "Feature", "properties": { "distance_along_m": 460.0, "signed_error_m": 4.2836407546928816, "abs_error_m": 4.2836407546928816, "left_or_right": "right", "is_measured": true, "gnss_line_id": "The Star Dune" }, "geometry": { "type": "LineString", "coordinates": [ [ 533210.13726194947958, 7261925.544238370843232 ], [ 533211.176729288185015, 7261921.387687379494309 ] ] } },
{ "type": "Feature", "properties": { "distance_along_m": 470.0, "signed_error_m": 4.1977287489092943, "abs_error_m": 4.1977287489092943, "left_or_right": "right", "is_measured": true, "gnss_line_id": "The Star Dune" }, "geometry": { "type": "LineString", "coordinates": [ [ 533200.396596226608381, 7261923.282901500351727 ], [ 533201.298244247562252, 7261919.180767857469618 ] ] } },
{ "type": "Feature", "properties": { "distance_along_m": 480.0, "signed_error_m": 3.7025747148794124, "abs_error_m": 3.7025747148794124, "left_or_right": "right", "is_measured": true, "gnss_line_id": "The Star Dune" }, "geometry": { "type": "LineString", "coordinates": [ [ 533190.834078166284598, 7261920.37896793615073 ], [ 533191.757256975513883, 7261916.780661868862808 ] ] } },
{ "type": "Feature", "properties": { "distance_along_m": 490.0, "signed_error_m": 3.193133806615279, "abs_error_m": 3.193133806615279, "left_or_right": "right", "is_measured": true, "gnss_line_id": "The Star Dune" }, "geometry": { "type": "LineString", "coordinates": [ [ 533181.415712789166719, 7261917.018393902108073 ], [ 533182.360882422537543, 7261913.965086549520493 ] ] } },
{ "type": "Feature", "properties": { "distance_along_m": 500.0, "signed_error_m": 2.8575512007222699, "abs_error_m": 2.8575512007222699, "left_or_right": "right", "is_measured": true, "gnss_line_id": "The Star Dune" }, "geometry": { "type": "LineString", "coordinates": [ [ 533172.000466683297418, 7261913.650924690067768 ], [ 533172.880009290063754, 7261910.931470233947039 ] ] } },
{ "type": "Feature", "properties": { "distance_along_m": 510.0, "signed_error_m": 2.7809584660007101, "abs_error_m": 2.7809584660007101, "left_or_right": "right", "is_measured": true, "gnss_line_id": "The Star Dune" }, "geometry": { "type": "LineString", "coordinates": [ [ 533162.509958698181435, 7261910.500326325185597 ], [ 533163.365749467513524, 7261907.85431008413434 ] ] } },
{ "type": "Feature", "properties": { "distance_along_m": 520.0, "signed_error_m": 2.7043585570601207, "abs_error_m": 2.7043585570601207, "left_or_right": "right", "is_measured": true, "gnss_line_id": "The Star Dune" }, "geometry": { "type": "LineString", "coordinates": [ [ 533152.994028286891989, 7261907.428123274818063 ], [ 533153.793783585657366, 7261904.844567215070128 ] ] } },
{ "type": "Feature", "properties": { "distance_along_m": 530.0, "signed_error_m": 2.4083304157205303, "abs_error_m": 2.4083304157205303, "left_or_right": "right", "is_measured": true, "gnss_line_id": "The Star Dune" }, "geometry": { "type": "LineString", "coordinates": [ [ 533143.441001038416289, 7261904.475259573198855 ], [ 533144.039864027872682, 7261902.1410505278036 ] ] } },
{ "type": "Feature", "properties": { "distance_along_m": 540.0, "signed_error_m": 1.9700662983799226, "abs_error_m": 1.9700662983799226, "left_or_right": "right", "is_measured": true, "gnss_line_id": "The Star Dune" }, "geometry": { "type": "LineString", "coordinates": [ [ 533133.816497475956567, 7261901.764244513586164 ], [ 533134.239777777926065, 7261899.838490420952439 ] ] } },
{ "type": "Feature", "properties": { "distance_along_m": 550.0, "signed_error_m": 1.8311401430848953, "abs_error_m": 1.8311401430848953, "left_or_right": "right", "is_measured": true, "gnss_line_id": "The Star Dune" }, "geometry": { "type": "LineString", "coordinates": [ [ 533124.119114315719344, 7261899.323491116054356 ], [ 533124.56337757257279, 7261897.547001550905406 ] ] } },
{ "type": "Feature", "properties": { "distance_along_m": 560.0, "signed_error_m": 2.1777423637686932, "abs_error_m": 2.1777423637686932, "left_or_right": "right", "is_measured": true, "gnss_line_id": "The Star Dune" }, "geometry": { "type": "LineString", "coordinates": [ [ 533114.372075439314358, 7261897.089788970537484 ], [ 533114.962595394812524, 7261894.98948335647583 ] ] } },
{ "type": "Feature", "properties": { "distance_along_m": 570.0, "signed_error_m": 2.7358726969120304, "abs_error_m": 2.7358726969120304, "left_or_right": "right", "is_measured": true, "gnss_line_id": "The Star Dune" }, "geometry": { "type": "LineString", "coordinates": [ [ 533104.579889201559126, 7261895.062510944902897 ], [ 533105.244167138473131, 7261892.40529368724674 ] ] } },
{ "type": "Feature", "properties": { "distance_along_m": 580.0, "signed_error_m": 3.1146462175411473, "abs_error_m": 3.1146462175411473, "left_or_right": "right", "is_measured": true, "gnss_line_id": "The Star Dune" }, "geometry": { "type": "LineString", "coordinates": [ [ 533094.766817620606162, 7261893.138147085905075 ], [ 533095.432554883765988, 7261890.095076817087829 ] ] } },
{ "type": "Feature", "properties": { "distance_along_m": 590.0, "signed_error_m": 3.3347031722558986, "abs_error_m": 3.3347031722558986, "left_or_right": "right", "is_measured": true, "gnss_line_id": "The Star Dune" }, "geometry": { "type": "LineString", "coordinates": [ [ 533085.898435457842425, 7261891.323916009627283 ], [ 533086.704859457327984, 7261888.08592988178134 ] ] } },
{ "type": "Feature", "properties": { "distance_along_m": 600.0, "signed_error_m": 3.6598166560225858, "abs_error_m": 3.6598166560225858, "left_or_right": "right", "is_measured": true, "gnss_line_id": "The Star Dune" }, "geometry": { "type": "LineString", "coordinates": [ [ 533076.136917499941774, 7261889.154376053251326 ], [ 533077.106960552628152, 7261885.621677989140153 ] ] } },
{ "type": "Feature", "properties": { "distance_along_m": 610.0, "signed_error_m": 4.014759881182858, "abs_error_m": 4.014759881182858, "left_or_right": "right", "is_measured": true, "gnss_line_id": "The Star Dune" }, "geometry": { "type": "LineString", "coordinates": [ [ 533066.376627483172342, 7261886.979510975070298 ], [ 533067.245222046156414, 7261883.059738852083683 ] ] } },
{ "type": "Feature", "properties": { "distance_along_m": 620.0, "signed_error_m": 3.9092053261235726, "abs_error_m": 3.9092053261235726, "left_or_right": "right", "is_measured": true, "gnss_line_id": "The Star Dune" }, "geometry": { "type": "LineString", "coordinates": [ [ 533056.591674751485698, 7261884.916911522857845 ], [ 533057.155445117386989, 7261881.040541864000261 ] ] } },
{ "type": "Feature", "properties": { "distance_along_m": 630.0, "signed_error_m": 3.2800360576652343, "abs_error_m": 3.2800360576652343, "left_or_right": "right", "is_measured": true, "gnss_line_id": "The Star Dune" }, "geometry": { "type": "LineString", "coordinates": [ [ 533046.806571028777398, 7261882.856258142739534 ], [ 533047.279756793170236, 7261879.604079952463508 ] ] } },
{ "type": "Feature", "properties": { "distance_along_m": 640.0, "signed_error_m": 2.8624855510310452, "abs_error_m": 2.8624855510310452, "left_or_right": "right", "is_measured": true, "gnss_line_id": "The Star Dune" }, "geometry": { "type": "LineString", "coordinates": [ [ 533037.017525654868223, 7261880.813485209830105 ], [ 533037.639374085352756, 7261878.018711210228503 ] ] } },
{ "type": "Feature", "properties": { "distance_along_m": 650.0, "signed_error_m": 3.1617980067231044, "abs_error_m": 3.1617980067231044, "left_or_right": "right", "is_measured": true, "gnss_line_id": "The Star Dune" }, "geometry": { "type": "LineString", "coordinates": [ [ 533027.217296600574628, 7261878.826254583895206 ], [ 533028.070376891526394, 7261875.773959398269653 ] ] } },
{ "type": "Feature", "properties": { "distance_along_m": 660.0, "signed_error_m": 3.8216639974223785, "abs_error_m": 3.8216639974223785, "left_or_right": "right", "is_measured": true, "gnss_line_id": "The Star Dune" }, "geometry": { "type": "LineString", "coordinates": [ [ 533017.418904612073675, 7261876.828403634019196 ], [ 533018.353205579100177, 7261873.118727296590805 ] ] } },
{ "type": "Feature", "properties": { "distance_along_m": 670.0, "signed_error_m": 3.9935386930631966, "abs_error_m": 3.9935386930631966, "left_or_right": "right", "is_measured": true, "gnss_line_id": "The Star Dune" }, "geometry": { "type": "LineString", "coordinates": [ [ 533007.621852069743909, 7261874.82396818138659 ], [ 533008.30197278119158, 7261870.886711645871401 ] ] } },
{ "type": "Feature", "properties": { "distance_along_m": 680.0, "signed_error_m": -4.0647371308403795, "abs_error_m": 4.0647371308403795, "left_or_right": "left", "is_measured": true, "gnss_line_id": "The Star Dune" }, "geometry": { "type": "LineString", "coordinates": [ [ 533010.834433211828582, 7261875.450522130355239 ], [ 533011.52656599029433, 7261871.443727071397007 ] ] } },
{ "type": "Feature", "properties": { "distance_along_m": 690.0, "signed_error_m": -3.5435629318641055, "abs_error_m": 3.5435629318641055, "left_or_right": "left", "is_measured": true, "gnss_line_id": "The Star Dune" }, "geometry": { "type": "LineString", "coordinates": [ [ 533020.640476996893995, 7261877.410497969016433 ], [ 533021.603055948507972, 7261873.966419924981892 ] ] } },
{ "type": "Feature", "properties": { "distance_along_m": 700.0, "signed_error_m": 4.0440193959534989, "abs_error_m": 4.0440193959534989, "left_or_right": "right", "is_measured": true, "gnss_line_id": "The Star Dune" }, "geometry": { "type": "LineString", "coordinates": [ [ 533011.005846943822689, 7261875.458553894422948 ], [ 533011.694360308931209, 7261871.472711820155382 ] ] } },
{ "type": "Feature", "properties": { "distance_along_m": 710.0, "signed_error_m": null, "abs_error_m": null, "left_or_right": null, "is_measured": false, "gnss_line_id": "The Star Dune" }, "geometry": { "type": "Point", "coordinates": [ 533001.201981104328297, 7261873.499948635697365 ] } },
{ "type": "Feature", "properties": { "distance_along_m": 716.14429969061848, "signed_error_m": null, "abs_error_m": null, "left_or_right": null, "is_measured": false, "gnss_line_id": "The Star Dune" }, "geometry": { "type": "Point", "coordinates": [ 532995.225032143178396, 7261872.079857254400849 ] } },
{ "type": "Feature", "properties": { "distance_along_m": 0.0, "signed_error_m": 4.7887263423295945, "abs_error_m": 4.7887263423295945, "left_or_right": "right", "is_measured": true, "gnss_line_id": "The Star Dune" }, "geometry": { "type": "LineString", "coordinates": [ [ 533645.210981146548875, 7262069.584653689526021 ], [ 533650.0, 7262069.584653689526021 ] ] } },
{ "type": "Feature", "properties": { "distance_along_m": 10.0, "signed_error_m": 3.915146994620442, "abs_error_m": 3.915146994620442, "left_or_right": "right", "is_measured": true, "gnss_line_id": "The Star Dune" }, "geometry": { "type": "LineString", "coordinates": [ [ 533646.002280435524881, 7262059.686480411328375 ], [ 533650.0, 7262059.686480411328375 ] ] } },
{ "type": "Feature", "properties": { "distance_along_m": 20.0, "signed_error_m": 0.92508157867115881, "abs_error_m": 0.92508157867115881, "left_or_right": "right", "is_measured": true, "gnss_line_id": "The Star Dune" }, "geometry": { "type": "LineString", "coordinates": [ [ 533649.013670989079401, 7262050.190093536861241 ], [ 533650.0, 7262050.190093536861241 ] ] } },
{ "type": "Feature", "properties": { "distance_along_m": 30.0, "signed_error_m": -0.92388664444779511, "abs_error_m": 0.92388664444779511, "left_or_right": "left", "is_measured": true, "gnss_line_id": "The Star Dune" }, "geometry": { "type": "LineString", "coordinates": [ [ 533652.735713124740869, 7262040.929823382757604 ], [ 533651.909412384149618, 7262040.516541970893741 ] ] } },
{ "type": "Feature", "properties": { "distance_along_m": 40.0, "signed_error_m": -1.4411134380639077, "abs_error_m": 1.4411134380639077, "left_or_right": "left", "is_measured": true, "gnss_line_id": "The Star Dune" }, "geometry": { "type": "LineString", "coordinates": [ [ 533657.732937659719028, 7262032.26796752307564 ], [ 533656.452678212081082, 7262031.60325623024255 ] ] } },
{ "type": "Feature", "properties": { "distance_along_m": 50.0, "signed_error_m": -1.8727800468085176, "abs_error_m": 1.8727800468085176, "left_or_right": "left", "is_measured": true, "gnss_line_id": "The Star Dune" }, "geometry": { "type": "LineString", "coordinates": [ [ 533662.730162194697186, 7262023.606111662462354 ], [ 533661.068067567539401, 7262022.73943530023098 ] ] } },
{ "type": "Feature", "properties": { "distance_along_m": 60.0, "signed_error_m": -2.2250710136824772, "abs_error_m": 2.2250710136824772, "left_or_right": "left", "is_measured": true, "gnss_line_id": "The Star Dune" }, "geometry": { "type": "LineString", "coordinates": [ [ 533667.727386729675345, 7262014.944255801849067 ], [ 533665.765294944285415, 7262013.892601254396141 ] ] } },
{ "type": "Feature", "properties": { "distance_along_m": 70.0, "signed_error_m": -2.3444164724279881, "abs_error_m": 2.3444164724279881, "left_or_right": "left", "is_measured": true, "gnss_line_id": "The Star Dune" }, "geometry": { "type": "LineString", "coordinates": [ [ 533672.724611264653504, 7262006.282399941235781 ], [ 533670.698091449681669, 7262005.103335274383426 ] ] } },
{ "type": "Feature", "properties": { "distance_along_m": 80.0, "signed_error_m": -2.5243983735740088, "abs_error_m": 2.5243983735740088, "left_or_right": "left", "is_measured": true, "gnss_line_id": "The Star Dune" }, "geometry": { "type": "LineString", "coordinates": [ [ 533678.039661092218012, 7261997.813491365872324 ], [ 533675.906932454090565, 7261996.462887692265213 ] ] } },
{ "type": "Feature", "properties": { "distance_along_m": 90.0, "signed_error_m": -2.5590497176845095, "abs_error_m": 2.5590497176845095, "left_or_right": "left", "is_measured": true, "gnss_line_id": "The Star Dune" }, "geometry": { "type": "LineString", "coordinates": [ [ 533683.418700287700631, 7261989.3834298402071 ], [ 533681.256436578114517, 7261988.014694495126605 ] ] } },
{ "type": "Feature", "properties": { "distance_along_m": 100.0, "signed_error_m": -2.6109422071204884, "abs_error_m": 2.6109422071204884, "left_or_right": "left", "is_measured": true, "gnss_line_id": "The Star Dune" }, "geometry": { "type": "LineString", "coordinates": [ [ 533688.797739483299665, 7261980.953368313610554 ], [ 533686.537266433937475, 7261979.642326948232949 ] ] } },
{ "type": "Feature", "properties": { "distance_along_m": 110.0, "signed_error_m": -2.9918625809948116, "abs_error_m": 2.9918625809948116, "left_or_right": "left", "is_measured": true, "gnss_line_id": "The Star Dune" }, "geometry": { "type": "LineString", "coordinates": [ [ 533694.140469562029466, 7261972.50029471796006 ], [ 533691.550696613499895, 7261970.998264218680561 ] ] } },
{ "type": "Feature", "properties": { "distance_along_m": 120.0, "signed_error_m": -3.6022444318971507, "abs_error_m": 3.6022444318971507, "left_or_right": "left", "is_measured": true, "gnss_line_id": "The Star Dune" }, "geometry": { "type": "LineString", "coordinates": [ [ 533699.387788799358532, 7261963.991271549835801 ], [ 533696.202893816982396, 7261962.305328997783363 ] ] } },
{ "type": "Feature", "properties": { "distance_along_m": 130.0, "signed_error_m": -3.7194494461845053, "abs_error_m": 3.7194494461845053, "left_or_right": "left", "is_measured": true, "gnss_line_id": "The Star Dune" }, "geometry": { "type": "LineString", "coordinates": [ [ 533704.052605698700063, 7261955.145963002927601 ], [ 533700.734241825179197, 7261953.464751864783466 ] ] } },
{ "type": "Feature", "properties": { "distance_along_m": 140.0, "signed_error_m": -3.9103918957584649, "abs_error_m": 3.9103918957584649, "left_or_right": "left", "is_measured": true, "gnss_line_id": "The Star Dune" }, "geometry": { "type": "LineString", "coordinates": [ [ 533708.717422598041594, 7261946.300654456019402 ], [ 533705.220440361066721, 7261944.548810329288244 ] ] } },
{ "type": "Feature", "properties": { "distance_along_m": 150.0, "signed_error_m": -4.1227055114023354, "abs_error_m": 4.1227055114023354, "left_or_right": "left", "is_measured": true, "gnss_line_id": "The Star Dune" }, "geometry": { "type": "LineString", "coordinates": [ [ 533713.38223949749954, 7261937.455345908179879 ], [ 533709.694021083181724, 7261935.610980859026313 ] ] } },
{ "type": "Feature", "properties": { "distance_along_m": 160.0, "signed_error_m": -4.3400616566455525, "abs_error_m": 4.3400616566455525, "left_or_right": "left", "is_measured": true, "gnss_line_id": "The Star Dune" }, "geometry": { "type": "LineString", "coordinates": [ [ 533718.047056396841072, 7261928.610037361271679 ], [ 533714.165024371468462, 7261926.669290635734797 ] ] } },
{ "type": "Feature", "properties": { "distance_along_m": 170.0, "signed_error_m": -3.9443791306309999, "abs_error_m": 3.9443791306309999, "left_or_right": "left", "is_measured": true, "gnss_line_id": "The Star Dune" }, "geometry": { "type": "LineString", "coordinates": [ [ 533722.163664840278216, 7261919.505930310115218 ], [ 533718.626636984292418, 7261917.740807787515223 ] ] } },
{ "type": "Feature", "properties": { "distance_along_m": 180.0, "signed_error_m": -3.2926374249612356, "abs_error_m": 3.2926374249612356, "left_or_right": "left", "is_measured": true, "gnss_line_id": "The Star Dune" }, "geometry": { "type": "LineString", "coordinates": [ [ 533726.028521765489131, 7261910.282976285554469 ], [ 533723.070104265701957, 7261908.823407206684351 ] ] } },
{ "type": "Feature", "properties": { "distance_along_m": 190.0, "signed_error_m": -2.6063625419429539, "abs_error_m": 2.6063625419429539, "left_or_right": "left", "is_measured": true, "gnss_line_id": "The Star Dune" }, "geometry": { "type": "LineString", "coordinates": [ [ 533729.826698458986357, 7261901.034570505842566 ], [ 533727.460368292639032, 7261899.921082004904747 ] ] } },
{ "type": "Feature", "properties": { "distance_along_m": 200.0, "signed_error_m": -1.5346673839773461, "abs_error_m": 1.5346673839773461, "left_or_right": "left", "is_measured": true, "gnss_line_id": "The Star Dune" }, "geometry": { "type": "LineString", "coordinates": [ [ 533733.09022942755837, 7261891.582091168500483 ], [ 533731.693572700954974, 7261890.924887357279658 ] ] } },
{ "type": "Feature", "properties": { "distance_along_m": 210.0, "signed_error_m": -0.85290126153118762, "abs_error_m": 0.85290126153118762, "left_or_right": "left", "is_measured": true, "gnss_line_id": "The Star Dune" }, "geometry": { "type": "LineString", "coordinates": [ [ 533736.353760396246798, 7261882.1296118311584 ], [ 533735.565507361665368, 7261881.799274198710918 ] ] } },
{ "type": "Feature", "properties": { "distance_along_m": 220.0, "signed_error_m": -0.61981207915673941, "abs_error_m": 0.61981207915673941, "left_or_right": "left", "is_measured": true, "gnss_line_id": "The Star Dune" }, "geometry": { "type": "LineString", "coordinates": [ [ 533739.617291364818811, 7261872.677132494747639 ], [ 533739.034132211469114, 7261872.466985586099327 ] ] } },
{ "type": "Feature", "properties": { "distance_along_m": 230.0, "signed_error_m": -0.63455821618191188, "abs_error_m": 0.63455821618191188, "left_or_right": "left", "is_measured": true, "gnss_line_id": "The Star Dune" }, "geometry": { "type": "LineString", "coordinates": [ [ 533742.880822333390824, 7261863.224653157405555 ], [ 533742.279602641356178, 7261863.021632119081914 ] ] } },
{ "type": "Feature", "properties": { "distance_along_m": 240.0, "signed_error_m": -0.68763698544948826, "abs_error_m": 0.68763698544948826, "left_or_right": "left", "is_measured": true, "gnss_line_id": "The Star Dune" }, "geometry": { "type": "LineString", "coordinates": [ [ 533746.144353302079253, 7261853.772173820063472 ], [ 533745.49332996935118, 7261853.550761717371643 ] ] } },
{ "type": "Feature", "properties": { "distance_along_m": 250.0, "signed_error_m": -0.74157125322668227, "abs_error_m": 0.74157125322668227, "left_or_right": "left", "is_measured": true, "gnss_line_id": "The Star Dune" }, "geometry": { "type": "LineString", "coordinates": [ [ 533749.407884270651266, 7261844.319694483652711 ], [ 533748.705497117014602, 7261844.08178882766515 ] ] } },
{ "type": "Feature", "properties": { "distance_along_m": 260.0, "signed_error_m": -0.65141287093799838, "abs_error_m": 0.65141287093799838, "left_or_right": "left", "is_measured": true, "gnss_line_id": "The Star Dune" }, "geometry": { "type": "LineString", "coordinates": [ [ 533752.671415239223279, 7261834.867215146310627 ], [ 533752.059967169188894, 7261834.642174088396132 ] ] } },
{ "type": "Feature", "properties": { "distance_along_m": 270.0, "signed_error_m": -0.37309147105649509, "abs_error_m": 0.37309147105649509, "left_or_right": "left", "is_measured": true, "gnss_line_id": "The Star Dune" }, "geometry": { "type": "LineString", "coordinates": [ [ 533756.21999680949375, 7261825.524922072887421 ], [ 533755.880412813159637, 7261825.370024614036083 ] ] } },
{ "type": "Feature", "properties": { "distance_along_m": 280.0, "signed_error_m": 0.16042771718120521, "abs_error_m": 0.16042771718120521, "left_or_right": "right", "is_measured": true, "gnss_line_id": "The Star Dune" }, "geometry": { "type": "LineString", "coordinates": [ [ 533760.269814398954622, 7261816.384414130821824 ], [ 533760.408626258838922, 7261816.466061541810632 ] ] } },
{ "type": "Feature", "properties": { "distance_along_m": 290.0, "signed_error_m": 0.69757336853376672, "abs_error_m": 0.69757336853376672, "left_or_right": "right", "is_measured": true, "gnss_line_id": "The Star Dune" }, "geometry": { "type": "LineString", "coordinates": [ [ 533765.10444030945655, 7261807.645063140429556 ], [ 533765.663860302767716, 7261808.064130040816963 ] ] } },
{ "type": "Feature", "properties": { "distance_along_m": 300.0, "signed_error_m": 0.79923602323837262, "abs_error_m": 0.79923602323837262, "left_or_right": "right", "is_measured": true, "gnss_line_id": "The Star Dune" }, "geometry": { "type": "LineString", "coordinates": [ [ 533771.012263445416465, 7261799.591313642449677 ], [ 533771.638825803645886, 7261800.088040409609675 ] ] } },
{ "type": "Feature", "properties": { "distance_along_m": 310.0, "signed_error_m": 0.62282846311964968, "abs_error_m": 0.62282846311964968, "left_or_right": "right", "is_measured": true, "gnss_line_id": "The Star Dune" }, "geometry": { "type": "LineString", "coordinates": [ [ 533777.892054787487723, 7261792.338003370910883 ], [ 533778.351756229414605, 7261792.759064055047929 ] ] } },
{ "type": "Feature", "properties": { "distance_along_m": 320.0, "signed_error_m": 0.37494520782624291, "abs_error_m": 0.37494520782624291, "left_or_right": "right", "is_measured": true, "gnss_line_id": "The Star Dune" }, "geometry": { "type": "LineString", "coordinates": [ [ 533785.236829685163684, 7261785.567482030950487 ], [ 533785.490696503315121, 7261785.844325822778046 ] ] } },
{ "type": "Feature", "properties": { "distance_along_m": 330.0, "signed_error_m": -0.26865889198171605, "abs_error_m": 0.26865889198171605, "left_or_right": "left", "is_measured": true, "gnss_line_id": "The Star Dune" }, "geometry": { "type": "LineString", "coordinates": [ [ 533793.243328346055932, 7261779.580792331136763 ], [ 533793.081185282208025, 7261779.36626619566232 ] ] } },
{ "type": "Feature", "properties": { "distance_along_m": 340.0, "signed_error_m": -0.86456992413485012, "abs_error_m": 0.86456992413485012, "left_or_right": "left", "is_measured": true, "gnss_line_id": "The Star Dune" }, "geometry": { "type": "LineString", "coordinates": [ [ 533801.634727227850817, 7261774.14193553570658 ], [ 533801.18036742170807, 7261773.406300542876124 ] ] } },
{ "type": "Feature", "properties": { "distance_along_m": 350.0, "signed_error_m": -1.2814634779622063, "abs_error_m": 1.2814634779622063, "left_or_right": "left", "is_measured": true, "gnss_line_id": "The Star Dune" }, "geometry": { "type": "LineString", "coordinates": [ [ 533810.344421957619488, 7261769.256071819923818 ], [ 533809.669371841591783, 7261768.163126359693706 ] ] } },
{ "type": "Feature", "properties": { "distance_along_m": 360.0, "signed_error_m": -1.0597755451746389, "abs_error_m": 1.0597755451746389, "left_or_right": "left", "is_measured": true, "gnss_line_id": "The Star Dune" }, "geometry": { "type": "LineString", "coordinates": [ [ 533819.029032149002887, 7261764.312735632993281 ], [ 533818.527444062521681, 7261763.378836678341031 ] ] } },
{ "type": "Feature", "properties": { "distance_along_m": 370.0, "signed_error_m": -0.86638440682128426, "abs_error_m": 0.86638440682128426, "left_or_right": "left", "is_measured": true, "gnss_line_id": "The Star Dune" }, "geometry": { "type": "LineString", "coordinates": [ [ 533827.837784515926614, 7261759.580668702721596 ], [ 533827.44556458061561, 7261758.808075421489775 ] ] } },
{ "type": "Feature", "properties": { "distance_along_m": 380.0, "signed_error_m": -0.68704122497240983, "abs_error_m": 0.68704122497240983, "left_or_right": "left", "is_measured": true, "gnss_line_id": "The Star Dune" }, "geometry": { "type": "LineString", "coordinates": [ [ 533836.689468502416275, 7261754.928085199557245 ], [ 533836.38165970123373, 7261754.313755294308066 ] ] } },
{ "type": "Feature", "properties": { "distance_along_m": 390.0, "signed_error_m": -0.60882018426250462, "abs_error_m": 0.60882018426250462, "left_or_right": "left", "is_measured": true, "gnss_line_id": "The Star Dune" }, "geometry": { "type": "LineString", "coordinates": [ [ 533845.596611508051865, 7261750.382824590429664 ], [ 533845.324298594845459, 7261749.838274312205613 ] ] } },
{ "type": "Feature", "properties": { "distance_along_m": 400.0, "signed_error_m": -0.31357346270248043, "abs_error_m": 0.31357346270248043, "left_or_right": "left", "is_measured": true, "gnss_line_id": "The Star Dune" }, "geometry": { "type": "LineString", "coordinates": [ [ 533854.400817354908213, 7261745.650672591291368 ], [ 533854.260558341513388, 7261745.370115641504526 ] ] } },
{ "type": "Feature", "properties": { "distance_along_m": 410.0, "signed_error_m": -0.51762239731951709, "abs_error_m": 0.51762239731951709, "left_or_right": "left", "is_measured": true, "gnss_line_id": "The Star Dune" }, "geometry": { "type": "LineString", "coordinates": [ [ 533863.43305474484805, 7261741.366215673275292 ], [ 533863.201858084183186, 7261740.902933935634792 ] ] } },
{ "type": "Feature", "properties": { "distance_along_m": 420.0, "signed_error_m": -0.54950217548383917, "abs_error_m": 0.54950217548383917, "left_or_right": "left", "is_measured": true, "gnss_line_id": "The Star Dune" }, "geometry": { "type": "LineString", "coordinates": [ [ 533872.399635543930344, 7261736.93928643502295 ], [ 533872.156490135006607, 7261736.446452184580266 ] ] } },
{ "type": "Feature", "properties": { "distance_along_m": 430.0, "signed_error_m": -0.82973007258506137, "abs_error_m": 0.82973007258506137, "left_or_right": "left", "is_measured": true, "gnss_line_id": "The Star Dune" }, "geometry": { "type": "LineString", "coordinates": [ [ 533881.49564588884823, 7261732.789984324947 ], [ 533881.14236961514689, 7261732.039219226688147 ] ] } },
{ "type": "Feature", "properties": { "distance_along_m": 440.0, "signed_error_m": -0.84926119070147821, "abs_error_m": 0.84926119070147821, "left_or_right": "left", "is_measured": true, "gnss_line_id": "The Star Dune" }, "geometry": { "type": "LineString", "coordinates": [ [ 533890.554739085491747, 7261728.559623099863529 ], [ 533890.226471008034423, 7261727.776308447122574 ] ] } },
{ "type": "Feature", "properties": { "distance_along_m": 450.0, "signed_error_m": -0.90815456061609889, "abs_error_m": 0.90815456061609889, "left_or_right": "left", "is_measured": true, "gnss_line_id": "The Star Dune" }, "geometry": { "type": "LineString", "coordinates": [ [ 533899.799582283012569, 7261724.749357237480581 ], [ 533899.448492034687661, 7261723.911584225483239 ] ] } },
{ "type": "Feature", "properties": { "distance_along_m": 460.0, "signed_error_m": -0.83534370496448873, "abs_error_m": 0.83534370496448873, "left_or_right": "left", "is_measured": true, "gnss_line_id": "The Star Dune" }, "geometry": { "type": "LineString", "coordinates": [ [ 533909.171300151385367, 7261721.26342953927815 ], [ 533908.888100885669701, 7261720.477549579925835 ] ] } },
{ "type": "Feature", "properties": { "distance_along_m": 470.0, "signed_error_m": -0.88123389078125824, "abs_error_m": 0.88123389078125824, "left_or_right": "left", "is_measured": true, "gnss_line_id": "The Star Dune" }, "geometry": { "type": "LineString", "coordinates": [ [ 533918.640866473899223, 7261718.090436776168644 ], [ 533918.358824943657964, 7261717.254987709224224 ] ] } },
{ "type": "Feature", "properties": { "distance_along_m": 480.0, "signed_error_m": -1.1333589956811889, "abs_error_m": 1.1333589956811889, "left_or_right": "left", "is_measured": true, "gnss_line_id": "The Star Dune" }, "geometry": { "type": "LineString", "coordinates": [ [ 533928.187130360631272, 7261715.122377309948206 ], [ 533927.823274456197396, 7261714.048996372148395 ] ] } },
{ "type": "Feature", "properties": { "distance_along_m": 490.0, "signed_error_m": -1.1818208859720254, "abs_error_m": 1.1818208859720254, "left_or_right": "left", "is_measured": true, "gnss_line_id": "The Star Dune" }, "geometry": { "type": "LineString", "coordinates": [ [ 533937.691953746485524, 7261712.017961612902582 ], [ 533937.321413120022044, 7261710.89509532880038 ] ] } },
{ "type": "Feature", "properties": { "distance_along_m": 500.0, "signed_error_m": -1.7497766816477982, "abs_error_m": 1.7497766816477982, "left_or_right": "left", "is_measured": true, "gnss_line_id": "The Star Dune" }, "geometry": { "type": "LineString", "coordinates": [ [ 533947.360266656032763, 7261709.476210867986083 ], [ 533946.819896229892038, 7261707.805441591888666 ] ] } },
{ "type": "Feature", "properties": { "distance_along_m": 510.0, "signed_error_m": -2.5213448668812726, "abs_error_m": 2.5213448668812726, "left_or_right": "left", "is_measured": true, "gnss_line_id": "The Star Dune" }, "geometry": { "type": "LineString", "coordinates": [ [ 533957.111140056047589, 7261707.261158190667629 ], [ 533956.378481077146716, 7261704.843748288229108 ] ] } },
{ "type": "Feature", "properties": { "distance_along_m": 520.0, "signed_error_m": -2.7403544366529897, "abs_error_m": 2.7403544366529897, "left_or_right": "left", "is_measured": true, "gnss_line_id": "The Star Dune" }, "geometry": { "type": "LineString", "coordinates": [ [ 533966.850403593736701, 7261704.993934747762978 ], [ 533966.240821728482842, 7261702.322232291102409 ] ] } },
{ "type": "Feature", "properties": { "distance_along_m": 530.0, "signed_error_m": -2.2754045011522335, "abs_error_m": 2.2754045011522335, "left_or_right": "left", "is_measured": true, "gnss_line_id": "The Star Dune" }, "geometry": { "type": "LineString", "coordinates": [ [ 533976.60705526417587, 7261702.801288277842104 ], [ 533976.276935624307953, 7261700.545813761651516 ] ] } },
{ "type": "Feature", "properties": { "distance_along_m": 540.0, "signed_error_m": -1.7912725674642358, "abs_error_m": 1.7912725674642358, "left_or_right": "left", "is_measured": true, "gnss_line_id": "The Star Dune" }, "geometry": { "type": "LineString", "coordinates": [ [ 533986.42044250422623, 7261700.880033276043832 ], [ 533986.1622717223363, 7261699.104745422489941 ] ] } },
{ "type": "Feature", "properties": { "distance_along_m": 550.0, "signed_error_m": -1.5426318320350163, "abs_error_m": 1.5426318320350163, "left_or_right": "left", "is_measured": true, "gnss_line_id": "The Star Dune" }, "geometry": { "type": "LineString", "coordinates": [ [ 533996.192340798443183, 7261698.760563237592578 ], [ 533995.860071900999174, 7261697.254118416458368 ] ] } },
{ "type": "Feature", "properties": { "distance_along_m": 560.0, "signed_error_m": -1.8720824156914759, "abs_error_m": 1.8720824156914759, "left_or_right": "left", "is_measured": true, "gnss_line_id": "The Star Dune" }, "geometry": { "type": "LineString", "coordinates": [ [ 534005.974193726549856, 7261696.688127727247775 ], [ 534005.490147060831077, 7261694.87516762688756 ] ] } },
{ "type": "Feature", "properties": { "distance_along_m": 570.0, "signed_error_m": -2.4070915827450565, "abs_error_m": 2.4070915827450565, "left_or_right": "left", "is_measured": true, "gnss_line_id": "The Star Dune" }, "geometry": { "type": "LineString", "coordinates": [ [ 534015.811624682508409, 7261694.895553505979478 ], [ 534015.309417902142741, 7261692.539389892481267 ] ] } },
{ "type": "Feature", "properties": { "distance_along_m": 580.0, "signed_error_m": -2.3875574755879669, "abs_error_m": 2.3875574755879669, "left_or_right": "left", "is_measured": true, "gnss_line_id": "The Star Dune" }, "geometry": { "type": "LineString", "coordinates": [ [ 534025.685632575536147, 7261693.316074230708182 ], [ 534025.423499660450034, 7261690.941022969782352 ] ] } },
{ "type": "Feature", "properties": { "distance_along_m": 590.0, "signed_error_m": -1.6916159868919469, "abs_error_m": 1.6916159868919469, "left_or_right": "left", "is_measured": true, "gnss_line_id": "The Star Dune" }, "geometry": { "type": "LineString", "coordinates": [ [ 534035.583796964841895, 7261691.894212529994547 ], [ 534035.509757466730662, 7261690.195737531408668 ] ] } },
{ "type": "Feature", "properties": { "distance_along_m": 600.0, "signed_error_m": -0.64569535769155117, "abs_error_m": 0.64569535769155117, "left_or_right": "left", "is_measured": true, "gnss_line_id": "The Star Dune" }, "geometry": { "type": "LineString", "coordinates": [ [ 534045.473145338706672, 7261690.410706972703338 ], [ 534045.444895291351713, 7261689.762647484429181 ] ] } },
{ "type": "Feature", "properties": { "distance_along_m": 610.0, "signed_error_m": -0.21225517421118542, "abs_error_m": 0.21225517421118542, "left_or_right": "left", "is_measured": true, "gnss_line_id": "The Star Dune" }, "geometry": { "type": "LineString", "coordinates": [ [ 534055.396836251951754, 7261689.181984323076904 ], [ 534055.373550825170241, 7261688.971007070504129 ] ] } },
{ "type": "Feature", "properties": { "distance_along_m": 620.0, "signed_error_m": -0.50966128789523724, "abs_error_m": 0.50966128789523724, "left_or_right": "left", "is_measured": true, "gnss_line_id": "The Star Dune" }, "geometry": { "type": "LineString", "coordinates": [ [ 534065.305531582678668, 7261687.851866477169096 ], [ 534065.199174319044687, 7261687.352669602259994 ] ] } },
{ "type": "Feature", "properties": { "distance_along_m": 630.0, "signed_error_m": -1.2040024037969184, "abs_error_m": 1.2040024037969184, "left_or_right": "left", "is_measured": true, "gnss_line_id": "The Star Dune" }, "geometry": { "type": "LineString", "coordinates": [ [ 534075.131399076897651, 7261686.216442242264748 ], [ 534074.820561834843829, 7261685.047724138945341 ] ] } },
{ "type": "Feature", "properties": { "distance_along_m": 640.0, "signed_error_m": -1.5949593319837556, "abs_error_m": 1.5949593319837556, "left_or_right": "left", "is_measured": true, "gnss_line_id": "The Star Dune" }, "geometry": { "type": "LineString", "coordinates": [ [ 534084.923953222576529, 7261684.252706105820835 ], [ 534084.591422565630637, 7261682.691945146769285 ] ] } },
{ "type": "Feature", "properties": { "distance_along_m": 650.0, "signed_error_m": -1.0040576554438689, "abs_error_m": 1.0040576554438689, "left_or_right": "left", "is_measured": true, "gnss_line_id": "The Star Dune" }, "geometry": { "type": "LineString", "coordinates": [ [ 534094.669945105211809, 7261682.039468608796597 ], [ 534094.559238262590952, 7261681.036410956643522 ] ] } },
{ "type": "Feature", "properties": { "distance_along_m": 660.0, "signed_error_m": 0.41697660992197633, "abs_error_m": 0.41697660992197633, "left_or_right": "right", "is_measured": true, "gnss_line_id": "The Star Dune" }, "geometry": { "type": "LineString", "coordinates": [ [ 534104.418469095369801, 7261679.820155094377697 ], [ 534104.436880116350949, 7261680.242506133392453 ] ] } },
{ "type": "Feature", "properties": { "distance_along_m": 670.0, "signed_error_m": 1.5932612432870557, "abs_error_m": 1.5932612432870557, "left_or_right": "right", "is_measured": true, "gnss_line_id": "The Star Dune" }, "geometry": { "type": "LineString", "coordinates": [ [ 534114.282426600228064, 7261678.213102912530303 ], [ 534114.352050628047436, 7261679.810286495834589 ] ] } },
{ "type": "Feature", "properties": { "distance_along_m": 680.0, "signed_error_m": 2.1044435039259741, "abs_error_m": 2.1044435039259741, "left_or_right": "right", "is_measured": true, "gnss_line_id": "The Star Dune" }, "geometry": { "type": "LineString", "coordinates": [ [ 534124.206333637586795, 7261676.98194436263293 ], [ 534124.437411675462499, 7261679.073932249099016 ] ] } },
{ "type": "Feature", "properties": { "distance_along_m": 690.0, "signed_error_m": 1.6555382228545472, "abs_error_m": 1.6555382228545472, "left_or_right": "right", "is_measured": true, "gnss_line_id": "The Star Dune" }, "geometry": { "type": "LineString", "coordinates": [ [ 534134.137342249159701, 7261675.862720496021211 ], [ 534134.487653366988525, 7261677.498357147909701 ] ] } },
{ "type": "Feature", "properties": { "distance_along_m": 700.0, "signed_error_m": -0.19779998585543809, "abs_error_m": 0.19779998585543809, "left_or_right": "left", "is_measured": true, "gnss_line_id": "The Star Dune" }, "geometry": { "type": "LineString", "coordinates": [ [ 534144.125966789084487, 7261675.394849794916809 ], [ 534144.072334798634984, 7261675.199533073231578 ] ] } },
{ "type": "Feature", "properties": { "distance_along_m": 710.0, "signed_error_m": -2.5887158137258974, "abs_error_m": 2.5887158137258974, "left_or_right": "left", "is_measured": true, "gnss_line_id": "The Star Dune" }, "geometry": { "type": "LineString", "coordinates": [ [ 534154.116687695495784, 7261675.275139844045043 ], [ 534153.452154466882348, 7261672.685866074636579 ] ] } },
{ "type": "Feature", "properties": { "distance_along_m": 720.0, "signed_error_m": -3.8472868351420222, "abs_error_m": 3.8472868351420222, "left_or_right": "left", "is_measured": true, "gnss_line_id": "The Star Dune" }, "geometry": { "type": "LineString", "coordinates": [ [ 534163.920627980842255, 7261673.995912655256689 ], [ 534162.961868208134547, 7261670.24774288199842 ] ] } },
{ "type": "Feature", "properties": { "distance_along_m": 730.0, "signed_error_m": -1.8064862280674883, "abs_error_m": 1.8064862280674883, "left_or_right": "left", "is_measured": true, "gnss_line_id": "The Star Dune" }, "geometry": { "type": "LineString", "coordinates": [ [ 534172.786059239413589, 7261669.373272250406444 ], [ 534172.156057001324371, 7261667.656311098486185 ] ] } },
{ "type": "Feature", "properties": { "distance_along_m": 740.0, "signed_error_m": -0.31214169191936614, "abs_error_m": 0.31214169191936614, "left_or_right": "left", "is_measured": true, "gnss_line_id": "The Star Dune" }, "geometry": { "type": "LineString", "coordinates": [ [ 534181.442125693080015, 7261664.366922568529844 ], [ 534181.295862728846259, 7261664.091064096428454 ] ] } },
{ "type": "Feature", "properties": { "distance_along_m": 750.0, "signed_error_m": -0.010114636317719073, "abs_error_m": 0.010114636317719073, "left_or_right": "left", "is_measured": true, "gnss_line_id": "The Star Dune" }, "geometry": { "type": "LineString", "coordinates": [ [ 534190.124025821918622, 7261659.410287181846797 ], [ 534190.118655815720558, 7261659.40171455219388 ] ] } },
{ "type": "Feature", "properties": { "distance_along_m": 760.0, "signed_error_m": -0.13221619376544155, "abs_error_m": 0.13221619376544155, "left_or_right": "left", "is_measured": true, "gnss_line_id": "The Star Dune" }, "geometry": { "type": "LineString", "coordinates": [ [ 534198.662006224039942, 7261654.206121870316565 ], [ 534198.591792017454281, 7261654.094032537192106 ] ] } },
{ "type": "Feature", "properties": { "distance_along_m": 770.0, "signed_error_m": -0.64233372279925327, "abs_error_m": 0.64233372279925327, "left_or_right": "left", "is_measured": true, "gnss_line_id": "The Star Dune" }, "geometry": { "type": "LineString", "coordinates": [ [ 534207.318214402417652, 7261649.199277462437749 ], [ 534206.966287412797101, 7261648.660612790845335 ] ] } },
{ "type": "Feature", "properties": { "distance_along_m": 780.0, "signed_error_m": -1.2877734885708605, "abs_error_m": 1.2877734885708605, "left_or_right": "left", "is_measured": true, "gnss_line_id": "The Star Dune" }, "geometry": { "type": "LineString", "coordinates": [ [ 534215.994207530864514, 7261644.226683177985251 ], [ 534215.277411737828515, 7261643.153552496805787 ] ] } },
{ "type": "Feature", "properties": { "distance_along_m": 790.0, "signed_error_m": -1.87247443774005, "abs_error_m": 1.87247443774005, "left_or_right": "left", "is_measured": true, "gnss_line_id": "The Star Dune" }, "geometry": { "type": "LineString", "coordinates": [ [ 534224.618509574444033, 7261639.165349505841732 ], [ 534223.575936904526316, 7261637.606890118680894 ] ] } },
{ "type": "Feature", "properties": { "distance_along_m": 800.0, "signed_error_m": -2.2315539237090394, "abs_error_m": 2.2315539237090394, "left_or_right": "left", "is_measured": true, "gnss_line_id": "The Star Dune" }, "geometry": { "type": "LineString", "coordinates": [ [ 534233.128053676453419, 7261633.915217116475105 ], [ 534231.896129205590114, 7261632.054185456596315 ] ] } },
{ "type": "Feature", "properties": { "distance_along_m": 810.0, "signed_error_m": -2.3300499768098857, "abs_error_m": 2.3300499768098857, "left_or_right": "left", "is_measured": true, "gnss_line_id": "The Star Dune" }, "geometry": { "type": "LineString", "coordinates": [ [ 534241.519554580328986, 7261628.476530681364238 ], [ 534240.22239331016317, 7261626.540740367025137 ] ] } },
{ "type": "Feature", "properties": { "distance_along_m": 820.0, "signed_error_m": -2.477989165943062, "abs_error_m": 2.477989165943062, "left_or_right": "left", "is_measured": true, "gnss_line_id": "The Star Dune" }, "geometry": { "type": "LineString", "coordinates": [ [ 534249.908239739364944, 7261623.033254170790315 ], [ 534248.528795645106584, 7261620.974670879542828 ] ] } },
{ "type": "Feature", "properties": { "distance_along_m": 830.0, "signed_error_m": -2.3143715006565517, "abs_error_m": 2.3143715006565517, "left_or_right": "left", "is_measured": true, "gnss_line_id": "The Star Dune" }, "geometry": { "type": "LineString", "coordinates": [ [ 534258.100156692089513, 7261617.302793915383518 ], [ 534256.802852994995192, 7261615.385586228221655 ] ] } },
{ "type": "Feature", "properties": { "distance_along_m": 840.0, "signed_error_m": -2.320063722805068, "abs_error_m": 2.320063722805068, "left_or_right": "left", "is_measured": true, "gnss_line_id": "The Star Dune" }, "geometry": { "type": "LineString", "coordinates": [ [ 534266.334862730465829, 7261611.629855789244175 ], [ 534265.006870193290524, 7261609.727327073924243 ] ] } },
{ "type": "Feature", "properties": { "distance_along_m": 850.0, "signed_error_m": -2.2223017360895816, "abs_error_m": 2.2223017360895816, "left_or_right": "left", "is_measured": true, "gnss_line_id": "The Star Dune" }, "geometry": { "type": "LineString", "coordinates": [ [ 534274.357505683437921, 7261605.660764787346125 ], [ 534272.990299158846028, 7261603.908625529147685 ] ] } },
{ "type": "Feature", "properties": { "distance_along_m": 860.0, "signed_error_m": -1.8303031606207449, "abs_error_m": 1.8303031606207449, "left_or_right": "left", "is_measured": true, "gnss_line_id": "The Star Dune" }, "geometry": { "type": "LineString", "coordinates": [ [ 534281.946892801206559, 7261599.151272374205291 ], [ 534280.723549560178071, 7261597.788142569363117 ] ] } },
{ "type": "Feature", "properties": { "distance_along_m": 870.0, "signed_error_m": -2.4441521626758522, "abs_error_m": 2.4441521626758522, "left_or_right": "left", "is_measured": true, "gnss_line_id": "The Star Dune" }, "geometry": { "type": "LineString", "coordinates": [ [ 534289.788819982903078, 7261592.948176567442715 ], [ 534288.15057980956044, 7261591.122741208411753 ] ] } },
{ "type": "Feature", "properties": { "distance_along_m": 880.0, "signed_error_m": -3.6658831741132487, "abs_error_m": 3.6658831741132487, "left_or_right": "left", "is_measured": true, "gnss_line_id": "The Star Dune" }, "geometry": { "type": "LineString", "coordinates": [ [ 534297.731939844670705, 7261586.882751028984785 ], [ 534295.115745977149345, 7261584.289968151599169 ] ] } },
{ "type": "Feature", "properties": { "distance_along_m": 890.0, "signed_error_m": -4.7066409379335621, "abs_error_m": 4.7066409379335621, "left_or_right": "left", "is_measured": true, "gnss_line_id": "The Star Dune" }, "geometry": { "type": "LineString", "coordinates": [ [ 534305.327060565236025, 7261580.378306443803012 ], [ 534301.695930496440269, 7261577.282710748724639 ] ] } },
{ "type": "Feature", "properties": { "distance_along_m": 900.0, "signed_error_m": -5.895157779124224, "abs_error_m": 5.895157779124224, "left_or_right": "left", "is_measured": true, "gnss_line_id": "The Star Dune" }, "geometry": { "type": "LineString", "coordinates": [ [ 534312.608008407521993, 7261573.578949776478112 ], [ 534307.914082517265342, 7261569.9888258241117 ] ] } },
{ "type": "Feature", "properties": { "distance_along_m": 910.0, "signed_error_m": -5.8645951080622183, "abs_error_m": 5.8645951080622183, "left_or_right": "left", "is_measured": true, "gnss_line_id": "The Star Dune" }, "geometry": { "type": "LineString", "coordinates": [ [ 534317.945759757421911, 7261565.252724912017584 ], [ 534312.937301725498401, 7261562.074042496271431 ] ] } },
{ "type": "Feature", "properties": { "distance_along_m": 920.0, "signed_error_m": -4.3168178197091951, "abs_error_m": 4.3168178197091951, "left_or_right": "left", "is_measured": true, "gnss_line_id": "The Star Dune" }, "geometry": { "type": "LineString", "coordinates": [ [ 534320.585348255117424, 7261555.662044175900519 ], [ 534316.457754019415006, 7261554.116014662198722 ] ] } },
{ "type": "Feature", "properties": { "distance_along_m": 930.0, "signed_error_m": -3.3549767786682283, "abs_error_m": 3.3549767786682283, "left_or_right": "left", "is_measured": true, "gnss_line_id": "The Star Dune" }, "geometry": { "type": "LineString", "coordinates": [ [ 534322.207966747577302, 7261545.798698361031711 ], [ 534318.911340927705169, 7261545.175581705756485 ] ] } },
{ "type": "Feature", "properties": { "distance_along_m": 940.0, "signed_error_m": -3.1042650789795276, "abs_error_m": 3.1042650789795276, "left_or_right": "left", "is_measured": true, "gnss_line_id": "The Star Dune" }, "geometry": { "type": "LineString", "coordinates": [ [ 534323.629791722283699, 7261535.912343289703131 ], [ 534320.554226728156209, 7261535.461917752400041 ] ] } },
{ "type": "Feature", "properties": { "distance_along_m": 950.0, "signed_error_m": -2.1963242475077105, "abs_error_m": 2.1963242475077105, "left_or_right": "left", "is_measured": true, "gnss_line_id": "The Star Dune" }, "geometry": { "type": "LineString", "coordinates": [ [ 534324.35406794748269, 7261525.93976594042033 ], [ 534322.182938020559959, 7261525.536613165400922 ] ] } },
{ "type": "Feature", "properties": { "distance_along_m": 960.0, "signed_error_m": -1.5463895583663565, "abs_error_m": 1.5463895583663565, "left_or_right": "left", "is_measured": true, "gnss_line_id": "The Star Dune" }, "geometry": { "type": "LineString", "coordinates": [ [ 534325.417592070065439, 7261516.015852632001042 ], [ 534323.877795367385261, 7261515.772964330390096 ] ] } },
{ "type": "Feature", "properties": { "distance_along_m": 970.0, "signed_error_m": -0.28269884880915996, "abs_error_m": 0.28269884880915996, "left_or_right": "left", "is_measured": true, "gnss_line_id": "The Star Dune" }, "geometry": { "type": "LineString", "coordinates": [ [ 534325.071493862196803, 7261506.025198891758919 ], [ 534324.788780284696259, 7261506.025173667818308 ] ] } },
{ "type": "Feature", "properties": { "distance_along_m": 980.0, "signed_error_m": -0.57476725015201691, "abs_error_m": 0.57476725015201691, "left_or_right": "left", "is_measured": true, "gnss_line_id": "The Star Dune" }, "geometry": { "type": "LineString", "coordinates": [ [ 534324.752697962801903, 7261496.035286463797092 ], [ 534324.182343449792825, 7261496.124617145396769 ] ] } },
{ "type": "Feature", "properties": { "distance_along_m": 990.0, "signed_error_m": -1.5882074212430795, "abs_error_m": 1.5882074212430795, "left_or_right": "left", "is_measured": true, "gnss_line_id": "The Star Dune" }, "geometry": { "type": "LineString", "coordinates": [ [ 534324.153194676502608, 7261486.09842118062079 ], [ 534322.581826692563482, 7261486.376511170528829 ] ] } },
{ "type": "Feature", "properties": { "distance_along_m": 1000.0, "signed_error_m": -2.1020755739772885, "abs_error_m": 2.1020755739772885, "left_or_right": "left", "is_measured": true, "gnss_line_id": "The Star Dune" }, "geometry": { "type": "LineString", "coordinates": [ [ 534323.174211738747545, 7261476.146471663378179 ], [ 534321.08293122658506, 7261476.359246432781219 ] ] } },
{ "type": "Feature", "properties": { "distance_along_m": 1010.0, "signed_error_m": -1.7277154264103864, "abs_error_m": 1.7277154264103864, "left_or_right": "left", "is_measured": true, "gnss_line_id": "The Star Dune" }, "geometry": { "type": "LineString", "coordinates": [ [ 534322.039032099884935, 7261466.211929341778159 ], [ 534320.30525587592274, 7261466.272707513533533 ] ] } },
{ "type": "Feature", "properties": { "distance_along_m": 1020.0, "signed_error_m": -0.80430571217384161, "abs_error_m": 0.80430571217384161, "left_or_right": "left", "is_measured": true, "gnss_line_id": "The Star Dune" }, "geometry": { "type": "LineString", "coordinates": [ [ 534320.862309812684543, 7261456.281758578494191 ], [ 534320.053682388272136, 7261456.288661327213049 ] ] } },
{ "type": "Feature", "properties": { "distance_along_m": 1030.0, "signed_error_m": 0.28399982535828705, "abs_error_m": 0.28399982535828705, "left_or_right": "right", "is_measured": true, "gnss_line_id": "The Star Dune" }, "geometry": { "type": "LineString", "coordinates": [ [ 534319.682607524562627, 7261446.351744535379112 ], [ 534319.968510340666398, 7261446.349278452806175 ] ] } },
{ "type": "Feature", "properties": { "distance_along_m": 1040.0, "signed_error_m": 1.4020969186723029, "abs_error_m": 1.4020969186723029, "left_or_right": "right", "is_measured": true, "gnss_line_id": "The Star Dune" }, "geometry": { "type": "LineString", "coordinates": [ [ 534318.375241701258346, 7261436.437777192331851 ], [ 534319.783372878679074, 7261436.38696679379791 ] ] } },
{ "type": "Feature", "properties": { "distance_along_m": 1050.0, "signed_error_m": 2.1312111336069397, "abs_error_m": 2.1312111336069397, "left_or_right": "right", "is_measured": true, "gnss_line_id": "The Star Dune" }, "geometry": { "type": "LineString", "coordinates": [ [ 534317.028553552692756, 7261426.528870939277112 ], [ 534319.148031587013975, 7261426.297124721109867 ] ] } },
{ "type": "Feature", "properties": { "distance_along_m": 1060.0, "signed_error_m": 2.092817336245997, "abs_error_m": 2.092817336245997, "left_or_right": "right", "is_measured": true, "gnss_line_id": "The Star Dune" }, "geometry": { "type": "LineString", "coordinates": [ [ 534315.598219079431146, 7261416.631803945638239 ], [ 534317.64915943692904, 7261416.195020246319473 ] ] } },
{ "type": "Feature", "properties": { "distance_along_m": 1070.0, "signed_error_m": 1.2928989549971692, "abs_error_m": 1.2928989549971692, "left_or_right": "right", "is_measured": true, "gnss_line_id": "The Star Dune" }, "geometry": { "type": "LineString", "coordinates": [ [ 534314.116665389970876, 7261406.742169468663633 ], [ 534315.374387347954325, 7261406.407660382799804 ] ] } },
{ "type": "Feature", "properties": { "distance_along_m": 1080.0, "signed_error_m": 0.27973526045563712, "abs_error_m": 0.27973526045563712, "left_or_right": "right", "is_measured": true, "gnss_line_id": "The Star Dune" }, "geometry": { "type": "LineString", "coordinates": [ [ 534312.71072080952581, 7261396.841509081423283 ], [ 534312.985079140984453, 7261396.783079666085541 ] ] } },
{ "type": "Feature", "properties": { "distance_along_m": 1090.0, "signed_error_m": -0.20987599972906956, "abs_error_m": 0.20987599972906956, "left_or_right": "left", "is_measured": true, "gnss_line_id": "The Star Dune" }, "geometry": { "type": "LineString", "coordinates": [ [ 534311.415771748521365, 7261386.925722336396575 ], [ 534311.207123016240075, 7261386.948517617769539 ] ] } },
{ "type": "Feature", "properties": { "distance_along_m": 1100.0, "signed_error_m": 0.024411493297825403, "abs_error_m": 0.024411493297825403, "left_or_right": "right", "is_measured": true, "gnss_line_id": "The Star Dune" }, "geometry": { "type": "LineString", "coordinates": [ [ 534310.318387009436265, 7261376.986242787912488 ], [ 534310.342843540362082, 7261376.98538981936872 ] ] } },
{ "type": "Feature", "properties": { "distance_along_m": 1110.0, "signed_error_m": 0.77271096071244538, "abs_error_m": 0.77271096071244538, "left_or_right": "right", "is_measured": true, "gnss_line_id": "The Star Dune" }, "geometry": { "type": "LineString", "coordinates": [ [ 534309.326504866126925, 7261367.035683587193489 ], [ 534310.102525996160693, 7261367.036550726741552 ] ] } },
{ "type": "Feature", "properties": { "distance_along_m": 1120.0, "signed_error_m": 1.6106470514701974, "abs_error_m": 1.6106470514701974, "left_or_right": "right", "is_measured": true, "gnss_line_id": "The Star Dune" }, "geometry": { "type": "LineString", "coordinates": [ [ 534308.619586907792836, 7261357.063048192299902 ], [ 534310.235356157063507, 7261357.1334886867553 ] ] } },
{ "type": "Feature", "properties": { "distance_along_m": 1130.0, "signed_error_m": 2.4522143605993509, "abs_error_m": 2.4522143605993509, "left_or_right": "right", "is_measured": true, "gnss_line_id": "The Star Dune" }, "geometry": { "type": "LineString", "coordinates": [ [ 534308.493172096204944, 7261347.068022650666535 ], [ 534310.93784015707206, 7261347.442092765122652 ] ] } },
{ "type": "Feature", "properties": { "distance_along_m": 1140.0, "signed_error_m": null, "abs_error_m": null, "left_or_right": null, "is_measured": false, "gnss_line_id": "The Star Dune" }, "geometry": { "type": "Point", "coordinates": [ 534308.952219914295711, 7261337.080481603741646 ] } },
{ "type": "Feature", "properties": { "distance_along_m": 1150.0, "signed_error_m": null, "abs_error_m": null, "left_or_right": null, "is_measured": false, "gnss_line_id": "The Star Dune" }, "geometry": { "type": "Point", "coordinates": [ 534309.879407894681208, 7261327.23171254619956 ] } },
{ "type": "Feature", "properties": { "distance_along_m": 1160.0, "signed_error_m": 6.7512901531567611, "abs_error_m": 6.7512901531567611, "left_or_right": "right", "is_measured": true, "gnss_line_id": "The Star Dune" }, "geometry": { "type": "LineString", "coordinates": [ [ 534314.762158652069047, 7261318.599330481141806 ], [ 534320.546098861959763, 7261322.161110325716436 ] ] } },
{ "type": "Feature", "properties": { "distance_along_m": 1170.0, "signed_error_m": null, "abs_error_m": null, "left_or_right": null, "is_measured": false, "gnss_line_id": "The Star Dune" }, "geometry": { "type": "Point", "coordinates": [ 534321.741468779509887, 7261311.478447324596345 ] } },
{ "type": "Feature", "properties": { "distance_along_m": 1179.1027125228234, "signed_error_m": 3.7845416351781331, "abs_error_m": 3.7845416351781331, "left_or_right": "right", "is_measured": true, "gnss_line_id": "The Star Dune" }, "geometry": { "type": "LineString", "coordinates": [ [ 534328.948375676292926, 7261305.918744029477239 ], [ 534331.761839856742881, 7261308.533485944382846 ] ] } },
{ "type": "Feature", "properties": { "distance_along_m": 0.0, "signed_error_m": null, "abs_error_m": null, "left_or_right": null, "is_measured": false, "gnss_line_id": "The Star Dune" }, "geometry": { "type": "Point", "coordinates": [ 533539.339549691299908, 7262932.022849993780255 ] } },
{ "type": "Feature", "properties": { "distance_along_m": 10.0, "signed_error_m": null, "abs_error_m": null, "left_or_right": null, "is_measured": false, "gnss_line_id": "The Star Dune" }, "geometry": { "type": "Point", "coordinates": [ 533542.103027873323299, 7262922.587405257858336 ] } },
{ "type": "Feature", "properties": { "distance_along_m": 20.0, "signed_error_m": null, "abs_error_m": null, "left_or_right": null, "is_measured": false, "gnss_line_id": "The Star Dune" }, "geometry": { "type": "Point", "coordinates": [ 533545.375762832351029, 7262913.144758416339755 ] } },
{ "type": "Feature", "properties": { "distance_along_m": 30.0, "signed_error_m": 2.3689959845273569, "abs_error_m": 2.3689959845273569, "left_or_right": "right", "is_measured": true, "gnss_line_id": "The Star Dune" }, "geometry": { "type": "LineString", "coordinates": [ [ 533547.635462994687259, 7262903.404779686592519 ], [ 533550.059127730317414, 7262903.424055026844144 ] ] } },
{ "type": "Feature", "properties": { "distance_along_m": 40.0, "signed_error_m": 0.600627907709953, "abs_error_m": 0.600627907709953, "left_or_right": "right", "is_measured": true, "gnss_line_id": "The Star Dune" }, "geometry": { "type": "LineString", "coordinates": [ [ 533549.705816232715733, 7262893.622518544085324 ], [ 533550.314875093055889, 7262893.644688771106303 ] ] } },
{ "type": "Feature", "properties": { "distance_along_m": 50.0, "signed_error_m": -0.77295015752205798, "abs_error_m": 0.77295015752205798, "left_or_right": "left", "is_measured": true, "gnss_line_id": "The Star Dune" }, "geometry": { "type": "LineString", "coordinates": [ [ 533551.90774058632087, 7262883.868549072183669 ], [ 533551.133583482238464, 7262883.7830102564767 ] ] } },
{ "type": "Feature", "properties": { "distance_along_m": 60.0, "signed_error_m": -1.4960033365737058, "abs_error_m": 1.4960033365737058, "left_or_right": "left", "is_measured": true, "gnss_line_id": "The Star Dune" }, "geometry": { "type": "LineString", "coordinates": [ [ 533554.368999789236113, 7262874.176715520210564 ], [ 533552.907138367881998, 7262873.854251386597753 ] ] } },
{ "type": "Feature", "properties": { "distance_along_m": 70.0, "signed_error_m": -1.4449059528245931, "abs_error_m": 1.4449059528245931, "left_or_right": "left", "is_measured": true, "gnss_line_id": "The Star Dune" }, "geometry": { "type": "LineString", "coordinates": [ [ 533556.925593967782333, 7262864.509807864204049 ], [ 533555.541868761880323, 7262864.091856673359871 ] ] } },
{ "type": "Feature", "properties": { "distance_along_m": 80.0, "signed_error_m": -1.1493850541314301, "abs_error_m": 1.1493850541314301, "left_or_right": "left", "is_measured": true, "gnss_line_id": "The Star Dune" }, "geometry": { "type": "LineString", "coordinates": [ [ 533559.639629644225352, 7262854.886213399469852 ], [ 533558.545652806758881, 7262854.532490320503712 ] ] } },
{ "type": "Feature", "properties": { "distance_along_m": 90.0, "signed_error_m": -0.91766290589230659, "abs_error_m": 0.91766290589230659, "left_or_right": "left", "is_measured": true, "gnss_line_id": "The Star Dune" }, "geometry": { "type": "LineString", "coordinates": [ [ 533562.524037827621214, 7262845.312339765951037 ], [ 533561.65251657308545, 7262845.024819582700729 ] ] } },
{ "type": "Feature", "properties": { "distance_along_m": 100.0, "signed_error_m": -0.95654456502293217, "abs_error_m": 0.95654456502293217, "left_or_right": "left", "is_measured": true, "gnss_line_id": "The Star Dune" }, "geometry": { "type": "LineString", "coordinates": [ [ 533565.72618387802504, 7262835.840122429654002 ], [ 533564.82000107713975, 7262835.533794425427914 ] ] } },
{ "type": "Feature", "properties": { "distance_along_m": 110.0, "signed_error_m": -1.1129016300629133, "abs_error_m": 1.1129016300629133, "left_or_right": "left", "is_measured": true, "gnss_line_id": "The Star Dune" }, "geometry": { "type": "LineString", "coordinates": [ [ 533569.050858148024417, 7262826.410777202807367 ], [ 533567.994178811670281, 7262826.061085764318705 ] ] } },
{ "type": "Feature", "properties": { "distance_along_m": 120.0, "signed_error_m": -1.1414394136489401, "abs_error_m": 1.1414394136489401, "left_or_right": "left", "is_measured": true, "gnss_line_id": "The Star Dune" }, "geometry": { "type": "LineString", "coordinates": [ [ 533572.219484726083465, 7262816.926389494910836 ], [ 533571.135841102106497, 7262816.567774647846818 ] ] } },
{ "type": "Feature", "properties": { "distance_along_m": 130.0, "signed_error_m": -1.0881352336953001, "abs_error_m": 1.0881352336953001, "left_or_right": "left", "is_measured": true, "gnss_line_id": "The Star Dune" }, "geometry": { "type": "LineString", "coordinates": [ [ 533575.329338128678501, 7262807.422633431851864 ], [ 533574.298408535658382, 7262807.07413575053215 ] ] } },
{ "type": "Feature", "properties": { "distance_along_m": 140.0, "signed_error_m": -0.87856145639890393, "abs_error_m": 0.87856145639890393, "left_or_right": "left", "is_measured": true, "gnss_line_id": "The Star Dune" }, "geometry": { "type": "LineString", "coordinates": [ [ 533578.315012729493901, 7262797.878777570091188 ], [ 533577.480405961396173, 7262797.603435701690614 ] ] } },
{ "type": "Feature", "properties": { "distance_along_m": 150.0, "signed_error_m": -0.37779092821563842, "abs_error_m": 0.37779092821563842, "left_or_right": "left", "is_measured": true, "gnss_line_id": "The Star Dune" }, "geometry": { "type": "LineString", "coordinates": [ [ 533580.956720707938075, 7262788.236468494869769 ], [ 533580.596681557013653, 7262788.120054552331567 ] ] } },
{ "type": "Feature", "properties": { "distance_along_m": 160.0, "signed_error_m": 0.1986467948612875, "abs_error_m": 0.1986467948612875, "left_or_right": "right", "is_measured": true, "gnss_line_id": "The Star Dune" }, "geometry": { "type": "LineString", "coordinates": [ [ 533583.451143443584442, 7262778.554315892979503 ], [ 533583.64149430708494, 7262778.611810958012938 ] ] } },
{ "type": "Feature", "properties": { "distance_along_m": 170.0, "signed_error_m": 0.52310157340160979, "abs_error_m": 0.52310157340160979, "left_or_right": "right", "is_measured": true, "gnss_line_id": "The Star Dune" }, "geometry": { "type": "LineString", "coordinates": [ [ 533585.955413694959134, 7262768.873383373953402 ], [ 533586.466387309948914, 7262768.98613182362169 ] ] } },
{ "type": "Feature", "properties": { "distance_along_m": 180.0, "signed_error_m": 0.41801035784553942, "abs_error_m": 0.41801035784553942, "left_or_right": "right", "is_measured": true, "gnss_line_id": "The Star Dune" }, "geometry": { "type": "LineString", "coordinates": [ [ 533588.126031923340634, 7262759.113581161014736 ], [ 533588.542787810438313, 7262759.160006753169 ] ] } },
{ "type": "Feature", "properties": { "distance_along_m": 190.0, "signed_error_m": -0.16281610676369884, "abs_error_m": 0.16281610676369884, "left_or_right": "left", "is_measured": true, "gnss_line_id": "The Star Dune" }, "geometry": { "type": "LineString", "coordinates": [ [ 533589.759859995334409, 7262749.249122216366231 ], [ 533589.596301431767642, 7262749.241977819241583 ] ] } },
{ "type": "Feature", "properties": { "distance_along_m": 200.0, "signed_error_m": -1.149804889255764, "abs_error_m": 1.149804889255764, "left_or_right": "left", "is_measured": true, "gnss_line_id": "The Star Dune" }, "geometry": { "type": "LineString", "coordinates": [ [ 533591.182544709881768, 7262739.351349818520248 ], [ 533590.03046502545476, 7262739.301128648221493 ] ] } },
{ "type": "Feature", "properties": { "distance_along_m": 210.0, "signed_error_m": -1.5586198289809037, "abs_error_m": 1.5586198289809037, "left_or_right": "left", "is_measured": true, "gnss_line_id": "The Star Dune" }, "geometry": { "type": "LineString", "coordinates": [ [ 533592.071877016103826, 7262729.392219305969775 ], [ 533590.521879018750042, 7262729.221147000789642 ] ] } },
{ "type": "Feature", "properties": { "distance_along_m": 220.0, "signed_error_m": -1.1692085297667625, "abs_error_m": 1.1692085297667625, "left_or_right": "left", "is_measured": true, "gnss_line_id": "The Star Dune" }, "geometry": { "type": "LineString", "coordinates": [ [ 533592.866084433277138, 7262719.423948113806546 ], [ 533591.714611956267618, 7262719.178619130514562 ] ] } },
{ "type": "Feature", "properties": { "distance_along_m": 230.0, "signed_error_m": -0.050520926962070146, "abs_error_m": 0.050520926962070146, "left_or_right": "left", "is_measured": true, "gnss_line_id": "The Star Dune" }, "geometry": { "type": "LineString", "coordinates": [ [ 533593.86295586603228, 7262709.473886081017554 ], [ 533593.813597662374377, 7262709.460758563131094 ] ] } },
{ "type": "Feature", "properties": { "distance_along_m": 240.0, "signed_error_m": 1.2640332118160618, "abs_error_m": 1.2640332118160618, "left_or_right": "right", "is_measured": true, "gnss_line_id": "The Star Dune" }, "geometry": { "type": "LineString", "coordinates": [ [ 533595.1263295954559, 7262699.554474632255733 ], [ 533596.368370737298392, 7262699.818989064544439 ] ] } },
{ "type": "Feature", "properties": { "distance_along_m": 250.0, "signed_error_m": 2.3516634604551245, "abs_error_m": 2.3516634604551245, "left_or_right": "right", "is_measured": true, "gnss_line_id": "The Star Dune" }, "geometry": { "type": "LineString", "coordinates": [ [ 533596.136921840137802, 7262689.605758699588478 ], [ 533598.47465463122353, 7262689.861369149759412 ] ] } },
{ "type": "Feature", "properties": { "distance_along_m": 260.0, "signed_error_m": 2.3000749618730563, "abs_error_m": 2.3000749618730563, "left_or_right": "right", "is_measured": true, "gnss_line_id": "The Star Dune" }, "geometry": { "type": "LineString", "coordinates": [ [ 533597.258187956525944, 7262679.669080629013479 ], [ 533599.561849650111981, 7262679.752204964868724 ] ] } },
{ "type": "Feature", "properties": { "distance_along_m": 270.0, "signed_error_m": 1.6709250179445159, "abs_error_m": 1.6709250179445159, "left_or_right": "right", "is_measured": true, "gnss_line_id": "The Star Dune" }, "geometry": { "type": "LineString", "coordinates": [ [ 533598.237924565677531, 7262669.717448476701975 ], [ 533599.916056333691813, 7262669.731923367828131 ] ] } },
{ "type": "Feature", "properties": { "distance_along_m": 280.0, "signed_error_m": 0.76953998588569283, "abs_error_m": 0.76953998588569283, "left_or_right": "right", "is_measured": true, "gnss_line_id": "The Star Dune" }, "geometry": { "type": "LineString", "coordinates": [ [ 533599.232190512819216, 7262659.76708269957453 ], [ 533600.001951780170202, 7262659.773722351528704 ] ] } },
{ "type": "Feature", "properties": { "distance_along_m": 290.0, "signed_error_m": -0.10955210737626146, "abs_error_m": 0.10955210737626146, "left_or_right": "left", "is_measured": true, "gnss_line_id": "The Star Dune" }, "geometry": { "type": "LineString", "coordinates": [ [ 533600.197769796592183, 7262649.977350228466094 ], [ 533600.087217214517295, 7262649.973361096344888 ] ] } },
{ "type": "Feature", "properties": { "distance_along_m": 300.0, "signed_error_m": -0.92630420043735295, "abs_error_m": 0.92630420043735295, "left_or_right": "left", "is_measured": true, "gnss_line_id": "The Star Dune" }, "geometry": { "type": "LineString", "coordinates": [ [ 533601.372636604472063, 7262640.057914874516428 ], [ 533600.45176862902008, 7262639.957226088270545 ] ] } },
{ "type": "Feature", "properties": { "distance_along_m": 310.0, "signed_error_m": -1.1496566185420423, "abs_error_m": 1.1496566185420423, "left_or_right": "left", "is_measured": true, "gnss_line_id": "The Star Dune" }, "geometry": { "type": "LineString", "coordinates": [ [ 533602.687997723813169, 7262630.144954507239163 ], [ 533601.560787545517087, 7262629.904794770292938 ] ] } },
{ "type": "Feature", "properties": { "distance_along_m": 320.0, "signed_error_m": -0.49366741091876154, "abs_error_m": 0.49366741091876154, "left_or_right": "left", "is_measured": true, "gnss_line_id": "The Star Dune" }, "geometry": { "type": "LineString", "coordinates": [ [ 533604.123816295992583, 7262620.248570797033608 ], [ 533603.640070019988343, 7262620.145505388267338 ] ] } },
{ "type": "Feature", "properties": { "distance_along_m": 330.0, "signed_error_m": 0.54063406239157086, "abs_error_m": 0.54063406239157086, "left_or_right": "right", "is_measured": true, "gnss_line_id": "The Star Dune" }, "geometry": { "type": "LineString", "coordinates": [ [ 533605.679406181210652, 7262610.370504843071103 ], [ 533606.204632707871497, 7262610.510736362077296 ] ] } },
{ "type": "Feature", "properties": { "distance_along_m": 340.0, "signed_error_m": 1.1496436375370558, "abs_error_m": 1.1496436375370558, "left_or_right": "right", "is_measured": true, "gnss_line_id": "The Star Dune" }, "geometry": { "type": "LineString", "coordinates": [ [ 533607.258775219786912, 7262600.496350630186498 ], [ 533608.382499299827032, 7262600.744204754009843 ] ] } },
{ "type": "Feature", "properties": { "distance_along_m": 350.0, "signed_error_m": 0.80379443147394081, "abs_error_m": 0.80379443147394081, "left_or_right": "right", "is_measured": true, "gnss_line_id": "The Star Dune" }, "geometry": { "type": "LineString", "coordinates": [ [ 533609.090154784382321, 7262590.665692279115319 ], [ 533609.886431967956014, 7262590.781419640406966 ] ] } },
{ "type": "Feature", "properties": { "distance_along_m": 360.0, "signed_error_m": 0.24704726023072957, "abs_error_m": 0.24704726023072957, "left_or_right": "right", "is_measured": true, "gnss_line_id": "The Star Dune" }, "geometry": { "type": "LineString", "coordinates": [ [ 533611.078282905276865, 7262580.865694317035377 ], [ 533611.323175001190975, 7262580.901307687163353 ] ] } },
{ "type": "Feature", "properties": { "distance_along_m": 370.0, "signed_error_m": 0.69349485191468963, "abs_error_m": 0.69349485191468963, "left_or_right": "right", "is_measured": true, "gnss_line_id": "The Star Dune" }, "geometry": { "type": "LineString", "coordinates": [ [ 533612.473863531951793, 7262572.193196223117411 ], [ 533613.150934919831343, 7262572.343230589292943 ] ] } },
{ "type": "Feature", "properties": { "distance_along_m": 380.0, "signed_error_m": 0.54489933495489851, "abs_error_m": 0.54489933495489851, "left_or_right": "right", "is_measured": true, "gnss_line_id": "The Star Dune" }, "geometry": { "type": "LineString", "coordinates": [ [ 533614.864730363013223, 7262563.590720066800714 ], [ 533615.390462017152458, 7262563.73508064635098 ] ] } },
{ "type": "Feature", "properties": { "distance_along_m": 390.0, "signed_error_m": 0.67989887747873978, "abs_error_m": 0.67989887747873978, "left_or_right": "right", "is_measured": true, "gnss_line_id": "The Star Dune" }, "geometry": { "type": "LineString", "coordinates": [ [ 533617.24082577903755, 7262553.877208704128861 ], [ 533617.900561085552908, 7262554.041575368493795 ] ] } },
{ "type": "Feature", "properties": { "distance_along_m": 400.0, "signed_error_m": 0.47118135110943554, "abs_error_m": 0.47118135110943554, "left_or_right": "right", "is_measured": true, "gnss_line_id": "The Star Dune" }, "geometry": { "type": "LineString", "coordinates": [ [ 533619.7021064494038, 7262544.185323478654027 ], [ 533620.162787870038301, 7262544.286540045402944 ] ] } },
{ "type": "Feature", "properties": { "distance_along_m": 410.0, "signed_error_m": 0.21184593575366847, "abs_error_m": 0.21184593575366847, "left_or_right": "right", "is_measured": true, "gnss_line_id": "The Star Dune" }, "geometry": { "type": "LineString", "coordinates": [ [ 533622.29018689529039, 7262534.526314304210246 ], [ 533622.495402915519662, 7262534.578964378684759 ] ] } },
{ "type": "Feature", "properties": { "distance_along_m": 420.0, "signed_error_m": 0.18726912282008126, "abs_error_m": 0.18726912282008126, "left_or_right": "right", "is_measured": true, "gnss_line_id": "The Star Dune" }, "geometry": { "type": "LineString", "coordinates": [ [ 533625.048166798893362, 7262524.91513779386878 ], [ 533625.227083662641235, 7262524.970522583462298 ] ] } },
{ "type": "Feature", "properties": { "distance_along_m": 430.0, "signed_error_m": 0.45234932486312363, "abs_error_m": 0.45234932486312363, "left_or_right": "right", "is_measured": true, "gnss_line_id": "The Star Dune" }, "geometry": { "type": "LineString", "coordinates": [ [ 533627.808915173285641, 7262515.304279899224639 ], [ 533628.239424167666584, 7262515.443517752923071 ] ] } },
{ "type": "Feature", "properties": { "distance_along_m": 440.0, "signed_error_m": 0.55302327596288714, "abs_error_m": 0.55302327596288714, "left_or_right": "right", "is_measured": true, "gnss_line_id": "The Star Dune" }, "geometry": { "type": "LineString", "coordinates": [ [ 533630.789844716666266, 7262505.760686928406358 ], [ 533631.316060108365491, 7262505.930878731422126 ] ] } },
{ "type": "Feature", "properties": { "distance_along_m": 450.0, "signed_error_m": 0.68742126077166532, "abs_error_m": 0.68742126077166532, "left_or_right": "right", "is_measured": true, "gnss_line_id": "The Star Dune" }, "geometry": { "type": "LineString", "coordinates": [ [ 533633.693313999567181, 7262496.19241236615926 ], [ 533634.349996306700632, 7262496.395692319609225 ] ] } },
{ "type": "Feature", "properties": { "distance_along_m": 460.0, "signed_error_m": 0.49364134910019913, "abs_error_m": 0.49364134910019913, "left_or_right": "right", "is_measured": true, "gnss_line_id": "The Star Dune" }, "geometry": { "type": "LineString", "coordinates": [ [ 533636.679506323998794, 7262486.648866420611739 ], [ 533637.15834437077865, 7262486.771759486757219 ] ] } },
{ "type": "Feature", "properties": { "distance_along_m": 470.0, "signed_error_m": -0.1975373277250296, "abs_error_m": 0.1975373277250296, "left_or_right": "left", "is_measured": true, "gnss_line_id": "The Star Dune" }, "geometry": { "type": "LineString", "coordinates": [ [ 533639.710190991638228, 7262477.234301868826151 ], [ 533639.516252768691629, 7262477.191492189653218 ] ] } },
{ "type": "Feature", "properties": { "distance_along_m": 480.0, "signed_error_m": -1.0764640776956196, "abs_error_m": 1.0764640776956196, "left_or_right": "left", "is_measured": true, "gnss_line_id": "The Star Dune" }, "geometry": { "type": "LineString", "coordinates": [ [ 533642.799786951742135, 7262467.725503027439117 ], [ 533641.756180681404658, 7262467.457663043402135 ] ] } },
{ "type": "Feature", "properties": { "distance_along_m": 490.0, "signed_error_m": -1.2038476974356795, "abs_error_m": 1.2038476974356795, "left_or_right": "left", "is_measured": true, "gnss_line_id": "The Star Dune" }, "geometry": { "type": "LineString", "coordinates": [ [ 533645.518119836691767, 7262458.10321094468236 ], [ 533644.367802968714386, 7262457.747020815499127 ] ] } },
{ "type": "Feature", "properties": { "distance_along_m": 500.0, "signed_error_m": -1.07040881512108, "abs_error_m": 1.07040881512108, "left_or_right": "left", "is_measured": true, "gnss_line_id": "The Star Dune" }, "geometry": { "type": "LineString", "coordinates": [ [ 533648.372676529921591, 7262448.519508489407599 ], [ 533647.354025782784447, 7262448.189093741588295 ] ] } },
{ "type": "Feature", "properties": { "distance_along_m": 510.0, "signed_error_m": -0.72537380931782358, "abs_error_m": 0.72537380931782358, "left_or_right": "left", "is_measured": true, "gnss_line_id": "The Star Dune" }, "geometry": { "type": "LineString", "coordinates": [ [ 533651.134443067479879, 7262438.908781277015805 ], [ 533650.44541236339137, 7262438.681404364295304 ] ] } },
{ "type": "Feature", "properties": { "distance_along_m": 520.0, "signed_error_m": -0.57796249347279616, "abs_error_m": 0.57796249347279616, "left_or_right": "left", "is_measured": true, "gnss_line_id": "The Star Dune" }, "geometry": { "type": "LineString", "coordinates": [ [ 533654.133642790373415, 7262429.369187522679567 ], [ 533653.585970975342207, 7262429.184100215323269 ] ] } },
{ "type": "Feature", "properties": { "distance_along_m": 530.0, "signed_error_m": -0.30099157959313844, "abs_error_m": 0.30099157959313844, "left_or_right": "left", "is_measured": true, "gnss_line_id": "The Star Dune" }, "geometry": { "type": "LineString", "coordinates": [ [ 533657.069491555914283, 7262419.810504664666951 ], [ 533656.783416303922422, 7262419.716126692481339 ] ] } },
{ "type": "Feature", "properties": { "distance_along_m": 540.0, "signed_error_m": 0.18468025686726242, "abs_error_m": 0.18468025686726242, "left_or_right": "right", "is_measured": true, "gnss_line_id": "The Star Dune" }, "geometry": { "type": "LineString", "coordinates": [ [ 533659.736805581720546, 7262410.173447674140334 ], [ 533659.912483893916942, 7262410.231405021622777 ] ] } },
{ "type": "Feature", "properties": { "distance_along_m": 550.0, "signed_error_m": 0.75072567217405606, "abs_error_m": 0.75072567217405606, "left_or_right": "right", "is_measured": true, "gnss_line_id": "The Star Dune" }, "geometry": { "type": "LineString", "coordinates": [ [ 533662.270537742064334, 7262400.500337580218911 ], [ 533662.985654127551243, 7262400.731561095453799 ] ] } },
{ "type": "Feature", "properties": { "distance_along_m": 560.0, "signed_error_m": 1.1450616862112208, "abs_error_m": 1.1450616862112208, "left_or_right": "right", "is_measured": true, "gnss_line_id": "The Star Dune" }, "geometry": { "type": "LineString", "coordinates": [ [ 533664.795547438203357, 7262390.825393742881715 ], [ 533665.893220790079795, 7262391.156943593174219 ] ] } },
{ "type": "Feature", "properties": { "distance_along_m": 570.0, "signed_error_m": 1.1037009538119338, "abs_error_m": 1.1037009538119338, "left_or_right": "right", "is_measured": true, "gnss_line_id": "The Star Dune" }, "geometry": { "type": "LineString", "coordinates": [ [ 533667.077325583901256, 7262381.091345081105828 ], [ 533668.155173823586665, 7262381.329080603085458 ] ] } },
{ "type": "Feature", "properties": { "distance_along_m": 580.0, "signed_error_m": 0.45848270432053734, "abs_error_m": 0.45848270432053734, "left_or_right": "right", "is_measured": true, "gnss_line_id": "The Star Dune" }, "geometry": { "type": "LineString", "coordinates": [ [ 533668.949725679587573, 7262371.268468898721039 ], [ 533669.406452424707823, 7262371.318877542391419 ] ] } },
{ "type": "Feature", "properties": { "distance_along_m": 590.0, "signed_error_m": -0.58035879915396027, "abs_error_m": 0.58035879915396027, "left_or_right": "left", "is_measured": true, "gnss_line_id": "The Star Dune" }, "geometry": { "type": "LineString", "coordinates": [ [ 533670.446153805009089, 7262361.382898092269897 ], [ 533669.863710258156061, 7262361.361881449818611 ] ] } },
{ "type": "Feature", "properties": { "distance_along_m": 600.0, "signed_error_m": -1.6410335035041008, "abs_error_m": 1.6410335035041008, "left_or_right": "left", "is_measured": true, "gnss_line_id": "The Star Dune" }, "geometry": { "type": "LineString", "coordinates": [ [ 533671.627779958653264, 7262351.453068451024592 ], [ 533669.97788151120767, 7262351.44053350854665 ] ] } },
{ "type": "Feature", "properties": { "distance_along_m": 610.0, "signed_error_m": -2.44400450268743, "abs_error_m": 2.44400450268743, "left_or_right": "left", "is_measured": true, "gnss_line_id": "The Star Dune" }, "geometry": { "type": "LineString", "coordinates": [ [ 533672.443305485183373, 7262341.490445124916732 ], [ 533669.997577904374339, 7262341.487930436618626 ] ] } },
{ "type": "Feature", "properties": { "distance_along_m": 620.0, "signed_error_m": -2.5665083204128383, "abs_error_m": 2.5665083204128383, "left_or_right": "left", "is_measured": true, "gnss_line_id": "The Star Dune" }, "geometry": { "type": "LineString", "coordinates": [ [ 533672.56651098432485, 7262331.491753146983683 ], [ 533669.999866924597882, 7262331.491524148732424 ] ] } },
{ "type": "Feature", "properties": { "distance_along_m": 630.0, "signed_error_m": -2.3692190757717517, "abs_error_m": 2.3692190757717517, "left_or_right": "left", "is_measured": true, "gnss_line_id": "The Star Dune" }, "geometry": { "type": "LineString", "coordinates": [ [ 533672.369355858769268, 7262321.494830220006406 ], [ 533669.999241178622469, 7262321.495041684247553 ] ] } },
{ "type": "Feature", "properties": { "distance_along_m": 640.0, "signed_error_m": -1.861901744891626, "abs_error_m": 1.861901744891626, "left_or_right": "left", "is_measured": true, "gnss_line_id": "The Star Dune" }, "geometry": { "type": "LineString", "coordinates": [ [ 533671.857078503351659, 7262311.510686208494008 ], [ 533669.990381079493091, 7262311.512605540454388 ] ] } },
{ "type": "Feature", "properties": { "distance_along_m": 650.0, "signed_error_m": -0.94749138587770432, "abs_error_m": 0.94749138587770432, "left_or_right": "left", "is_measured": true, "gnss_line_id": "The Star Dune" }, "geometry": { "type": "LineString", "coordinates": [ [ 533670.87863986811135, 7262301.561096678487957 ], [ 533669.924767139018513, 7262301.568343632854521 ] ] } },
{ "type": "Feature", "properties": { "distance_along_m": 660.0, "signed_error_m": 0.12200441989594638, "abs_error_m": 0.12200441989594638, "left_or_right": "right", "is_measured": true, "gnss_line_id": "The Star Dune" }, "geometry": { "type": "LineString", "coordinates": [ [ 533669.489644591929391, 7262291.658918689005077 ], [ 533669.612460897653364, 7262291.654497995972633 ] ] } },
{ "type": "Feature", "properties": { "distance_along_m": 670.0, "signed_error_m": 0.83728999160326145, "abs_error_m": 0.83728999160326145, "left_or_right": "right", "is_measured": true, "gnss_line_id": "The Star Dune" }, "geometry": { "type": "LineString", "coordinates": [ [ 533667.812454984523356, 7262281.80099274776876 ], [ 533668.646448432002217, 7262281.709802924655378 ] ] } },
{ "type": "Feature", "properties": { "distance_along_m": 680.0, "signed_error_m": 0.67277638590115918, "abs_error_m": 0.67277638590115918, "left_or_right": "right", "is_measured": true, "gnss_line_id": "The Star Dune" }, "geometry": { "type": "LineString", "coordinates": [ [ 533666.058426563162357, 7262271.956497340463102 ], [ 533666.716638381243683, 7262271.816319596022367 ] ] } },
{ "type": "Feature", "properties": { "distance_along_m": 690.0, "signed_error_m": 0.082401430819117077, "abs_error_m": 0.082401430819117077, "left_or_right": "right", "is_measured": true, "gnss_line_id": "The Star Dune" }, "geometry": { "type": "LineString", "coordinates": [ [ 533664.153905083541758, 7262262.139941318891943 ], [ 533664.233683343743905, 7262262.118723153136671 ] ] } },
{ "type": "Feature", "properties": { "distance_along_m": 700.0, "signed_error_m": -0.073125390633004578, "abs_error_m": 0.073125390633004578, "left_or_right": "left", "is_measured": true, "gnss_line_id": "The Star Dune" }, "geometry": { "type": "LineString", "coordinates": [ [ 533662.115759979351424, 7262252.350028015673161 ], [ 533662.04422745690681, 7262252.36526212003082 ] ] } },
{ "type": "Feature", "properties": { "distance_along_m": 710.0, "signed_error_m": 0.39071341453174613, "abs_error_m": 0.39071341453174613, "left_or_right": "right", "is_measured": true, "gnss_line_id": "The Star Dune" }, "geometry": { "type": "LineString", "coordinates": [ [ 533660.327118852175772, 7262242.511465419083834 ], [ 533660.716368850786239, 7262242.468869637697935 ] ] } },
{ "type": "Feature", "properties": { "distance_along_m": 720.0, "signed_error_m": 1.5062744125567256, "abs_error_m": 1.5062744125567256, "left_or_right": "right", "is_measured": true, "gnss_line_id": "The Star Dune" }, "geometry": { "type": "LineString", "coordinates": [ [ 533658.645879343850538, 7262232.654077181592584 ], [ 533660.172142711351626, 7262232.597571027465165 ] ] } },
{ "type": "Feature", "properties": { "distance_along_m": 730.0, "signed_error_m": 2.8481524535410863, "abs_error_m": 2.8481524535410863, "left_or_right": "right", "is_measured": true, "gnss_line_id": "The Star Dune" }, "geometry": { "type": "LineString", "coordinates": [ [ 533657.108488894649781, 7262222.827539306133986 ], [ 533659.966330060386099, 7262222.784114968962967 ] ] } },
{ "type": "Feature", "properties": { "distance_along_m": 740.0, "signed_error_m": 3.8496386312063047, "abs_error_m": 3.8496386312063047, "left_or_right": "right", "is_measured": true, "gnss_line_id": "The Star Dune" }, "geometry": { "type": "LineString", "coordinates": [ [ 533655.793491159449331, 7262212.914620213210583 ], [ 533659.656412402866408, 7262212.771605039015412 ] ] } },
{ "type": "Feature", "properties": { "distance_along_m": 750.0, "signed_error_m": 4.1586384418911795, "abs_error_m": 4.1586384418911795, "left_or_right": "right", "is_measured": true, "gnss_line_id": "The Star Dune" }, "geometry": { "type": "LineString", "coordinates": [ [ 533654.602783153182827, 7262202.98594965133816 ], [ 533658.736745971487835, 7262202.533568463288248 ] ] } },
{ "type": "Feature", "properties": { "distance_along_m": 760.0, "signed_error_m": 3.4621342620379667, "abs_error_m": 3.4621342620379667, "left_or_right": "right", "is_measured": true, "gnss_line_id": "The Star Dune" }, "geometry": { "type": "LineString", "coordinates": [ [ 533653.664072797517292, 7262194.210996297188103 ], [ 533657.072057060431689, 7262193.485206311568618 ] ] } },
{ "type": "Feature", "properties": { "distance_along_m": 770.0, "signed_error_m": 1.8858370046855228, "abs_error_m": 1.8858370046855228, "left_or_right": "right", "is_measured": true, "gnss_line_id": "The Star Dune" }, "geometry": { "type": "LineString", "coordinates": [ [ 533652.815193937742151, 7262184.247874558903277 ], [ 533654.668840168160386, 7262183.754870915785432 ] ] } },
{ "type": "Feature", "properties": { "distance_along_m": 780.0, "signed_error_m": 0.18348695473228288, "abs_error_m": 0.18348695473228288, "left_or_right": "right", "is_measured": true, "gnss_line_id": "The Star Dune" }, "geometry": { "type": "LineString", "coordinates": [ [ 533652.258149552275427, 7262174.263966427184641 ], [ 533652.440327126067132, 7262174.22516851965338 ] ] } },
{ "type": "Feature", "properties": { "distance_along_m": 790.0, "signed_error_m": -1.0896905250842737, "abs_error_m": 1.0896905250842737, "left_or_right": "left", "is_measured": true, "gnss_line_id": "The Star Dune" }, "geometry": { "type": "LineString", "coordinates": [ [ 533652.014695747871883, 7262164.267637014389038 ], [ 533650.926727323094383, 7262164.386596760712564 ] ] } },
{ "type": "Feature", "properties": { "distance_along_m": 800.0, "signed_error_m": -1.6480215732015591, "abs_error_m": 1.6480215732015591, "left_or_right": "left", "is_measured": true, "gnss_line_id": "The Star Dune" }, "geometry": { "type": "LineString", "coordinates": [ [ 533651.890100465039723, 7262154.268456933088601 ], [ 533650.242922595352866, 7262154.327746026217937 ] ] } },
{ "type": "Feature", "properties": { "distance_along_m": 810.0, "signed_error_m": -1.6223209488097856, "abs_error_m": 1.6223209488097856, "left_or_right": "left", "is_measured": true, "gnss_line_id": "The Star Dune" }, "geometry": { "type": "LineString", "coordinates": [ [ 533651.665994561975822, 7262144.271240861155093 ], [ 533650.043718149885535, 7262144.283565947785974 ] ] } },
{ "type": "Feature", "properties": { "distance_along_m": 820.0, "signed_error_m": -1.6027766685159841, "abs_error_m": 1.6027766685159841, "left_or_right": "left", "is_measured": true, "gnss_line_id": "The Star Dune" }, "geometry": { "type": "LineString", "coordinates": [ [ 533651.608425683691166, 7262134.273863529786468 ], [ 533650.005288277403452, 7262134.275511870160699 ] ] } },
{ "type": "Feature", "properties": { "distance_along_m": 830.0, "signed_error_m": -1.3276934423397093, "abs_error_m": 1.3276934423397093, "left_or_right": "left", "is_measured": true, "gnss_line_id": "The Star Dune" }, "geometry": { "type": "LineString", "coordinates": [ [ 533651.329079556860961, 7262124.277875891886652 ], [ 533650.000381687306799, 7262124.277994439937174 ] ] } },
{ "type": "Feature", "properties": { "distance_along_m": 840.0, "signed_error_m": -0.83922507406064684, "abs_error_m": 0.83922507406064684, "left_or_right": "left", "is_measured": true, "gnss_line_id": "The Star Dune" }, "geometry": { "type": "LineString", "coordinates": [ [ 533650.840576109709218, 7262114.290206160396338 ], [ 533650.0, 7262114.290206160396338 ] ] } },
{ "type": "Feature", "properties": { "distance_along_m": 850.0, "signed_error_m": -0.2958601225236443, "abs_error_m": 0.2958601225236443, "left_or_right": "left", "is_measured": true, "gnss_line_id": "The Star Dune" }, "geometry": { "type": "LineString", "coordinates": [ [ 533650.296275746426545, 7262104.305537187494338 ], [ 533650.0, 7262104.305537187494338 ] ] } },
{ "type": "Feature", "properties": { "distance_along_m": 860.0, "signed_error_m": 0.39594510451069298, "abs_error_m": 0.39594510451069298, "left_or_right": "right", "is_measured": true, "gnss_line_id": "The Star Dune" }, "geometry": { "type": "LineString", "coordinates": [ [ 533649.602609735564329, 7262094.330469709821045 ], [ 533650.0, 7262094.330469709821045 ] ] } },
{ "type": "Feature", "properties": { "distance_along_m": 870.0, "signed_error_m": 1.3380175404104864, "abs_error_m": 1.3380175404104864, "left_or_right": "right", "is_measured": true, "gnss_line_id": "The Star Dune" }, "geometry": { "type": "LineString", "coordinates": [ [ 533648.65056563494727, 7262084.376212825998664 ], [ 533650.0, 7262084.376212825998664 ] ] } },
{ "type": "Feature", "properties": { "distance_along_m": 880.0, "signed_error_m": 3.3805976701048022, "abs_error_m": 3.3805976701048022, "left_or_right": "right", "is_measured": true, "gnss_line_id": "The Star Dune" }, "geometry": { "type": "LineString", "coordinates": [ [ 533646.496282907319255, 7262074.63147103972733 ], [ 533650.0, 7262074.63147103972733 ] ] } },
{ "type": "Feature", "properties": { "distance_along_m": 884.99436958027559, "signed_error_m": null, "abs_error_m": null, "left_or_right": null, "is_measured": false, "gnss_line_id": "The Star Dune" }, "geometry": { "type": "Point", "coordinates": [ 533645.224132403032854, 7262069.803841770626605 ] } }
]
}
