{
"type": "FeatureCollection",
"name": "GNSS_all_points",
"crs": { "type": "name", "properties": { "name": "urn:ogc:def:crs:EPSG::32733" } },
"features": [
{ "type": "Feature", "properties": { "Name": "SOS1_N_CREST001", "Code": null, "Northing": 304313.74678, "Easting": -33613.64803, "Elevation": 568.70966, "source_file": "20260319_SOS1 points.shp", "group": "SOS1", "direction": "N", "type": "CREST", "sequence": 1, "full_name": "SOS1_N_CREST001", "should_make_line": true }, "geometry": { "type": "Point", "coordinates": [ 533539.339549691299908, 7262932.022849993780255, 568.709661246758174 ] } },
{ "type": "Feature", "properties": { "Name": "SOS1_N_CREST002", "Code": null, "Northing": 304317.08623999998, "Easting": -33614.82835, "Elevation": 569.03193, "source_file": "20260319_SOS1 points.shp", "group": "SOS1", "direction": "N", "type": "CREST", "sequence": 2, "full_name": "SOS1_N_CREST002", "should_make_line": true }, "geometry": { "type": "Point", "coordinates": [ 533540.519400879275054, 7262928.684745205566287, 569.031931109530433 ] } },
{ "type": "Feature", "properties": { "Name": "SOS1_N_CREST003", "Code": null, "Northing": 304322.13222000003, "Easting": -33616.06673, "Elevation": 569.64001, "source_file": "20260319_SOS1 points.shp", "group": "SOS1", "direction": "N", "type": "CREST", "sequence": 3, "full_name": "SOS1_N_CREST003", "should_make_line": true }, "geometry": { "type": "Point", "coordinates": [ 533541.757276888005435, 7262923.640803787857294, 569.640009320037279 ] } },
{ "type": "Feature", "properties": { "Name": "SOS1_N_CREST004", "Code": null, "Northing": 304322.11611, "Easting": -33615.96237, "Elevation": 569.58671, "source_file": "20260319_SOS1 points.shp", "group": "SOS1", "direction": "N", "type": "CREST", "sequence": 4, "full_name": "SOS1_N_CREST004", "should_make_line": true }, "geometry": { "type": "Point", "coordinates": [ 533541.652960810344666, 7262923.656913984566927, 569.586711581151008 ] } },
{ "type": "Feature", "properties": { "Name": "SOS1_N_CREST005", "Code": null, "Northing": 304325.00958000001, "Easting": -33617.17999, "Elevation": 569.89298, "source_file": "20260319_SOS1 points.shp", "group": "SOS1", "direction": "N", "type": "CREST", "sequence": 5, "full_name": "SOS1_N_CREST005", "should_make_line": true }, "geometry": { "type": "Point", "coordinates": [ 533542.870090860757045, 7262920.764608999714255, 569.892975000381171 ] } },
{ "type": "Feature", "properties": { "Name": "SOS1_N_CREST006", "Code": null, "Northing": 304328.4403, "Easting": -33618.37865, "Elevation": 570.35991, "source_file": "20260319_SOS1 points.shp", "group": "SOS1", "direction": "N", "type": "CREST", "sequence": 6, "full_name": "SOS1_N_CREST006", "should_make_line": true }, "geometry": { "type": "Point", "coordinates": [ 533544.068274937919341, 7262917.335277539677918, 570.359910653895781 ] } },
{ "type": "Feature", "properties": { "Name": "SOS1_N_CREST007", "Code": null, "Northing": 304332.79605, "Easting": -33619.73768, "Elevation": 571.18178, "source_file": "20260319_SOS1 points.shp", "group": "SOS1", "direction": "N", "type": "CREST", "sequence": 7, "full_name": "SOS1_N_CREST007", "should_make_line": true }, "geometry": { "type": "Point", "coordinates": [ 533545.426764880656265, 7262912.981296055018902, 571.181783683438539 ] } },
{ "type": "Feature", "properties": { "Name": "SOS1_N_CREST008", "Code": null, "Northing": 304336.22574999998, "Easting": -33620.54154, "Elevation": 571.9059, "source_file": "20260319_SOS1 points.shp", "group": "SOS1", "direction": "N", "type": "CREST", "sequence": 8, "full_name": "SOS1_N_CREST008", "should_make_line": true }, "geometry": { "type": "Point", "coordinates": [ 533546.230304761324078, 7262909.552989337593317, 571.90590381355878 ] } },
{ "type": "Feature", "properties": { "Name": "SOS1_N_CREST009", "Code": null, "Northing": 304339.42398999998, "Easting": -33621.32433, "Elevation": 572.62348, "source_file": "20260319_SOS1 points.shp", "group": "SOS1", "direction": "N", "type": "CREST", "sequence": 9, "full_name": "SOS1_N_CREST009", "should_make_line": true }, "geometry": { "type": "Point", "coordinates": [ 533547.012787827639841, 7262906.356040608137846, 572.623478339667145 ] } },
{ "type": "Feature", "properties": { "Name": "SOS1_N_CREST010", "Code": null, "Northing": 304343.05452000001, "Easting": -33622.09032, "Elevation": 573.41085, "source_file": "20260319_SOS1 points.shp", "group": "SOS1", "direction": "N", "type": "CREST", "sequence": 10, "full_name": "SOS1_N_CREST010", "should_make_line": true }, "geometry": { "type": "Point", "coordinates": [ 533547.778468912933022, 7262902.726982016116381, 573.410848366542837 ] } },
{ "type": "Feature", "properties": { "Name": "SOS1_N_CREST011", "Code": null, "Northing": 304346.82341000001, "Easting": -33622.95855, "Elevation": 574.27846, "source_file": "20260319_SOS1 points.shp", "group": "SOS1", "direction": "N", "type": "CREST", "sequence": 11, "full_name": "SOS1_N_CREST011", "should_make_line": true }, "geometry": { "type": "Point", "coordinates": [ 533548.646359909558669, 7262898.959620256908238, 574.278457071076332 ] } },
{ "type": "Feature", "properties": { "Name": "SOS1_N_CREST012", "Code": null, "Northing": 304350.24782, "Easting": -33623.63626, "Elevation": 575.02709, "source_file": "20260319_SOS1 points.shp", "group": "SOS1", "direction": "N", "type": "CREST", "sequence": 12, "full_name": "SOS1_N_CREST012", "should_make_line": true }, "geometry": { "type": "Point", "coordinates": [ 533549.323804916697554, 7262895.536605326458812, 575.027089370653925 ] } },
{ "type": "Feature", "properties": { "Name": "SOS1_N_CREST013", "Code": null, "Northing": 304353.6244, "Easting": -33624.31015, "Elevation": 575.84282, "source_file": "20260319_SOS1 points.shp", "group": "SOS1", "direction": "N", "type": "CREST", "sequence": 13, "full_name": "SOS1_N_CREST013", "should_make_line": true }, "geometry": { "type": "Point", "coordinates": [ 533549.997426666668616, 7262892.161389896646142, 575.842820312624326 ] } },
{ "type": "Feature", "properties": { "Name": "SOS1_N_CREST014", "Code": null, "Northing": 304356.94256, "Easting": -33625.07497, "Elevation": 576.61239, "source_file": "20260319_SOS1 points.shp", "group": "SOS1", "direction": "N", "type": "CREST", "sequence": 14, "full_name": "SOS1_N_CREST014", "should_make_line": true }, "geometry": { "type": "Point", "coordinates": [ 533550.761946523212828, 7262888.84457874391228, 576.61238717559263 ] } },
{ "type": "Feature", "properties": { "Name": "SOS1_N_CREST015", "Code": null, "Northing": 304361.34319, "Easting": -33626.08233, "Elevation": 577.59699, "source_file": "20260319_SOS1 points.shp", "group": "SOS1", "direction": "N", "type": "CREST", "sequence": 15, "full_name": "SOS1_N_CREST015", "should_make_line": true }, "geometry": { "type": "Point", "coordinates": [ 533551.768909137346782, 7262884.445727329701185, 577.59699450975927 ] } },
{ "type": "Feature", "properties": { "Name": "SOS1_N_CREST016", "Code": null, "Northing": 304365.0246, "Easting": -33626.96783, "Elevation": 578.47812, "source_file": "20260319_SOS1 points.shp", "group": "SOS1", "direction": "N", "type": "CREST", "sequence": 16, "full_name": "SOS1_N_CREST016", "should_make_line": true }, "geometry": { "type": "Point", "coordinates": [ 533552.654057306004688, 7262880.765809834003448, 578.478120246391882 ] } },
{ "type": "Feature", "properties": { "Name": "SOS1_N_CREST017", "Code": null, "Northing": 304368.49336000002, "Easting": -33627.84702, "Elevation": 579.32486, "source_file": "20260319_SOS1 points.shp", "group": "SOS1", "direction": "N", "type": "CREST", "sequence": 17, "full_name": "SOS1_N_CREST017", "should_make_line": true }, "geometry": { "type": "Point", "coordinates": [ 533553.532902903156355, 7262877.298456283286214, 579.324858419911493 ] } },
{ "type": "Feature", "properties": { "Name": "SOS1_N_CREST018", "Code": null, "Northing": 304371.83766999998, "Easting": -33628.74272, "Elevation": 580.11981, "source_file": "20260319_SOS1 points.shp", "group": "SOS1", "direction": "N", "type": "CREST", "sequence": 18, "full_name": "SOS1_N_CREST018", "should_make_line": true }, "geometry": { "type": "Point", "coordinates": [ 533554.428245197050273, 7262873.955510528758168, 580.119808122583095 ] } },
{ "type": "Feature", "properties": { "Name": "SOS1_N_CREST019", "Code": null, "Northing": 304375.56947, "Easting": -33629.67384, "Elevation": 581.075, "source_file": "20260319_SOS1 points.shp", "group": "SOS1", "direction": "N", "type": "CREST", "sequence": 19, "full_name": "SOS1_N_CREST019", "should_make_line": true }, "geometry": { "type": "Point", "coordinates": [ 533555.359000345459208, 7262870.225217369385064, 581.074998887441893 ] } },
{ "type": "Feature", "properties": { "Name": "SOS1_N_CREST020", "Code": null, "Northing": 304379.27604000003, "Easting": -33630.70829, "Elevation": 581.94691, "source_file": "20260319_SOS1 points.shp", "group": "SOS1", "direction": "N", "type": "CREST", "sequence": 20, "full_name": "SOS1_N_CREST020", "should_make_line": true }, "geometry": { "type": "Point", "coordinates": [ 533556.393043510382995, 7262866.520154404453933, 581.946907716336455 ] } },
{ "type": "Feature", "properties": { "Name": "SOS1_N_CREST021", "Code": null, "Northing": 304383.75251999998, "Easting": -33631.89412, "Elevation": 583.071, "source_file": "20260319_SOS1 points.shp", "group": "SOS1", "direction": "N", "type": "CREST", "sequence": 21, "full_name": "SOS1_N_CREST021", "should_make_line": true }, "geometry": { "type": "Point", "coordinates": [ 533557.578404085128568, 7262862.045488206669688, 583.070996675123524 ] } },
{ "type": "Feature", "properties": { "Name": "SOS1_N_CREST022", "Code": null, "Northing": 304387.93092000001, "Easting": -33633.04903, "Elevation": 584.06486, "source_file": "20260319_SOS1 points.shp", "group": "SOS1", "direction": "N", "type": "CREST", "sequence": 22, "full_name": "SOS1_N_CREST022", "should_make_line": true }, "geometry": { "type": "Point", "coordinates": [ 533558.732856858870946, 7262857.868782436475158, 584.064861952117781 ] } },
{ "type": "Feature", "properties": { "Name": "SOS1_N_CREST023", "Code": null, "Northing": 304391.82243, "Easting": -33634.23213, "Elevation": 585.02735, "source_file": "20260319_SOS1 points.shp", "group": "SOS1", "direction": "N", "type": "CREST", "sequence": 23, "full_name": "SOS1_N_CREST023", "should_make_line": true }, "geometry": { "type": "Point", "coordinates": [ 533559.915489293285646, 7262853.978852193802595, 585.027353575997722 ] } },
{ "type": "Feature", "properties": { "Name": "SOS1_N_CREST024", "Code": null, "Northing": 304395.79037, "Easting": -33635.41156, "Elevation": 585.98836, "source_file": "20260319_SOS1 points.shp", "group": "SOS1", "direction": "N", "type": "CREST", "sequence": 24, "full_name": "SOS1_N_CREST024", "should_make_line": true }, "geometry": { "type": "Point", "coordinates": [ 533561.094446697970852, 7262850.012519184499979, 585.988362878892531 ] } },
{ "type": "Feature", "properties": { "Name": "SOS1_N_CREST025", "Code": null, "Northing": 304399.24586000002, "Easting": -33636.41647, "Elevation": 586.84064, "source_file": "20260319_SOS1 points.shp", "group": "SOS1", "direction": "N", "type": "CREST", "sequence": 25, "full_name": "SOS1_N_CREST025", "should_make_line": true }, "geometry": { "type": "Point", "coordinates": [ 533562.098955703317188, 7262846.558432921767235, 586.84064215573926 ] } },
{ "type": "Feature", "properties": { "Name": "SOS1_N_CREST026", "Code": null, "Northing": 304403.04502999998, "Easting": -33637.71247, "Elevation": 587.77788, "source_file": "20260319_SOS1 points.shp", "group": "SOS1", "direction": "N", "type": "CREST", "sequence": 26, "full_name": "SOS1_N_CREST026", "should_make_line": true }, "geometry": { "type": "Point", "coordinates": [ 533563.394448379985988, 7262842.760803086683154, 587.777882535554113 ] } },
{ "type": "Feature", "properties": { "Name": "SOS1_N_CREST027", "Code": null, "Northing": 304406.60817999998, "Easting": -33638.8453, "Elevation": 588.62085, "source_file": "20260319_SOS1 points.shp", "group": "SOS1", "direction": "N", "type": "CREST", "sequence": 27, "full_name": "SOS1_N_CREST027", "should_make_line": true }, "geometry": { "type": "Point", "coordinates": [ 533564.526825834182091, 7262839.199099991470575, 588.62084593209795 ] } },
{ "type": "Feature", "properties": { "Name": "SOS1_N_CREST028", "Code": null, "Northing": 304409.86408000003, "Easting": -33640.01045, "Elevation": 589.38592, "source_file": "20260319_SOS1 points.shp", "group": "SOS1", "direction": "N", "type": "CREST", "sequence": 28, "full_name": "SOS1_N_CREST028", "should_make_line": true }, "geometry": { "type": "Point", "coordinates": [ 533565.691513493773527, 7262835.944511719048023, 589.385916476517536 ] } },
{ "type": "Feature", "properties": { "Name": "SOS1_N_CREST029", "Code": null, "Northing": 304413.62766, "Easting": -33641.26043, "Elevation": 590.25649, "source_file": "20260319_SOS1 points.shp", "group": "SOS1", "direction": "N", "type": "CREST", "sequence": 29, "full_name": "SOS1_N_CREST029", "should_make_line": true }, "geometry": { "type": "Point", "coordinates": [ 533566.940988467773423, 7262832.182459253817797, 590.256494257860709 ] } },
{ "type": "Feature", "properties": { "Name": "SOS1_N_CREST030", "Code": null, "Northing": 304417.4376, "Easting": -33642.69811, "Elevation": 591.14223, "source_file": "20260319_SOS1 points.shp", "group": "SOS1", "direction": "N", "type": "CREST", "sequence": 30, "full_name": "SOS1_N_CREST030", "should_make_line": true }, "geometry": { "type": "Point", "coordinates": [ 533568.378097748267464, 7262828.374067703261971, 591.142227715130389 ] } },
{ "type": "Feature", "properties": { "Name": "SOS1_N_CREST031", "Code": null, "Northing": 304422.15324999997, "Easting": -33644.31401, "Elevation": 592.20459, "source_file": "20260319_SOS1 points.shp", "group": "SOS1", "direction": "N", "type": "CREST", "sequence": 31, "full_name": "SOS1_N_CREST031", "should_make_line": true }, "geometry": { "type": "Point", "coordinates": [ 533569.993352729361504, 7262823.660331934690475, 592.204588172811327 ] } },
{ "type": "Feature", "properties": { "Name": "SOS1_N_CREST032", "Code": null, "Northing": 304425.47704000003, "Easting": -33645.38557, "Elevation": 592.94379, "source_file": "20260319_SOS1 points.shp", "group": "SOS1", "direction": "N", "type": "CREST", "sequence": 32, "full_name": "SOS1_N_CREST032", "should_make_line": true }, "geometry": { "type": "Point", "coordinates": [ 533571.064487291732803, 7262820.33789031393826, 592.943790252822964 ] } },
{ "type": "Feature", "properties": { "Name": "SOS1_N_CREST033", "Code": null, "Northing": 304429.91251, "Easting": -33646.88723, "Elevation": 593.91105, "source_file": "20260319_SOS1 points.shp", "group": "SOS1", "direction": "N", "type": "CREST", "sequence": 33, "full_name": "SOS1_N_CREST033", "should_make_line": true }, "geometry": { "type": "Point", "coordinates": [ 533572.565553550841287, 7262815.904210532084107, 593.911054209901295 ] } },
{ "type": "Feature", "properties": { "Name": "SOS1_N_CREST034", "Code": null, "Northing": 304433.15792000003, "Easting": -33647.91761, "Elevation": 594.69802, "source_file": "20260319_SOS1 points.shp", "group": "SOS1", "direction": "N", "type": "CREST", "sequence": 34, "full_name": "SOS1_N_CREST034", "should_make_line": true }, "geometry": { "type": "Point", "coordinates": [ 533573.595527668716386, 7262812.660117974504828, 594.698022170970603 ] } },
{ "type": "Feature", "properties": { "Name": "SOS1_N_CREST035", "Code": null, "Northing": 304437.14189000003, "Easting": -33649.25475, "Elevation": 595.58169, "source_file": "20260319_SOS1 points.shp", "group": "SOS1", "direction": "N", "type": "CREST", "sequence": 35, "full_name": "SOS1_N_CREST035", "should_make_line": true }, "geometry": { "type": "Point", "coordinates": [ 533574.932136456482112, 7262808.67776783183217, 595.581690875331674 ] } },
{ "type": "Feature", "properties": { "Name": "SOS1_N_CREST036", "Code": null, "Northing": 304441.62404999998, "Easting": -33650.67317, "Elevation": 596.6767, "source_file": "20260319_SOS1 points.shp", "group": "SOS1", "direction": "N", "type": "CREST", "sequence": 36, "full_name": "SOS1_N_CREST036", "should_make_line": true }, "geometry": { "type": "Point", "coordinates": [ 533576.349991680122912, 7262804.197427011094987, 596.676696535501492 ] } },
{ "type": "Feature", "properties": { "Name": "SOS1_N_CREST037", "Code": null, "Northing": 304445.95992, "Easting": -33652.02258, "Elevation": 597.67492, "source_file": "20260319_SOS1 points.shp", "group": "SOS1", "direction": "N", "type": "CREST", "sequence": 37, "full_name": "SOS1_N_CREST037", "should_make_line": true }, "geometry": { "type": "Point", "coordinates": [ 533577.698860113392584, 7262799.863308077678084, 597.674916506304612 ] } },
{ "type": "Feature", "properties": { "Name": "SOS1_N_CREST038", "Code": null, "Northing": 304450.21581000002, "Easting": -33653.34392, "Elevation": 598.71743, "source_file": "20260319_SOS1 points.shp", "group": "SOS1", "direction": "N", "type": "CREST", "sequence": 38, "full_name": "SOS1_N_CREST038", "should_make_line": true }, "geometry": { "type": "Point", "coordinates": [ 533579.019681707490236, 7262795.609149805270135, 598.717425267378076 ] } },
{ "type": "Feature", "properties": { "Name": "SOS1_N_CREST039", "Code": null, "Northing": 304453.92381000001, "Easting": -33654.36759, "Elevation": 599.69076, "source_file": "20260319_SOS1 points.shp", "group": "SOS1", "direction": "N", "type": "CREST", "sequence": 39, "full_name": "SOS1_N_CREST039", "should_make_line": true }, "geometry": { "type": "Point", "coordinates": [ 533580.042945571243763, 7262791.90265597961843, 599.690761904345891 ] } },
{ "type": "Feature", "properties": { "Name": "SOS1_N_CREST040", "Code": null, "Northing": 304458.69356, "Easting": -33655.55641, "Elevation": 600.88661, "source_file": "20260319_SOS1 points.shp", "group": "SOS1", "direction": "N", "type": "CREST", "sequence": 40, "full_name": "SOS1_N_CREST040", "should_make_line": true }, "geometry": { "type": "Point", "coordinates": [ 533581.231297116377391, 7262787.134831394068897, 600.886614323499543 ] } },
{ "type": "Feature", "properties": { "Name": "SOS1_N_CREST041", "Code": null, "Northing": 304464.16583000001, "Easting": -33657.05693, "Elevation": 602.2474, "source_file": "20260319_SOS1 points.shp", "group": "SOS1", "direction": "N", "type": "CREST", "sequence": 41, "full_name": "SOS1_N_CREST041", "should_make_line": true }, "geometry": { "type": "Point", "coordinates": [ 533582.731222033500671, 7262781.664788717404008, 602.247401639659188 ] } },
{ "type": "Feature", "properties": { "Name": "SOS1_N_CREST042", "Code": null, "Northing": 304468.03576, "Easting": -33657.95262, "Elevation": 603.12221, "source_file": "20260319_SOS1 points.shp", "group": "SOS1", "direction": "N", "type": "CREST", "sequence": 42, "full_name": "SOS1_N_CREST042", "should_make_line": true }, "geometry": { "type": "Point", "coordinates": [ 533583.626558830030262, 7262777.796420955099165, 603.122211894365705 ] } },
{ "type": "Feature", "properties": { "Name": "SOS1_N_CREST043", "Code": null, "Northing": 304472.22771000001, "Easting": -33659.07079, "Elevation": 604.10388, "source_file": "20260319_SOS1 points.shp", "group": "SOS1", "direction": "N", "type": "CREST", "sequence": 43, "full_name": "SOS1_N_CREST043", "should_make_line": true }, "geometry": { "type": "Point", "coordinates": [ 533584.744284034240991, 7262773.606177171692252, 604.10388077058019 ] } },
{ "type": "Feature", "properties": { "Name": "SOS1_N_CREST044", "Code": null, "Northing": 304476.69383, "Easting": -33660.21627, "Elevation": 605.14913, "source_file": "20260319_SOS1 points.shp", "group": "SOS1", "direction": "N", "type": "CREST", "sequence": 44, "full_name": "SOS1_N_CREST044", "should_make_line": true }, "geometry": { "type": "Point", "coordinates": [ 533585.889314086991362, 7262769.141868016682565, 605.149130219728022 ] } },
{ "type": "Feature", "properties": { "Name": "SOS1_N_CREST045", "Code": null, "Northing": 304480.61547000002, "Easting": -33661.18175, "Elevation": 606.07463, "source_file": "20260319_SOS1 points.shp", "group": "SOS1", "direction": "N", "type": "CREST", "sequence": 45, "full_name": "SOS1_N_CREST045", "should_make_line": true }, "geometry": { "type": "Point", "coordinates": [ 533586.854411698295735, 7262765.221816212870181, 606.074628300218478 ] } },
{ "type": "Feature", "properties": { "Name": "SOS1_N_CREST046", "Code": null, "Northing": 304485.21522999997, "Easting": -33662.1614, "Elevation": 607.21996, "source_file": "20260319_SOS1 points.shp", "group": "SOS1", "direction": "N", "type": "CREST", "sequence": 46, "full_name": "SOS1_N_CREST046", "should_make_line": true }, "geometry": { "type": "Point", "coordinates": [ 533587.833675209083594, 7262760.623924775980413, 607.219964786999981 ] } },
{ "type": "Feature", "properties": { "Name": "SOS1_N_CREST047", "Code": null, "Northing": 304488.63924, "Easting": -33662.82418, "Elevation": 607.99815, "source_file": "20260319_SOS1 points.shp", "group": "SOS1", "direction": "N", "type": "CREST", "sequence": 47, "full_name": "SOS1_N_CREST047", "should_make_line": true }, "geometry": { "type": "Point", "coordinates": [ 533588.496192349586636, 7262757.201295898295939, 607.998147082582477 ] } },
{ "type": "Feature", "properties": { "Name": "SOS1_N_CREST048", "Code": null, "Northing": 304491.73677999998, "Easting": -33663.34777, "Elevation": 608.76152, "source_file": "20260319_SOS1 points.shp", "group": "SOS1", "direction": "N", "type": "CREST", "sequence": 48, "full_name": "SOS1_N_CREST048", "should_make_line": true }, "geometry": { "type": "Point", "coordinates": [ 533589.0195820229128, 7262754.105011406354606, 608.761516905375402 ] } },
{ "type": "Feature", "properties": { "Name": "SOS1_N_CREST049", "Code": null, "Northing": 304495.90704000002, "Easting": -33663.98799, "Elevation": 609.83913, "source_file": "20260319_SOS1 points.shp", "group": "SOS1", "direction": "N", "type": "CREST", "sequence": 49, "full_name": "SOS1_N_CREST049", "should_make_line": true }, "geometry": { "type": "Point", "coordinates": [ 533589.659548765397631, 7262749.936444532126188, 609.839130024293468 ] } },
{ "type": "Feature", "properties": { "Name": "SOS1_N_CREST050", "Code": null, "Northing": 304500.67513, "Easting": -33664.68385, "Elevation": 611.04801, "source_file": "20260319_SOS1 points.shp", "group": "SOS1", "direction": "N", "type": "CREST", "sequence": 50, "full_name": "SOS1_N_CREST050", "should_make_line": true }, "geometry": { "type": "Point", "coordinates": [ 533590.355145465931855, 7262745.170286890119314, 611.04801226865402 ] } },
{ "type": "Feature", "properties": { "Name": "SOS1_N_CREST051", "Code": null, "Northing": 304505.40314000001, "Easting": -33665.38594, "Elevation": 612.26844, "source_file": "20260319_SOS1 points.shp", "group": "SOS1", "direction": "N", "type": "CREST", "sequence": 51, "full_name": "SOS1_N_CREST051", "should_make_line": true }, "geometry": { "type": "Point", "coordinates": [ 533591.056961890892126, 7262740.444193536415696, 612.268439777315621 ] } },
{ "type": "Feature", "properties": { "Name": "SOS1_N_CREST052", "Code": null, "Northing": 304509.19571, "Easting": -33665.82175, "Elevation": 613.2311, "source_file": "20260319_SOS1 points.shp", "group": "SOS1", "direction": "N", "type": "CREST", "sequence": 52, "full_name": "SOS1_N_CREST052", "should_make_line": true }, "geometry": { "type": "Point", "coordinates": [ 533591.492603805614635, 7262736.653161182999611, 613.231097515075135 ] } },
{ "type": "Feature", "properties": { "Name": "SOS1_N_CREST053", "Code": null, "Northing": 304513.30313000001, "Easting": -33666.1618, "Elevation": 614.2869, "source_file": "20260319_SOS1 points.shp", "group": "SOS1", "direction": "N", "type": "CREST", "sequence": 53, "full_name": "SOS1_N_CREST053", "should_make_line": true }, "geometry": { "type": "Point", "coordinates": [ 533591.832532792002894, 7262732.547409677878022, 614.286897459880606 ] } },
{ "type": "Feature", "properties": { "Name": "SOS1_N_CREST054", "Code": null, "Northing": 304516.96185000002, "Easting": -33666.43934, "Elevation": 615.25867, "source_file": "20260319_SOS1 points.shp", "group": "SOS1", "direction": "N", "type": "CREST", "sequence": 54, "full_name": "SOS1_N_CREST054", "should_make_line": true }, "geometry": { "type": "Point", "coordinates": [ 533592.109960992704146, 7262728.890171692706645, 615.258668788796967 ] } },
{ "type": "Feature", "properties": { "Name": "SOS1_N_CREST055", "Code": null, "Northing": 304519.48877, "Easting": -33666.63594, "Elevation": 615.87764, "source_file": "20260319_SOS1 points.shp", "group": "SOS1", "direction": "N", "type": "CREST", "sequence": 55, "full_name": "SOS1_N_CREST055", "should_make_line": true }, "geometry": { "type": "Point", "coordinates": [ 533592.306489937473089, 7262726.364282559603453, 615.877637405122073 ] } },
{ "type": "Feature", "properties": { "Name": "SOS1_N_CREST056", "Code": null, "Northing": 304525.99397000001, "Easting": -33667.15008, "Elevation": 617.47779, "source_file": "20260319_SOS1 points.shp", "group": "SOS1", "direction": "N", "type": "CREST", "sequence": 56, "full_name": "SOS1_N_CREST056", "should_make_line": true }, "geometry": { "type": "Point", "coordinates": [ 533592.820437159040011, 7262719.861721765249968, 617.477787699536066 ] } },
{ "type": "Feature", "properties": { "Name": "SOS1_N_CREST057", "Code": null, "Northing": 304532.46207000001, "Easting": -33667.8245, "Elevation": 618.95674, "source_file": "20260319_SOS1 points.shp", "group": "SOS1", "direction": "N", "type": "CREST", "sequence": 57, "full_name": "SOS1_N_CREST057", "should_make_line": true }, "geometry": { "type": "Point", "coordinates": [ 533593.494601639336906, 7262713.396243788301945, 618.956736048953985 ] } },
{ "type": "Feature", "properties": { "Name": "SOS1_N_CREST058", "Code": null, "Northing": 304536.9471, "Easting": -33668.24569, "Elevation": 619.89192, "source_file": "20260319_SOS1 points.shp", "group": "SOS1", "direction": "N", "type": "CREST", "sequence": 58, "full_name": "SOS1_N_CREST058", "should_make_line": true }, "geometry": { "type": "Point", "coordinates": [ 533593.915626456029713, 7262708.913032208569348, 619.891918938784443 ] } },
{ "type": "Feature", "properties": { "Name": "SOS1_N_CREST059", "Code": null, "Northing": 304541.57653000002, "Easting": -33668.86978, "Elevation": 620.88442, "source_file": "20260319_SOS1 points.shp", "group": "SOS1", "direction": "N", "type": "CREST", "sequence": 59, "full_name": "SOS1_N_CREST059", "should_make_line": true }, "geometry": { "type": "Point", "coordinates": [ 533594.539477222599089, 7262704.285474736243486, 620.884419848692232 ] } },
{ "type": "Feature", "properties": { "Name": "SOS1_N_CREST060", "Code": null, "Northing": 304546.57635, "Easting": -33669.48997, "Elevation": 621.8967, "source_file": "20260319_SOS1 points.shp", "group": "SOS1", "direction": "N", "type": "CREST", "sequence": 60, "full_name": "SOS1_N_CREST060", "should_make_line": true }, "geometry": { "type": "Point", "coordinates": [ 533595.159424038138241, 7262699.28767872415483, 621.896702324284433 ] } },
{ "type": "Feature", "properties": { "Name": "SOS1_N_CREST061", "Code": null, "Northing": 304552.06367, "Easting": -33670.05374, "Elevation": 623.03501, "source_file": "20260319_SOS1 points.shp", "group": "SOS1", "direction": "N", "type": "CREST", "sequence": 61, "full_name": "SOS1_N_CREST061", "should_make_line": true }, "geometry": { "type": "Point", "coordinates": [ 533595.722975946497172, 7262693.802584927529097, 623.035005582118174 ] } },
{ "type": "Feature", "properties": { "Name": "SOS1_N_CREST062", "Code": null, "Northing": 304557.09311000002, "Easting": -33670.54979, "Elevation": 624.17265, "source_file": "20260319_SOS1 points.shp", "group": "SOS1", "direction": "N", "type": "CREST", "sequence": 62, "full_name": "SOS1_N_CREST062", "should_make_line": true }, "geometry": { "type": "Point", "coordinates": [ 533596.218843860202469, 7262688.775185216218233, 624.172651274638497 ] } },
{ "type": "Feature", "properties": { "Name": "SOS1_N_CREST063", "Code": null, "Northing": 304561.65952, "Easting": -33671.09906, "Elevation": 625.14382, "source_file": "20260319_SOS1 points.shp", "group": "SOS1", "direction": "N", "type": "CREST", "sequence": 63, "full_name": "SOS1_N_CREST063", "should_make_line": true }, "geometry": { "type": "Point", "coordinates": [ 533596.767894721473567, 7262684.21063095703721, 625.143817519845129 ] } },
{ "type": "Feature", "properties": { "Name": "SOS1_N_CREST064", "Code": null, "Northing": 304567.87488999998, "Easting": -33671.77004, "Elevation": 626.47712, "source_file": "20260319_SOS1 points.shp", "group": "SOS1", "direction": "N", "type": "CREST", "sequence": 64, "full_name": "SOS1_N_CREST064", "should_make_line": true }, "geometry": { "type": "Point", "coordinates": [ 533597.438616940635256, 7262677.997780162841082, 626.477120937697691 ] } },
{ "type": "Feature", "properties": { "Name": "SOS1_N_CREST065", "Code": null, "Northing": 304572.64977000002, "Easting": -33672.20475, "Elevation": 627.54965, "source_file": "20260319_SOS1 points.shp", "group": "SOS1", "direction": "N", "type": "CREST", "sequence": 65, "full_name": "SOS1_N_CREST065", "should_make_line": true }, "geometry": { "type": "Point", "coordinates": [ 533597.87316210148856, 7262673.224833232350647, 627.549645982684183 ] } },
{ "type": "Feature", "properties": { "Name": "SOS1_N_CREST066", "Code": null, "Northing": 304581.17754, "Easting": -33673.0916, "Elevation": 629.32624, "source_file": "20260319_SOS1 points.shp", "group": "SOS1", "direction": "N", "type": "CREST", "sequence": 66, "full_name": "SOS1_N_CREST066", "should_make_line": true }, "geometry": { "type": "Point", "coordinates": [ 533598.759676894289441, 7262664.70052282512188, 629.326235993619548 ] } },
{ "type": "Feature", "properties": { "Name": "SOS1_N_CREST067", "Code": null, "Northing": 304586.73663, "Easting": -33673.62403, "Elevation": 630.43006, "source_file": "20260319_SOS1 points.shp", "group": "SOS1", "direction": "N", "type": "CREST", "sequence": 67, "full_name": "SOS1_N_CREST067", "should_make_line": true }, "geometry": { "type": "Point", "coordinates": [ 533599.291898562340066, 7262659.143680377863348, 630.430056636290828 ] } },
{ "type": "Feature", "properties": { "Name": "SOS1_N_CREST068", "Code": null, "Northing": 304592.60901999997, "Easting": -33673.3598, "Elevation": 631.88208, "source_file": "20260319_SOS1 points.shp", "group": "SOS1", "direction": "N", "type": "CREST", "sequence": 68, "full_name": "SOS1_N_CREST068", "should_make_line": true }, "geometry": { "type": "Point", "coordinates": [ 533599.027789344079792, 7262653.273674486204982, 631.882079110570771 ] } },
{ "type": "Feature", "properties": { "Name": "SOS1_N_CREST069", "Code": null, "Northing": 304596.31438, "Easting": -33674.67495, "Elevation": 632.41666, "source_file": "20260319_SOS1 points.shp", "group": "SOS1", "direction": "N", "type": "CREST", "sequence": 69, "full_name": "SOS1_N_CREST069", "should_make_line": true }, "geometry": { "type": "Point", "coordinates": [ 533600.34241808752995, 7262649.569815495982766, 632.416661638851679 ] } },
{ "type": "Feature", "properties": { "Name": "SOS1_N_CREST070", "Code": null, "Northing": 304600.87097, "Easting": -33675.15692, "Elevation": 633.32948, "source_file": "20260319_SOS1 points.shp", "group": "SOS1", "direction": "N", "type": "CREST", "sequence": 70, "full_name": "SOS1_N_CREST070", "should_make_line": true }, "geometry": { "type": "Point", "coordinates": [ 533600.824199949507602, 7262645.015073552727699, 633.329475981302494 ] } },
{ "type": "Feature", "properties": { "Name": "SOS1_N_CREST071", "Code": null, "Northing": 304606.28155000001, "Easting": -33675.75551, "Elevation": 634.38918, "source_file": "20260319_SOS1 points.shp", "group": "SOS1", "direction": "N", "type": "CREST", "sequence": 71, "full_name": "SOS1_N_CREST071", "should_make_line": true }, "geometry": { "type": "Point", "coordinates": [ 533601.422558148857206, 7262639.606688620522618, 634.38918307981146 ] } },
{ "type": "Feature", "properties": { "Name": "SOS1_N_CREST072", "Code": null, "Northing": 304610.63452999998, "Easting": -33676.32726, "Elevation": 635.26684, "source_file": "20260319_SOS1 points.shp", "group": "SOS1", "direction": "N", "type": "CREST", "sequence": 72, "full_name": "SOS1_N_CREST072", "should_make_line": true }, "geometry": { "type": "Point", "coordinates": [ 533601.99408107472118, 7262635.255471392534673, 635.266843949313056 ] } },
{ "type": "Feature", "properties": { "Name": "SOS1_N_CREST073", "Code": null, "Northing": 304615.36948, "Easting": -33676.96664, "Elevation": 636.19976, "source_file": "20260319_SOS1 points.shp", "group": "SOS1", "direction": "N", "type": "CREST", "sequence": 73, "full_name": "SOS1_N_CREST073", "should_make_line": true }, "geometry": { "type": "Point", "coordinates": [ 533602.633215713198297, 7262630.522437138482928, 636.199756026122145 ] } },
{ "type": "Feature", "properties": { "Name": "SOS1_N_CREST074", "Code": null, "Northing": 304620.40771, "Easting": -33677.6978, "Elevation": 637.13273, "source_file": "20260319_SOS1 points.shp", "group": "SOS1", "direction": "N", "type": "CREST", "sequence": 74, "full_name": "SOS1_N_CREST074", "should_make_line": true }, "geometry": { "type": "Point", "coordinates": [ 533603.364090365590528, 7262625.486249465495348, 637.132730242574894 ] } },
{ "type": "Feature", "properties": { "Name": "SOS1_N_CREST075", "Code": null, "Northing": 304623.63321, "Easting": -33678.1643, "Elevation": 637.79058, "source_file": "20260319_SOS1 points.shp", "group": "SOS1", "direction": "N", "type": "CREST", "sequence": 75, "full_name": "SOS1_N_CREST075", "should_make_line": true }, "geometry": { "type": "Point", "coordinates": [ 533603.830404608859681, 7262622.262057721614838, 637.790579751721339 ] } },
{ "type": "Feature", "properties": { "Name": "SOS1_N_CREST076", "Code": null, "Northing": 304627.92742999998, "Easting": -33678.79006, "Elevation": 638.58383, "source_file": "20260319_SOS1 points.shp", "group": "SOS1", "direction": "N", "type": "CREST", "sequence": 76, "full_name": "SOS1_N_CREST076", "should_make_line": true }, "geometry": { "type": "Point", "coordinates": [ 533604.455917562823743, 7262617.969583328813314, 638.583825748188474 ] } },
{ "type": "Feature", "properties": { "Name": "SOS1_N_CREST077", "Code": null, "Northing": 304631.75783999998, "Easting": -33679.40618, "Elevation": 639.32211, "source_file": "20260319_SOS1 points.shp", "group": "SOS1", "direction": "N", "type": "CREST", "sequence": 77, "full_name": "SOS1_N_CREST077", "should_make_line": true }, "geometry": { "type": "Point", "coordinates": [ 533605.071801809943281, 7262614.140723314136267, 639.322109514561134 ] } },
{ "type": "Feature", "properties": { "Name": "SOS1_N_CREST078", "Code": null, "Northing": 304636.74649, "Easting": -33680.21014, "Elevation": 640.2781, "source_file": "20260319_SOS1 points.shp", "group": "SOS1", "direction": "N", "type": "CREST", "sequence": 78, "full_name": "SOS1_N_CREST078", "should_make_line": true }, "geometry": { "type": "Point", "coordinates": [ 533605.875442335964181, 7262609.15408974327147, 640.278103867521963 ] } },
{ "type": "Feature", "properties": { "Name": "SOS1_N_CREST079", "Code": null, "Northing": 304640.59204000002, "Easting": -33680.79031, "Elevation": 640.9391, "source_file": "20260319_SOS1 points.shp", "group": "SOS1", "direction": "N", "type": "CREST", "sequence": 79, "full_name": "SOS1_N_CREST079", "should_make_line": true }, "geometry": { "type": "Point", "coordinates": [ 533606.455388808739372, 7262605.310104746371508, 640.939096528282789 ] } },
{ "type": "Feature", "properties": { "Name": "SOS1_N_CREST080", "Code": null, "Northing": 304643.99741000001, "Easting": -33681.34671, "Elevation": 641.52577, "source_file": "20260319_SOS1 points.shp", "group": "SOS1", "direction": "N", "type": "CREST", "sequence": 80, "full_name": "SOS1_N_CREST080", "should_make_line": true }, "geometry": { "type": "Point", "coordinates": [ 533607.011569706257433, 7262601.906110605224967, 641.525770095319444 ] } },
{ "type": "Feature", "properties": { "Name": "SOS1_N_CREST081", "Code": null, "Northing": 304647.79398000002, "Easting": -33682.01245, "Elevation": 642.19083, "source_file": "20260319_SOS1 points.shp", "group": "SOS1", "direction": "N", "type": "CREST", "sequence": 81, "full_name": "SOS1_N_CREST081", "should_make_line": true }, "geometry": { "type": "Point", "coordinates": [ 533607.677039437345229, 7262598.111079588532448, 642.190830457785523 ] } },
{ "type": "Feature", "properties": { "Name": "SOS1_N_CREST082", "Code": null, "Northing": 304651.88107, "Easting": -33682.79913, "Elevation": 642.96868, "source_file": "20260319_SOS1 points.shp", "group": "SOS1", "direction": "N", "type": "CREST", "sequence": 82, "full_name": "SOS1_N_CREST082", "should_make_line": true }, "geometry": { "type": "Point", "coordinates": [ 533608.463416945654899, 7262594.025649485178292, 642.968683431305976 ] } },
{ "type": "Feature", "properties": { "Name": "SOS1_N_CREST083", "Code": null, "Northing": 304655.73439, "Easting": -33683.51789, "Elevation": 643.65386, "source_file": "20260319_SOS1 points.shp", "group": "SOS1", "direction": "N", "type": "CREST", "sequence": 83, "full_name": "SOS1_N_CREST083", "should_make_line": true }, "geometry": { "type": "Point", "coordinates": [ 533609.181891587097198, 7262590.173888988792896, 643.653861714248251 ] } },
{ "type": "Feature", "properties": { "Name": "SOS1_N_CREST084", "Code": null, "Northing": 304659.88723, "Easting": -33684.3357, "Elevation": 644.311, "source_file": "20260319_SOS1 points.shp", "group": "SOS1", "direction": "N", "type": "CREST", "sequence": 84, "full_name": "SOS1_N_CREST084", "should_make_line": true }, "geometry": { "type": "Point", "coordinates": [ 533609.999370681587607, 7262586.022736635990441, 644.310997434460091 ] } },
{ "type": "Feature", "properties": { "Name": "SOS1_N_CREST085", "Code": null, "Northing": 304663.96201000002, "Easting": -33685.2042, "Elevation": 645.02434, "source_file": "20260319_SOS1 points.shp", "group": "SOS1", "direction": "N", "type": "CREST", "sequence": 85, "full_name": "SOS1_N_CREST085", "should_make_line": true }, "geometry": { "type": "Point", "coordinates": [ 533610.867533166194335, 7262581.949606545269489, 645.024337337753536 ] } },
{ "type": "Feature", "properties": { "Name": "SOS1_N_CREST086", "Code": null, "Northing": 304666.90087000001, "Easting": -33685.77561, "Elevation": 645.54201, "source_file": "20260319_SOS1 points.shp", "group": "SOS1", "direction": "N", "type": "CREST", "sequence": 86, "full_name": "SOS1_N_CREST086", "should_make_line": true }, "geometry": { "type": "Point", "coordinates": [ 533611.438716846634634, 7262579.011937541887164, 645.542010373569042 ] } },
{ "type": "Feature", "properties": { "Name": "SOS1_N_CREST087", "Code": null, "Northing": 304670.11193000001, "Easting": -33686.4397, "Elevation": 646.11392, "source_file": "20260319_SOS1 points.shp", "group": "SOS1", "direction": "N", "type": "CREST", "sequence": 87, "full_name": "SOS1_N_CREST087", "should_make_line": true }, "geometry": { "type": "Point", "coordinates": [ 533612.102536576217972, 7262575.802173083648086, 646.113915166799302 ] } },
{ "type": "Feature", "properties": { "Name": "SOS1_N_CREST088", "Code": null, "Northing": 304674.16041999997, "Easting": -33687.34174, "Elevation": 646.9115, "source_file": "20260319_SOS1 points.shp", "group": "SOS1", "direction": "N", "type": "CREST", "sequence": 88, "full_name": "SOS1_N_CREST088", "should_make_line": true }, "geometry": { "type": "Point", "coordinates": [ 533613.004224280361086, 7262571.755328617058694, 646.911502045562543 ] } },
{ "type": "Feature", "properties": { "Name": "SOS1_N_CREST089", "Code": null, "Northing": 304673.36112000002, "Easting": -33686.37361, "Elevation": 646.1885, "source_file": "20260319_SOS1 points.shp", "group": "SOS1", "direction": "N", "type": "CREST", "sequence": 89, "full_name": "SOS1_N_CREST089", "should_make_line": true }, "geometry": { "type": "Point", "coordinates": [ 533612.036479018861428, 7262572.554302338510752, 646.188503158311732 ] } },
{ "type": "Feature", "properties": { "Name": "SOS1_N_CREST090", "Code": null, "Northing": 304677.20033999998, "Easting": -33687.99922, "Elevation": 647.4857, "source_file": "20260319_SOS1 points.shp", "group": "SOS1", "direction": "N", "type": "CREST", "sequence": 90, "full_name": "SOS1_N_CREST090", "should_make_line": true }, "geometry": { "type": "Point", "coordinates": [ 533613.661439106334001, 7262568.716642947867513, 647.485704023602011 ] } },
{ "type": "Feature", "properties": { "Name": "SOS1_N_CREST091", "Code": null, "Northing": 304681.82014000003, "Easting": -33689.07737, "Elevation": 648.31928, "source_file": "20260319_SOS1 points.shp", "group": "SOS1", "direction": "N", "type": "CREST", "sequence": 91, "full_name": "SOS1_N_CREST091", "should_make_line": true }, "geometry": { "type": "Point", "coordinates": [ 533614.739161733421497, 7262564.098713532090187, 648.319280838550071 ] } },
{ "type": "Feature", "properties": { "Name": "SOS1_N_CREST092", "Code": null, "Northing": 304685.70677, "Easting": -33690.03808, "Elevation": 649.05533, "source_file": "20260319_SOS1 points.shp", "group": "SOS1", "direction": "N", "type": "CREST", "sequence": 92, "full_name": "SOS1_N_CREST092", "should_make_line": true }, "geometry": { "type": "Point", "coordinates": [ 533615.699490608880296, 7262560.213660434819758, 649.055325856636728 ] } },
{ "type": "Feature", "properties": { "Name": "SOS1_N_CREST093", "Code": null, "Northing": 304689.1924, "Easting": -33690.86963, "Elevation": 649.68792, "source_file": "20260319_SOS1 points.shp", "group": "SOS1", "direction": "N", "type": "CREST", "sequence": 93, "full_name": "SOS1_N_CREST093", "should_make_line": true }, "geometry": { "type": "Point", "coordinates": [ 533616.53071883728262, 7262556.729436656460166, 649.68791752908669 ] } },
{ "type": "Feature", "properties": { "Name": "SOS1_N_CREST094", "Code": null, "Northing": 304694.36728000001, "Easting": -33692.15799, "Elevation": 650.73914, "source_file": "20260319_SOS1 points.shp", "group": "SOS1", "direction": "N", "type": "CREST", "sequence": 94, "full_name": "SOS1_N_CREST094", "should_make_line": true }, "geometry": { "type": "Point", "coordinates": [ 533617.818564398679882, 7262551.556653667241335, 650.739138147856238 ] } },
{ "type": "Feature", "properties": { "Name": "SOS1_N_CREST095", "Code": null, "Northing": 304698.37568, "Easting": -33693.1402, "Elevation": 651.55392, "source_file": "20260319_SOS1 points.shp", "group": "SOS1", "direction": "N", "type": "CREST", "sequence": 95, "full_name": "SOS1_N_CREST095", "should_make_line": true }, "geometry": { "type": "Point", "coordinates": [ 533618.800387780065648, 7262547.549882281571627, 651.553923987312146 ] } },
{ "type": "Feature", "properties": { "Name": "SOS1_N_CREST096", "Code": null, "Northing": 304702.80323999998, "Easting": -33694.3268, "Elevation": 652.43119, "source_file": "20260319_SOS1 points.shp", "group": "SOS1", "direction": "N", "type": "CREST", "sequence": 96, "full_name": "SOS1_N_CREST096", "should_make_line": true }, "geometry": { "type": "Point", "coordinates": [ 533619.986514293588698, 7262543.124120080843568, 652.4311945202885 ] } },
{ "type": "Feature", "properties": { "Name": "SOS1_N_CREST097", "Code": null, "Northing": 304706.30326999997, "Easting": -33695.29955, "Elevation": 653.11375, "source_file": "20260319_SOS1 points.shp", "group": "SOS1", "direction": "N", "type": "CREST", "sequence": 97, "full_name": "SOS1_N_CREST097", "should_make_line": true }, "geometry": { "type": "Point", "coordinates": [ 533620.958874094998464, 7262539.625503279268742, 653.113749533762871 ] } },
{ "type": "Feature", "properties": { "Name": "SOS1_N_CREST098", "Code": null, "Northing": 304710.61751000001, "Easting": -33696.42834, "Elevation": 653.96553, "source_file": "20260319_SOS1 points.shp", "group": "SOS1", "direction": "N", "type": "CREST", "sequence": 98, "full_name": "SOS1_N_CREST098", "should_make_line": true }, "geometry": { "type": "Point", "coordinates": [ 533622.087218470638618, 7262535.313017390668392, 653.965525904174456 ] } },
{ "type": "Feature", "properties": { "Name": "SOS1_N_CREST099", "Code": null, "Northing": 304713.29496000003, "Easting": -33697.11911, "Elevation": 654.42581, "source_file": "20260319_SOS1 points.shp", "group": "SOS1", "direction": "N", "type": "CREST", "sequence": 99, "full_name": "SOS1_N_CREST099", "should_make_line": true }, "geometry": { "type": "Point", "coordinates": [ 533622.777717075077817, 7262532.636653398163617, 654.425813255160165 ] } },
{ "type": "Feature", "properties": { "Name": "SOS1_N_CREST100", "Code": null, "Northing": 304717.2072, "Easting": -33698.2618, "Elevation": 655.16951, "source_file": "20260319_SOS1 points.shp", "group": "SOS1", "direction": "N", "type": "CREST", "sequence": 100, "full_name": "SOS1_N_CREST100", "should_make_line": true }, "geometry": { "type": "Point", "coordinates": [ 533623.919945973437279, 7262528.725999420508742, 655.169505518124197 ] } },
{ "type": "Feature", "properties": { "Name": "SOS1_N_CREST101", "Code": null, "Northing": 304720.62855999998, "Easting": -33699.28084, "Elevation": 655.83777, "source_file": "20260319_SOS1 points.shp", "group": "SOS1", "direction": "N", "type": "CREST", "sequence": 101, "full_name": "SOS1_N_CREST101", "should_make_line": true }, "geometry": { "type": "Point", "coordinates": [ 533624.938580697053112, 7262525.306023123674095, 655.837768688038409 ] } },
{ "type": "Feature", "properties": { "Name": "SOS1_N_CREST102", "Code": null, "Northing": 304723.79019000003, "Easting": -33700.16721, "Elevation": 656.45344, "source_file": "20260319_SOS1 points.shp", "group": "SOS1", "direction": "N", "type": "CREST", "sequence": 102, "full_name": "SOS1_N_CREST102", "should_make_line": true }, "geometry": { "type": "Point", "coordinates": [ 533625.82459583459422, 7262522.145674198865891, 656.453435729040052 ] } },
{ "type": "Feature", "properties": { "Name": "SOS1_N_CREST103", "Code": null, "Northing": 304727.1771, "Easting": -33701.18551, "Elevation": 657.14425, "source_file": "20260319_SOS1 points.shp", "group": "SOS1", "direction": "N", "type": "CREST", "sequence": 103, "full_name": "SOS1_N_CREST103", "should_make_line": true }, "geometry": { "type": "Point", "coordinates": [ 533626.842498962767422, 7262518.760135913267732, 657.144249162933079 ] } },
{ "type": "Feature", "properties": { "Name": "SOS1_N_CREST104", "Code": null, "Northing": 304730.55521999998, "Easting": -33702.12675, "Elevation": 657.82626, "source_file": "20260319_SOS1 points.shp", "group": "SOS1", "direction": "N", "type": "CREST", "sequence": 104, "full_name": "SOS1_N_CREST104", "should_make_line": true }, "geometry": { "type": "Point", "coordinates": [ 533627.783365735900588, 7262515.383387997746468, 657.826255205936263 ] } },
{ "type": "Feature", "properties": { "Name": "SOS1_N_CREST105", "Code": null, "Northing": 304733.80283, "Easting": -33703.17562, "Elevation": 658.5372, "source_file": "20260319_SOS1 points.shp", "group": "SOS1", "direction": "N", "type": "CREST", "sequence": 105, "full_name": "SOS1_N_CREST105", "should_make_line": true }, "geometry": { "type": "Point", "coordinates": [ 533628.831817418104038, 7262512.137092680670321, 658.53720129828605 ] } },
{ "type": "Feature", "properties": { "Name": "SOS1_N_CREST106", "Code": null, "Northing": 304737.795, "Easting": -33704.33064, "Elevation": 659.44234, "source_file": "20260319_SOS1 points.shp", "group": "SOS1", "direction": "N", "type": "CREST", "sequence": 106, "full_name": "SOS1_N_CREST106", "should_make_line": true }, "geometry": { "type": "Point", "coordinates": [ 533629.986379284993745, 7262508.146540257148445, 659.442341009232905 ] } },
{ "type": "Feature", "properties": { "Name": "SOS1_N_CREST107", "Code": null, "Northing": 304741.57578999997, "Easting": -33705.60386, "Elevation": 660.14849, "source_file": "20260319_SOS1 points.shp", "group": "SOS1", "direction": "N", "type": "CREST", "sequence": 107, "full_name": "SOS1_N_CREST107", "should_make_line": true }, "geometry": { "type": "Point", "coordinates": [ 533631.259089876664802, 7262504.367285192012787, 660.148490286101037 ] } },
{ "type": "Feature", "properties": { "Name": "SOS1_N_CREST108", "Code": null, "Northing": 304745.6478, "Easting": -33706.82634, "Elevation": 661.00271, "source_file": "20260319_SOS1 points.shp", "group": "SOS1", "direction": "N", "type": "CREST", "sequence": 108, "full_name": "SOS1_N_CREST108", "should_make_line": true }, "geometry": { "type": "Point", "coordinates": [ 533632.481077163014561, 7262500.296926928684115, 661.002706196288955 ] } },
{ "type": "Feature", "properties": { "Name": "SOS1_N_CREST109", "Code": null, "Northing": 304749.3371, "Easting": -33707.90711, "Elevation": 661.78484, "source_file": "20260319_SOS1 points.shp", "group": "SOS1", "direction": "N", "type": "CREST", "sequence": 109, "full_name": "SOS1_N_CREST109", "should_make_line": true }, "geometry": { "type": "Point", "coordinates": [ 533633.56142103811726, 7262496.60911569558084, 661.784841547465021 ] } },
{ "type": "Feature", "properties": { "Name": "SOS1_N_CREST110", "Code": null, "Northing": 304753.85867, "Easting": -33709.33824, "Elevation": 662.74208, "source_file": "20260319_SOS1 points.shp", "group": "SOS1", "direction": "N", "type": "CREST", "sequence": 110, "full_name": "SOS1_N_CREST110", "should_make_line": true }, "geometry": { "type": "Point", "coordinates": [ 533634.991984723019414, 7262492.089385120198131, 662.742082337876468 ] } },
{ "type": "Feature", "properties": { "Name": "SOS1_N_CREST111", "Code": null, "Northing": 304758.02709, "Easting": -33710.61419, "Elevation": 663.6043, "source_file": "20260319_SOS1 points.shp", "group": "SOS1", "direction": "N", "type": "CREST", "sequence": 111, "full_name": "SOS1_N_CREST111", "should_make_line": true }, "geometry": { "type": "Point", "coordinates": [ 533636.267423554789275, 7262487.922652510926127, 663.604303181085925 ] } },
{ "type": "Feature", "properties": { "Name": "SOS1_N_CREST112", "Code": null, "Northing": 304762.1545, "Easting": -33711.94944, "Elevation": 664.49501, "source_file": "20260319_SOS1 points.shp", "group": "SOS1", "direction": "N", "type": "CREST", "sequence": 112, "full_name": "SOS1_N_CREST112", "should_make_line": true }, "geometry": { "type": "Point", "coordinates": [ 533637.602142082643695, 7262483.796913648024201, 664.495005438999442 ] } },
{ "type": "Feature", "properties": { "Name": "SOS1_N_CREST113", "Code": null, "Northing": 304762.1113, "Easting": -33711.9121, "Elevation": 664.47267, "source_file": "20260319_SOS1 points.shp", "group": "SOS1", "direction": "N", "type": "CREST", "sequence": 113, "full_name": "SOS1_N_CREST113", "should_make_line": true }, "geometry": { "type": "Point", "coordinates": [ 533637.564815498190001, 7262483.840095484629273, 664.472670836197381 ] } },
{ "type": "Feature", "properties": { "Name": "SOS1_N_CREST114", "Code": null, "Northing": 304766.06241000001, "Easting": -33713.19602, "Elevation": 665.29939, "source_file": "20260319_SOS1 points.shp", "group": "SOS1", "direction": "N", "type": "CREST", "sequence": 114, "full_name": "SOS1_N_CREST114", "should_make_line": true }, "geometry": { "type": "Point", "coordinates": [ 533638.848227730952203, 7262479.890587142668664, 665.299390913167485 ] } },
{ "type": "Feature", "properties": { "Name": "SOS1_N_CREST115", "Code": null, "Northing": 304769.55891999998, "Easting": -33714.33063, "Elevation": 666.0767, "source_file": "20260319_SOS1 points.shp", "group": "SOS1", "direction": "N", "type": "CREST", "sequence": 115, "full_name": "SOS1_N_CREST115", "should_make_line": true }, "geometry": { "type": "Point", "coordinates": [ 533639.982381890411489, 7262476.395499672740698, 666.076701633168 ] } },
{ "type": "Feature", "properties": { "Name": "SOS1_N_CREST116", "Code": null, "Northing": 304772.41241, "Easting": -33715.33674, "Elevation": 666.72167, "source_file": "20260319_SOS1 points.shp", "group": "SOS1", "direction": "N", "type": "CREST", "sequence": 116, "full_name": "SOS1_N_CREST116", "should_make_line": true }, "geometry": { "type": "Point", "coordinates": [ 533640.98809096578043, 7262473.543164825066924, 666.72167137961344 ] } },
{ "type": "Feature", "properties": { "Name": "SOS1_N_CREST117", "Code": null, "Northing": 304776.46256000001, "Easting": -33716.63431, "Elevation": 667.59965, "source_file": "20260319_SOS1 points.shp", "group": "SOS1", "direction": "N", "type": "CREST", "sequence": 117, "full_name": "SOS1_N_CREST117", "should_make_line": true }, "geometry": { "type": "Point", "coordinates": [ 533642.285145505564287, 7262469.494656185619533, 667.599654814457722 ] } },
{ "type": "Feature", "properties": { "Name": "SOS1_N_CREST118", "Code": null, "Northing": 304779.78401, "Easting": -33717.6005, "Elevation": 668.36225, "source_file": "20260319_SOS1 points.shp", "group": "SOS1", "direction": "N", "type": "CREST", "sequence": 118, "full_name": "SOS1_N_CREST118", "should_make_line": true }, "geometry": { "type": "Point", "coordinates": [ 533643.25095280224923, 7262466.174556255340576, 668.36224584803324 ] } },
{ "type": "Feature", "properties": { "Name": "SOS1_N_CREST119", "Code": null, "Northing": 304783.34727000003, "Easting": -33718.65927, "Elevation": 669.1516, "source_file": "20260319_SOS1 points.shp", "group": "SOS1", "direction": "N", "type": "CREST", "sequence": 119, "full_name": "SOS1_N_CREST119", "should_make_line": true }, "geometry": { "type": "Point", "coordinates": [ 533644.309302632929757, 7262462.612738698720932, 669.151603302937588 ] } },
{ "type": "Feature", "properties": { "Name": "SOS1_N_CREST120", "Code": null, "Northing": 304786.59563, "Easting": -33719.50536, "Elevation": 669.86082, "source_file": "20260319_SOS1 points.shp", "group": "SOS1", "direction": "N", "type": "CREST", "sequence": 120, "full_name": "SOS1_N_CREST120", "should_make_line": true }, "geometry": { "type": "Point", "coordinates": [ 533645.155057214316912, 7262459.365694387815893, 669.860818205164492 ] } },
{ "type": "Feature", "properties": { "Name": "SOS1_N_CREST121", "Code": null, "Northing": 304790.00431, "Easting": -33720.48561, "Elevation": 670.57298, "source_file": "20260319_SOS1 points.shp", "group": "SOS1", "direction": "N", "type": "CREST", "sequence": 121, "full_name": "SOS1_N_CREST121", "should_make_line": true }, "geometry": { "type": "Point", "coordinates": [ 533646.134922842145897, 7262455.9583920231089, 670.572977675371021 ] } },
{ "type": "Feature", "properties": { "Name": "SOS1_N_CREST122", "Code": null, "Northing": 304792.52294, "Easting": -33721.25178, "Elevation": 671.09139, "source_file": "20260319_SOS1 points.shp", "group": "SOS1", "direction": "N", "type": "CREST", "sequence": 122, "full_name": "SOS1_N_CREST122", "should_make_line": true }, "geometry": { "type": "Point", "coordinates": [ 533646.900784353376366, 7262453.440783460624516, 671.0913854946009 ] } },
{ "type": "Feature", "properties": { "Name": "SOS1_N_CREST123", "Code": null, "Northing": 304796.42715, "Easting": -33722.42995, "Elevation": 671.89837, "source_file": "20260319_SOS1 points.shp", "group": "SOS1", "direction": "N", "type": "CREST", "sequence": 123, "full_name": "SOS1_N_CREST123", "should_make_line": true }, "geometry": { "type": "Point", "coordinates": [ 533648.078484837547876, 7262449.538158133625984, 671.898368531203914 ] } },
{ "type": "Feature", "properties": { "Name": "SOS1_N_CREST124", "Code": null, "Northing": 304799.91778000002, "Easting": -33723.43805, "Elevation": 672.62888, "source_file": "20260319_SOS1 points.shp", "group": "SOS1", "direction": "N", "type": "CREST", "sequence": 124, "full_name": "SOS1_N_CREST124", "should_make_line": true }, "geometry": { "type": "Point", "coordinates": [ 533649.086189714609645, 7262446.048942629247904, 672.628877673143847 ] } },
{ "type": "Feature", "properties": { "Name": "SOS1_N_CREST125", "Code": null, "Northing": 304803.13562000002, "Easting": -33724.33254, "Elevation": 673.3651, "source_file": "20260319_SOS1 points.shp", "group": "SOS1", "direction": "N", "type": "CREST", "sequence": 125, "full_name": "SOS1_N_CREST125", "should_make_line": true }, "geometry": { "type": "Point", "coordinates": [ 533649.980320915929042, 7262442.832408710382879, 673.365097432077278 ] } },
{ "type": "Feature", "properties": { "Name": "SOS1_N_CREST126", "Code": null, "Northing": 304806.54567999998, "Easting": -33725.32452, "Elevation": 674.0539, "source_file": "20260319_SOS1 points.shp", "group": "SOS1", "direction": "N", "type": "CREST", "sequence": 126, "full_name": "SOS1_N_CREST126", "should_make_line": true }, "geometry": { "type": "Point", "coordinates": [ 533650.971911452827044, 7262439.423736188560724, 674.053903359317133 ] } },
{ "type": "Feature", "properties": { "Name": "SOS1_N_CREST127", "Code": null, "Northing": 304809.13913000003, "Easting": -33726.14307, "Elevation": 674.61513, "source_file": "20260319_SOS1 points.shp", "group": "SOS1", "direction": "N", "type": "CREST", "sequence": 127, "full_name": "SOS1_N_CREST127", "should_make_line": true }, "geometry": { "type": "Point", "coordinates": [ 533651.790132457390428, 7262436.831336388364434, 674.615133302672234 ] } },
{ "type": "Feature", "properties": { "Name": "SOS1_N_CREST128", "Code": null, "Northing": 304812.84037, "Easting": -33727.31804, "Elevation": 675.47154, "source_file": "20260319_SOS1 points.shp", "group": "SOS1", "direction": "N", "type": "CREST", "sequence": 128, "full_name": "SOS1_N_CREST128", "should_make_line": true }, "geometry": { "type": "Point", "coordinates": [ 533652.964636732474901, 7262433.131593339145184, 675.471538753681784 ] } },
{ "type": "Feature", "properties": { "Name": "SOS1_N_CREST129", "Code": null, "Northing": 304816.00263, "Easting": -33728.29734, "Elevation": 676.15443, "source_file": "20260319_SOS1 points.shp", "group": "SOS1", "direction": "N", "type": "CREST", "sequence": 129, "full_name": "SOS1_N_CREST129", "should_make_line": true }, "geometry": { "type": "Point", "coordinates": [ 533653.943546150578186, 7262429.970614030957222, 676.154428238301762 ] } },
{ "type": "Feature", "properties": { "Name": "SOS1_N_CREST130", "Code": null, "Northing": 304819.13663000002, "Easting": -33729.28792, "Elevation": 676.83901, "source_file": "20260319_SOS1 points.shp", "group": "SOS1", "direction": "N", "type": "CREST", "sequence": 130, "full_name": "SOS1_N_CREST130", "should_make_line": true }, "geometry": { "type": "Point", "coordinates": [ 533654.933726315503009, 7262426.837888484820724, 676.839007441568128 ] } },
{ "type": "Feature", "properties": { "Name": "SOS1_N_CREST131", "Code": null, "Northing": 304823.38953, "Easting": -33730.62417, "Elevation": 677.84098, "source_file": "20260319_SOS1 points.shp", "group": "SOS1", "direction": "N", "type": "CREST", "sequence": 131, "full_name": "SOS1_N_CREST131", "should_make_line": true }, "geometry": { "type": "Point", "coordinates": [ 533656.269450700259767, 7262422.586707564070821, 677.840980971211138 ] } },
{ "type": "Feature", "properties": { "Name": "SOS1_N_CREST132", "Code": null, "Northing": 304826.79434000002, "Easting": -33731.60535, "Elevation": 678.57992, "source_file": "20260319_SOS1 points.shp", "group": "SOS1", "direction": "N", "type": "CREST", "sequence": 132, "full_name": "SOS1_N_CREST132", "should_make_line": true }, "geometry": { "type": "Point", "coordinates": [ 533657.250244572060183, 7262419.183277887292206, 678.579919587457084 ] } },
{ "type": "Feature", "properties": { "Name": "SOS1_N_CREST133", "Code": null, "Northing": 304830.15211999998, "Easting": -33732.50808, "Elevation": 679.38182, "source_file": "20260319_SOS1 points.shp", "group": "SOS1", "direction": "N", "type": "CREST", "sequence": 133, "full_name": "SOS1_N_CREST133", "should_make_line": true }, "geometry": { "type": "Point", "coordinates": [ 533658.152610026998445, 7262415.826858663931489, 679.381820925752436 ] } },
{ "type": "Feature", "properties": { "Name": "SOS1_N_CREST134", "Code": null, "Northing": 304833.46422000002, "Easting": -33733.40416, "Elevation": 680.11273, "source_file": "20260319_SOS1 points.shp", "group": "SOS1", "direction": "N", "type": "CREST", "sequence": 134, "full_name": "SOS1_N_CREST134", "should_make_line": true }, "geometry": { "type": "Point", "coordinates": [ 533659.04833849996794, 7262412.516105452552438, 680.112727033716624 ] } },
{ "type": "Feature", "properties": { "Name": "SOS1_N_CREST135", "Code": null, "Northing": 304835.66027, "Easting": -33734.05599, "Elevation": 680.66679, "source_file": "20260319_SOS1 points.shp", "group": "SOS1", "direction": "N", "type": "CREST", "sequence": 135, "full_name": "SOS1_N_CREST135", "should_make_line": true }, "geometry": { "type": "Point", "coordinates": [ 533659.699910253169946, 7262410.320945279672742, 680.666786548173377 ] } },
{ "type": "Feature", "properties": { "Name": "SOS1_N_CREST136", "Code": null, "Northing": 304840.31869, "Easting": -33735.22125, "Elevation": 681.67204, "source_file": "20260319_SOS1 points.shp", "group": "SOS1", "direction": "N", "type": "CREST", "sequence": 136, "full_name": "SOS1_N_CREST136", "should_make_line": true }, "geometry": { "type": "Point", "coordinates": [ 533660.864703646744601, 7262405.664414413273335, 681.672036326890861 ] } },
{ "type": "Feature", "properties": { "Name": "SOS1_N_CREST137", "Code": null, "Northing": 304844.76217, "Easting": -33736.42498, "Elevation": 682.65591, "source_file": "20260319_SOS1 points.shp", "group": "SOS1", "direction": "N", "type": "CREST", "sequence": 137, "full_name": "SOS1_N_CREST137", "should_make_line": true }, "geometry": { "type": "Point", "coordinates": [ 533662.067964690737426, 7262401.22274075075984, 682.655908110779365 ] } },
{ "type": "Feature", "properties": { "Name": "SOS1_N_CREST138", "Code": null, "Northing": 304847.87157999998, "Easting": -33737.2969, "Elevation": 683.40547, "source_file": "20260319_SOS1 points.shp", "group": "SOS1", "direction": "N", "type": "CREST", "sequence": 138, "full_name": "SOS1_N_CREST138", "should_make_line": true }, "geometry": { "type": "Point", "coordinates": [ 533662.939539063372649, 7262398.114587490446866, 683.40547142638718 ] } },
{ "type": "Feature", "properties": { "Name": "SOS1_N_CREST139", "Code": null, "Northing": 304851.34538000001, "Easting": -33738.20767, "Elevation": 684.22287, "source_file": "20260319_SOS1 points.shp", "group": "SOS1", "direction": "N", "type": "CREST", "sequence": 139, "full_name": "SOS1_N_CREST139", "should_make_line": true }, "geometry": { "type": "Point", "coordinates": [ 533663.849941089632921, 7262394.642199890688062, 684.222869099441596 ] } },
{ "type": "Feature", "properties": { "Name": "SOS1_N_CREST140", "Code": null, "Northing": 304854.64224000002, "Easting": -33739.04093, "Elevation": 684.92455, "source_file": "20260319_SOS1 points.shp", "group": "SOS1", "direction": "N", "type": "CREST", "sequence": 140, "full_name": "SOS1_N_CREST140", "should_make_line": true }, "geometry": { "type": "Point", "coordinates": [ 533664.682872286532074, 7262391.346672454848886, 684.924553947859749 ] } },
{ "type": "Feature", "properties": { "Name": "SOS1_N_CREST141", "Code": null, "Northing": 304857.69699000003, "Easting": -33739.70121, "Elevation": 685.6285, "source_file": "20260319_SOS1 points.shp", "group": "SOS1", "direction": "N", "type": "CREST", "sequence": 141, "full_name": "SOS1_N_CREST141", "should_make_line": true }, "geometry": { "type": "Point", "coordinates": [ 533665.34289360162802, 7262388.293159270659089, 685.628503626845713 ] } },
{ "type": "Feature", "properties": { "Name": "SOS1_N_CREST142", "Code": null, "Northing": 304860.66629000002, "Easting": -33740.49088, "Elevation": 686.3507, "source_file": "20260319_SOS1 points.shp", "group": "SOS1", "direction": "N", "type": "CREST", "sequence": 142, "full_name": "SOS1_N_CREST142", "should_make_line": true }, "geometry": { "type": "Point", "coordinates": [ 533666.132258058409207, 7262385.325060395523906, 686.350702136190989 ] } },
{ "type": "Feature", "properties": { "Name": "SOS1_N_CREST143", "Code": null, "Northing": 304864.55715000001, "Easting": -33741.36767, "Elevation": 687.17172, "source_file": "20260319_SOS1 points.shp", "group": "SOS1", "direction": "N", "type": "CREST", "sequence": 143, "full_name": "SOS1_N_CREST143", "should_make_line": true }, "geometry": { "type": "Point", "coordinates": [ 533667.008698522928171, 7262381.435783123597503, 687.171719032721398 ] } },
{ "type": "Feature", "properties": { "Name": "SOS1_N_CREST144", "Code": null, "Northing": 304867.7396, "Easting": -33742.00175, "Elevation": 687.90869, "source_file": "20260319_SOS1 points.shp", "group": "SOS1", "direction": "N", "type": "CREST", "sequence": 144, "full_name": "SOS1_N_CREST144", "should_make_line": true }, "geometry": { "type": "Point", "coordinates": [ 533667.642524457070976, 7262378.254621629603207, 687.908688735094643 ] } },
{ "type": "Feature", "properties": { "Name": "SOS1_N_CREST145", "Code": null, "Northing": 304871.45957000001, "Easting": -33742.67677, "Elevation": 688.80977, "source_file": "20260319_SOS1 points.shp", "group": "SOS1", "direction": "N", "type": "CREST", "sequence": 145, "full_name": "SOS1_N_CREST145", "should_make_line": true }, "geometry": { "type": "Point", "coordinates": [ 533668.317286128993146, 7262374.536161935888231, 688.809765257665276 ] } },
{ "type": "Feature", "properties": { "Name": "SOS1_N_CREST146", "Code": null, "Northing": 304874.80878999998, "Easting": -33743.32498, "Elevation": 689.58348, "source_file": "20260319_SOS1 points.shp", "group": "SOS1", "direction": "N", "type": "CREST", "sequence": 146, "full_name": "SOS1_N_CREST146", "should_make_line": true }, "geometry": { "type": "Point", "coordinates": [ 533668.965242622187361, 7262371.188295852392912, 689.583479105445122 ] } },
{ "type": "Feature", "properties": { "Name": "SOS1_N_CREST147", "Code": null, "Northing": 304878.37188, "Easting": -33743.95083, "Elevation": 690.39815, "source_file": "20260319_SOS1 points.shp", "group": "SOS1", "direction": "N", "type": "CREST", "sequence": 147, "full_name": "SOS1_N_CREST147", "should_make_line": true }, "geometry": { "type": "Point", "coordinates": [ 533669.590841666678898, 7262367.626651950180531, 690.398148154062255 ] } },
{ "type": "Feature", "properties": { "Name": "SOS1_N_CREST148", "Code": null, "Northing": 304881.81371000002, "Easting": -33744.44057, "Elevation": 691.14569, "source_file": "20260319_SOS1 points.shp", "group": "SOS1", "direction": "N", "type": "CREST", "sequence": 148, "full_name": "SOS1_N_CREST148", "should_make_line": true }, "geometry": { "type": "Point", "coordinates": [ 533670.080388449016027, 7262364.186216188594699, 691.1456907635677 ] } },
{ "type": "Feature", "properties": { "Name": "SOS1_N_CREST149", "Code": null, "Northing": 304885.80158000003, "Easting": -33744.96088, "Elevation": 692.06642, "source_file": "20260319_SOS1 points.shp", "group": "SOS1", "direction": "N", "type": "CREST", "sequence": 149, "full_name": "SOS1_N_CREST149", "should_make_line": true }, "geometry": { "type": "Point", "coordinates": [ 533670.600497888401151, 7262360.199966043233871, 692.066417902989201 ] } },
{ "type": "Feature", "properties": { "Name": "SOS1_N_CREST150", "Code": null, "Northing": 304888.98208, "Easting": -33745.34068, "Elevation": 692.74912, "source_file": "20260319_SOS1 points.shp", "group": "SOS1", "direction": "N", "type": "CREST", "sequence": 150, "full_name": "SOS1_N_CREST150", "should_make_line": true }, "geometry": { "type": "Point", "coordinates": [ 533670.980153533630073, 7262357.020757708698511, 692.74911805961608 ] } },
{ "type": "Feature", "properties": { "Name": "SOS1_N_CREST151", "Code": null, "Northing": 304892.37274000002, "Easting": -33745.74167, "Elevation": 693.48473, "source_file": "20260319_SOS1 points.shp", "group": "SOS1", "direction": "N", "type": "CREST", "sequence": 151, "full_name": "SOS1_N_CREST151", "should_make_line": true }, "geometry": { "type": "Point", "coordinates": [ 533671.380992946913466, 7262353.631474371999502, 693.484732640709581 ] } },
{ "type": "Feature", "properties": { "Name": "SOS1_N_CREST152", "Code": null, "Northing": 304895.90298999997, "Easting": -33746.1416, "Elevation": 694.26755, "source_file": "20260319_SOS1 points.shp", "group": "SOS1", "direction": "N", "type": "CREST", "sequence": 152, "full_name": "SOS1_N_CREST152", "should_make_line": true }, "geometry": { "type": "Point", "coordinates": [ 533671.780765981064178, 7262350.102650312706828, 694.267552082877387 ] } },
{ "type": "Feature", "properties": { "Name": "SOS1_N_CREST153", "Code": null, "Northing": 304899.3387, "Easting": -33746.514, "Elevation": 694.97172, "source_file": "20260319_SOS1 points.shp", "group": "SOS1", "direction": "N", "type": "CREST", "sequence": 153, "full_name": "SOS1_N_CREST153", "should_make_line": true }, "geometry": { "type": "Point", "coordinates": [ 533672.153023567399941, 7262346.66833714582026, 694.971716645279798 ] } },
{ "type": "Feature", "properties": { "Name": "SOS1_N_CREST154", "Code": null, "Northing": 304903.5031, "Easting": -33746.77585, "Elevation": 695.90342, "source_file": "20260319_SOS1 points.shp", "group": "SOS1", "direction": "N", "type": "CREST", "sequence": 154, "full_name": "SOS1_N_CREST154", "should_make_line": true }, "geometry": { "type": "Point", "coordinates": [ 533672.414779047016054, 7262342.505621280521154, 695.903415002782367 ] } },
{ "type": "Feature", "properties": { "Name": "SOS1_N_CREST155", "Code": null, "Northing": 304906.4447, "Easting": -33746.85851, "Elevation": 696.48414, "source_file": "20260319_SOS1 points.shp", "group": "SOS1", "direction": "N", "type": "CREST", "sequence": 155, "full_name": "SOS1_N_CREST155", "should_make_line": true }, "geometry": { "type": "Point", "coordinates": [ 533672.497404513414949, 7262339.565212008543313, 696.484143764664736 ] } },
{ "type": "Feature", "properties": { "Name": "SOS1_N_CREST156", "Code": null, "Northing": 304909.87138000003, "Easting": -33746.91755, "Elevation": 697.18601, "source_file": "20260319_SOS1 points.shp", "group": "SOS1", "direction": "N", "type": "CREST", "sequence": 156, "full_name": "SOS1_N_CREST156", "should_make_line": true }, "geometry": { "type": "Point", "coordinates": [ 533672.556434300844558, 7262336.139927688986063, 697.186007961888436 ] } },
{ "type": "Feature", "properties": { "Name": "SOS1_N_CREST157", "Code": null, "Northing": 304913.54025000002, "Easting": -33746.93215, "Elevation": 697.9454, "source_file": "20260319_SOS1 points.shp", "group": "SOS1", "direction": "N", "type": "CREST", "sequence": 157, "full_name": "SOS1_N_CREST157", "should_make_line": true }, "geometry": { "type": "Point", "coordinates": [ 533672.571032069856301, 7262332.472544713877141, 697.945402454788336 ] } },
{ "type": "Feature", "properties": { "Name": "SOS1_N_CREST158", "Code": null, "Northing": 304916.43358000001, "Easting": -33746.91881, "Elevation": 698.58266, "source_file": "20260319_SOS1 points.shp", "group": "SOS1", "direction": "N", "type": "CREST", "sequence": 158, "full_name": "SOS1_N_CREST158", "should_make_line": true }, "geometry": { "type": "Point", "coordinates": [ 533672.557700301520526, 7262329.580388400703669, 698.582661010186143 ] } },
{ "type": "Feature", "properties": { "Name": "SOS1_N_CREST159", "Code": null, "Northing": 304919.32882, "Easting": -33746.81019, "Elevation": 699.13084, "source_file": "20260319_SOS1 points.shp", "group": "SOS1", "direction": "N", "type": "CREST", "sequence": 159, "full_name": "SOS1_N_CREST159", "should_make_line": true }, "geometry": { "type": "Point", "coordinates": [ 533672.449137022485957, 7262326.686314515769482, 699.130836118069851 ] } },
{ "type": "Feature", "properties": { "Name": "SOS1_N_CREST160", "Code": null, "Northing": 304922.10326, "Easting": -33746.80005, "Elevation": 699.71241, "source_file": "20260319_SOS1 points.shp", "group": "SOS1", "direction": "N", "type": "CREST", "sequence": 160, "full_name": "SOS1_N_CREST160", "should_make_line": true }, "geometry": { "type": "Point", "coordinates": [ 533672.439001917140558, 7262323.913001676090062, 699.71240742307134 ] } },
{ "type": "Feature", "properties": { "Name": "SOS1_N_CREST161", "Code": null, "Northing": 304924.85793, "Easting": -33746.72071, "Elevation": 700.22549, "source_file": "20260319_SOS1 points.shp", "group": "SOS1", "direction": "N", "type": "CREST", "sequence": 161, "full_name": "SOS1_N_CREST161", "should_make_line": true }, "geometry": { "type": "Point", "coordinates": [ 533672.359696622705087, 7262321.159453177824616, 700.225487476440321 ] } },
{ "type": "Feature", "properties": { "Name": "SOS1_N_CREST162", "Code": null, "Northing": 304927.56987000001, "Easting": -33746.58043, "Elevation": 700.72584, "source_file": "20260319_SOS1 points.shp", "group": "SOS1", "direction": "N", "type": "CREST", "sequence": 162, "full_name": "SOS1_N_CREST162", "should_make_line": true }, "geometry": { "type": "Point", "coordinates": [ 533672.219483696506359, 7262318.448609583079815, 700.725840400703419 ] } },
{ "type": "Feature", "properties": { "Name": "SOS1_N_CREST163", "Code": null, "Northing": 304930.85484, "Easting": -33746.50159, "Elevation": 701.40024, "source_file": "20260319_SOS1 points.shp", "group": "SOS1", "direction": "N", "type": "CREST", "sequence": 163, "full_name": "SOS1_N_CREST163", "should_make_line": true }, "geometry": { "type": "Point", "coordinates": [ 533672.140681787161157, 7262315.164969271048903, 701.400236560269605 ] } },
{ "type": "Feature", "properties": { "Name": "SOS1_N_CREST164", "Code": null, "Northing": 304933.73051999998, "Easting": -33746.29246, "Elevation": 701.98302, "source_file": "20260319_SOS1 points.shp", "group": "SOS1", "direction": "N", "type": "CREST", "sequence": 164, "full_name": "SOS1_N_CREST164", "should_make_line": true }, "geometry": { "type": "Point", "coordinates": [ 533671.931645662989467, 7262312.290451286360621, 701.983020531391617 ] } },
{ "type": "Feature", "properties": { "Name": "SOS1_N_CREST165", "Code": null, "Northing": 304936.7604, "Easting": -33746.00272, "Elevation": 702.59224, "source_file": "20260319_SOS1 points.shp", "group": "SOS1", "direction": "N", "type": "CREST", "sequence": 165, "full_name": "SOS1_N_CREST165", "should_make_line": true }, "geometry": { "type": "Point", "coordinates": [ 533671.642023049877025, 7262309.261804349720478, 702.592240294998192 ] } },
{ "type": "Feature", "properties": { "Name": "SOS1_N_CREST166", "Code": null, "Northing": 304939.99777999998, "Easting": -33745.77082, "Elevation": 703.17272, "source_file": "20260319_SOS1 points.shp", "group": "SOS1", "direction": "N", "type": "CREST", "sequence": 166, "full_name": "SOS1_N_CREST166", "should_make_line": true }, "geometry": { "type": "Point", "coordinates": [ 533671.410221676807851, 7262306.025738943368196, 703.172723443155633 ] } },
{ "type": "Feature", "properties": { "Name": "SOS1_N_CREST167", "Code": null, "Northing": 304942.6755, "Easting": -33745.42532, "Elevation": 703.66203, "source_file": "20260319_SOS1 points.shp", "group": "SOS1", "direction": "N", "type": "CREST", "sequence": 167, "full_name": "SOS1_N_CREST167", "should_make_line": true }, "geometry": { "type": "Point", "coordinates": [ 533671.064865113352425, 7262303.349099315702915, 703.662033433737179 ] } },
{ "type": "Feature", "properties": { "Name": "SOS1_N_CREST168", "Code": null, "Northing": 304945.564, "Easting": -33745.12446, "Elevation": 704.23768, "source_file": "20260319_SOS1 points.shp", "group": "SOS1", "direction": "N", "type": "CREST", "sequence": 168, "full_name": "SOS1_N_CREST168", "should_make_line": true }, "geometry": { "type": "Point", "coordinates": [ 533670.764141779858619, 7262300.461767296306789, 704.237677731206077 ] } },
{ "type": "Feature", "properties": { "Name": "SOS1_N_CREST169", "Code": null, "Northing": 304948.53239000001, "Easting": -33744.70849, "Elevation": 704.77012, "source_file": "20260319_SOS1 points.shp", "group": "SOS1", "direction": "N", "type": "CREST", "sequence": 169, "full_name": "SOS1_N_CREST169", "should_make_line": true }, "geometry": { "type": "Point", "coordinates": [ 533670.348336636205204, 7262297.494587845169008, 704.770119029152738 ] } },
{ "type": "Feature", "properties": { "Name": "SOS1_N_CREST170", "Code": null, "Northing": 304951.20998, "Easting": -33744.30291, "Elevation": 705.24064, "source_file": "20260319_SOS1 points.shp", "group": "SOS1", "direction": "N", "type": "CREST", "sequence": 170, "full_name": "SOS1_N_CREST170", "should_make_line": true }, "geometry": { "type": "Point", "coordinates": [ 533669.942931972793303, 7262294.818083312362432, 705.240637546992389 ] } },
{ "type": "Feature", "properties": { "Name": "SOS1_N_CREST171", "Code": null, "Northing": 304955.0604, "Easting": -33743.75043, "Elevation": 705.91969, "source_file": "20260319_SOS1 points.shp", "group": "SOS1", "direction": "N", "type": "CREST", "sequence": 171, "full_name": "SOS1_N_CREST171", "should_make_line": true }, "geometry": { "type": "Point", "coordinates": [ 533669.390684637241066, 7262290.969222038984299, 705.919691531401213 ] } },
{ "type": "Feature", "properties": { "Name": "SOS1_N_CREST172", "Code": null, "Northing": 304958.72830999998, "Easting": -33743.11639, "Elevation": 706.45976, "source_file": "20260319_SOS1 points.shp", "group": "SOS1", "direction": "N", "type": "CREST", "sequence": 172, "full_name": "SOS1_N_CREST172", "should_make_line": true }, "geometry": { "type": "Point", "coordinates": [ 533668.756903411238454, 7262287.302797949872911, 706.459758729756686 ] } },
{ "type": "Feature", "properties": { "Name": "SOS1_N_CREST173", "Code": null, "Northing": 304962.43789, "Easting": -33742.45939, "Elevation": 707.04131, "source_file": "20260319_SOS1 points.shp", "group": "SOS1", "direction": "N", "type": "CREST", "sequence": 173, "full_name": "SOS1_N_CREST173", "should_make_line": true }, "geometry": { "type": "Point", "coordinates": [ 533668.100170234800316, 7262283.594718059524894, 707.041306746653277 ] } },
{ "type": "Feature", "properties": { "Name": "SOS1_N_CREST174", "Code": null, "Northing": 304965.93944, "Easting": -33741.89773, "Elevation": 707.61787, "source_file": "20260319_SOS1 points.shp", "group": "SOS1", "direction": "N", "type": "CREST", "sequence": 174, "full_name": "SOS1_N_CREST174", "should_make_line": true }, "geometry": { "type": "Point", "coordinates": [ 533667.538745709811337, 7262280.094585966318846, 707.617867676168544 ] } },
{ "type": "Feature", "properties": { "Name": "SOS1_N_CREST175", "Code": null, "Northing": 304968.86888999998, "Easting": -33741.35155, "Elevation": 708.02896, "source_file": "20260319_SOS1 points.shp", "group": "SOS1", "direction": "N", "type": "CREST", "sequence": 175, "full_name": "SOS1_N_CREST175", "should_make_line": true }, "geometry": { "type": "Point", "coordinates": [ 533666.992795791011304, 7262277.166322148405015, 708.028955941402955 ] } },
{ "type": "Feature", "properties": { "Name": "SOS1_N_CREST176", "Code": null, "Northing": 304971.36237, "Easting": -33740.92152, "Elevation": 708.3966, "source_file": "20260319_SOS1 points.shp", "group": "SOS1", "direction": "N", "type": "CREST", "sequence": 176, "full_name": "SOS1_N_CREST176", "should_make_line": true }, "geometry": { "type": "Point", "coordinates": [ 533666.562939243973233, 7262274.673859683796763, 708.396600284316719 ] } },
{ "type": "Feature", "properties": { "Name": "SOS1_N_CREST177", "Code": null, "Northing": 304974.25314, "Easting": -33740.38481, "Elevation": 708.78776, "source_file": "20260319_SOS1 points.shp", "group": "SOS1", "direction": "N", "type": "CREST", "sequence": 177, "full_name": "SOS1_N_CREST177", "should_make_line": true }, "geometry": { "type": "Point", "coordinates": [ 533666.026448169955984, 7262271.784258099272847, 708.787759051971761 ] } },
{ "type": "Feature", "properties": { "Name": "SOS1_N_CREST178", "Code": null, "Northing": 304978.29388000001, "Easting": -33739.58301, "Elevation": 709.31518, "source_file": "20260319_SOS1 points.shp", "group": "SOS1", "direction": "N", "type": "CREST", "sequence": 178, "full_name": "SOS1_N_CREST178", "should_make_line": true }, "geometry": { "type": "Point", "coordinates": [ 533665.224978022626601, 7262267.745154525153339, 709.315181000445136 ] } },
{ "type": "Feature", "properties": { "Name": "SOS1_N_CREST179", "Code": null, "Northing": 304982.28175999998, "Easting": -33738.84958, "Elevation": 709.80462, "source_file": "20260319_SOS1 points.shp", "group": "SOS1", "direction": "N", "type": "CREST", "sequence": 179, "full_name": "SOS1_N_CREST179", "should_make_line": true }, "geometry": { "type": "Point", "coordinates": [ 533664.491850079852156, 7262263.75889147259295, 709.804621899932272 ] } },
{ "type": "Feature", "properties": { "Name": "SOS1_N_CREST180", "Code": null, "Northing": 304985.94076000003, "Easting": -33738.08578, "Elevation": 710.28007, "source_file": "20260319_SOS1 points.shp", "group": "SOS1", "direction": "N", "type": "CREST", "sequence": 180, "full_name": "SOS1_N_CREST180", "should_make_line": true }, "geometry": { "type": "Point", "coordinates": [ 533663.728366973809898, 7262260.101369965821505, 710.280065634255493 ] } },
{ "type": "Feature", "properties": { "Name": "SOS1_N_CREST181", "Code": null, "Northing": 304989.48051999998, "Easting": -33737.32389, "Elevation": 710.73121, "source_file": "20260319_SOS1 points.shp", "group": "SOS1", "direction": "N", "type": "CREST", "sequence": 181, "full_name": "SOS1_N_CREST181", "should_make_line": true }, "geometry": { "type": "Point", "coordinates": [ 533662.966784104472026, 7262256.56304132938385, 710.731208950430641 ] } },
{ "type": "Feature", "properties": { "Name": "SOS1_N_CREST182", "Code": null, "Northing": 304993.44358999998, "Easting": -33736.52021, "Elevation": 711.234, "source_file": "20260319_SOS1 points.shp", "group": "SOS1", "direction": "N", "type": "CREST", "sequence": 182, "full_name": "SOS1_N_CREST182", "should_make_line": true }, "geometry": { "type": "Point", "coordinates": [ 533662.163438991410658, 7262252.601583556272089, 711.23400439417378 ] } },
{ "type": "Feature", "properties": { "Name": "SOS1_N_CREST183", "Code": null, "Northing": 304997.13767000003, "Easting": -33735.82004, "Elevation": 711.60716, "source_file": "20260319_SOS1 points.shp", "group": "SOS1", "direction": "N", "type": "CREST", "sequence": 183, "full_name": "SOS1_N_CREST183", "should_make_line": true }, "geometry": { "type": "Point", "coordinates": [ 533661.463557414710522, 7262248.908992603421211, 711.607163965413974 ] } },
{ "type": "Feature", "properties": { "Name": "SOS1_N_CREST184", "Code": null, "Northing": 305001.64587000001, "Easting": -33735.027, "Elevation": 712.09839, "source_file": "20260319_SOS1 points.shp", "group": "SOS1", "direction": "N", "type": "CREST", "sequence": 184, "full_name": "SOS1_N_CREST184", "should_make_line": true }, "geometry": { "type": "Point", "coordinates": [ 533660.670837005600333, 7262244.402619002386928, 712.098391452109809 ] } },
{ "type": "Feature", "properties": { "Name": "SOS1_N_CREST185", "Code": null, "Northing": 305005.78821000003, "Easting": -33734.27412, "Elevation": 712.58781, "source_file": "20260319_SOS1 points.shp", "group": "SOS1", "direction": "N", "type": "CREST", "sequence": 185, "full_name": "SOS1_N_CREST185", "should_make_line": true }, "geometry": { "type": "Point", "coordinates": [ 533659.918271064292639, 7262240.261965497396886, 712.587809741187471 ] } },
{ "type": "Feature", "properties": { "Name": "SOS1_N_CREST186", "Code": null, "Northing": 305010.39272, "Easting": -33733.48536, "Elevation": 713.16375, "source_file": "20260319_SOS1 points.shp", "group": "SOS1", "direction": "N", "type": "CREST", "sequence": 186, "full_name": "SOS1_N_CREST186", "should_make_line": true }, "geometry": { "type": "Point", "coordinates": [ 533659.129839894012548, 7262235.659312384203076, 713.163749483654897 ] } },
{ "type": "Feature", "properties": { "Name": "SOS1_N_CREST187", "Code": null, "Northing": 305014.14763999998, "Easting": -33732.88067, "Elevation": 713.64448, "source_file": "20260319_SOS1 points.shp", "group": "SOS1", "direction": "N", "type": "CREST", "sequence": 187, "full_name": "SOS1_N_CREST187", "should_make_line": true }, "geometry": { "type": "Point", "coordinates": [ 533658.525396894197911, 7262231.905920955352485, 713.644477807080648 ] } },
{ "type": "Feature", "properties": { "Name": "SOS1_N_CREST188", "Code": null, "Northing": 305017.95218999998, "Easting": -33731.81222, "Elevation": 714.0047, "source_file": "20260319_SOS1 points.shp", "group": "SOS1", "direction": "N", "type": "CREST", "sequence": 188, "full_name": "SOS1_N_CREST188", "should_make_line": true }, "geometry": { "type": "Point", "coordinates": [ 533657.457377816317603, 7262228.102907188236713, 714.004697341673591 ] } },
{ "type": "Feature", "properties": { "Name": "SOS1_N_CREST189", "Code": null, "Northing": 305021.75949000003, "Easting": -33731.66576, "Elevation": 714.52502, "source_file": "20260319_SOS1 points.shp", "group": "SOS1", "direction": "N", "type": "CREST", "sequence": 189, "full_name": "SOS1_N_CREST189", "should_make_line": true }, "geometry": { "type": "Point", "coordinates": [ 533657.310989530174993, 7262224.297147260978818, 714.525023660324337 ] } },
{ "type": "Feature", "properties": { "Name": "SOS1_N_CREST190", "Code": null, "Northing": 305025.67224, "Easting": -33731.12661, "Elevation": 714.95964, "source_file": "20260319_SOS1 points.shp", "group": "SOS1", "direction": "N", "type": "CREST", "sequence": 190, "full_name": "SOS1_N_CREST190", "should_make_line": true }, "geometry": { "type": "Point", "coordinates": [ 533656.772062144242227, 7262220.385989295318723, 714.959635374934578 ] } },
{ "type": "Feature", "properties": { "Name": "SOS1_N_CREST191", "Code": null, "Northing": 305029.20932999998, "Easting": -33730.68691, "Elevation": 715.41326, "source_file": "20260319_SOS1 points.shp", "group": "SOS1", "direction": "N", "type": "CREST", "sequence": 191, "full_name": "SOS1_N_CREST191", "should_make_line": true }, "geometry": { "type": "Point", "coordinates": [ 533656.332536198198795, 7262216.850331006571651, 715.413255214134551 ] } },
{ "type": "Feature", "properties": { "Name": "SOS1_N_CREST192", "Code": null, "Northing": 305032.8013, "Easting": -33730.18903, "Elevation": 715.83823, "source_file": "20260319_SOS1 points.shp", "group": "SOS1", "direction": "N", "type": "CREST", "sequence": 192, "full_name": "SOS1_N_CREST192", "should_make_line": true }, "geometry": { "type": "Point", "coordinates": [ 533655.834868090460077, 7262213.25981754437089, 715.838234647675904 ] } },
{ "type": "Feature", "properties": { "Name": "SOS1_N_CREST193", "Code": null, "Northing": 305036.59704999998, "Easting": -33729.73405, "Elevation": 716.30141, "source_file": "20260319_SOS1 points.shp", "group": "SOS1", "direction": "N", "type": "CREST", "sequence": 193, "full_name": "SOS1_N_CREST193", "should_make_line": true }, "geometry": { "type": "Point", "coordinates": [ 533655.380076446104795, 7262209.465605211444199, 716.301406951423814 ] } },
{ "type": "Feature", "properties": { "Name": "SOS1_N_CREST194", "Code": null, "Northing": 305039.25968999998, "Easting": -33729.39023, "Elevation": 716.62408, "source_file": "20260319_SOS1 points.shp", "group": "SOS1", "direction": "N", "type": "CREST", "sequence": 194, "full_name": "SOS1_N_CREST194", "should_make_line": true }, "geometry": { "type": "Point", "coordinates": [ 533655.036395139759406, 7262206.804039240814745, 716.624082878978925 ] } },
{ "type": "Feature", "properties": { "Name": "SOS1_N_CREST195", "Code": null, "Northing": 305043.8638, "Easting": -33728.86734, "Elevation": 717.19391, "source_file": "20260319_SOS1 points.shp", "group": "SOS1", "direction": "N", "type": "CREST", "sequence": 195, "full_name": "SOS1_N_CREST195", "should_make_line": true }, "geometry": { "type": "Point", "coordinates": [ 533654.513727978570387, 7262202.20179089717567, 717.193908333936747 ] } },
{ "type": "Feature", "properties": { "Name": "SOS1_N_CREST196", "Code": null, "Northing": 305043.6212, "Easting": -33728.11336, "Elevation": 716.54386, "source_file": "20260319_SOS1 points.shp", "group": "SOS1", "direction": "N", "type": "CREST", "sequence": 196, "full_name": "SOS1_N_CREST196", "should_make_line": true }, "geometry": { "type": "Point", "coordinates": [ 533653.760042092879303, 7262202.444292610511184, 716.543858642020041 ] } },
{ "type": "Feature", "properties": { "Name": "SOS1_N_CREST197", "Code": null, "Northing": 305045.15927, "Easting": -33728.78761, "Elevation": 717.37753, "source_file": "20260319_SOS1 points.shp", "group": "SOS1", "direction": "N", "type": "CREST", "sequence": 197, "full_name": "SOS1_N_CREST197", "should_make_line": true }, "geometry": { "type": "Point", "coordinates": [ 533654.434030136559159, 7262200.906852966174483, 717.377526611002054 ] } },
{ "type": "Feature", "properties": { "Name": "SOS1_N_CREST198", "Code": null, "Northing": 305048.07724999997, "Easting": -33728.41635, "Elevation": 717.73402, "source_file": "20260319_SOS1 points.shp", "group": "SOS1", "direction": "N", "type": "CREST", "sequence": 198, "full_name": "SOS1_N_CREST198", "should_make_line": true }, "geometry": { "type": "Point", "coordinates": [ 533654.062917837523855, 7262197.990053782239556, 717.734015794595507 ] } },
{ "type": "Feature", "properties": { "Name": "SOS1_N_CREST199", "Code": null, "Northing": 305051.81587, "Easting": -33728.02052, "Elevation": 718.23135, "source_file": "20260319_SOS1 points.shp", "group": "SOS1", "direction": "N", "type": "CREST", "sequence": 199, "full_name": "SOS1_N_CREST199", "should_make_line": true }, "geometry": { "type": "Point", "coordinates": [ 533653.667253911145963, 7262194.252943584695458, 718.231350725882066 ] } },
{ "type": "Feature", "properties": { "Name": "SOS1_N_CREST200", "Code": null, "Northing": 305055.44441, "Easting": -33727.74534, "Elevation": 718.75536, "source_file": "20260319_SOS1 points.shp", "group": "SOS1", "direction": "N", "type": "CREST", "sequence": 200, "full_name": "SOS1_N_CREST200", "should_make_line": true }, "geometry": { "type": "Point", "coordinates": [ 533653.392191584920511, 7262190.625874625518918, 718.755359853422078 ] } },
{ "type": "Feature", "properties": { "Name": "SOS1_N_CREST201", "Code": null, "Northing": 305058.86709000001, "Easting": -33727.39482, "Elevation": 719.21643, "source_file": "20260319_SOS1 points.shp", "group": "SOS1", "direction": "N", "type": "CREST", "sequence": 201, "full_name": "SOS1_N_CREST201", "should_make_line": true }, "geometry": { "type": "Point", "coordinates": [ 533653.041822048136964, 7262187.204582674428821, 719.216427920623801 ] } },
{ "type": "Feature", "properties": { "Name": "SOS1_N_CREST202", "Code": null, "Northing": 305061.55432, "Easting": -33727.18589, "Elevation": 719.5934, "source_file": "20260319_SOS1 points.shp", "group": "SOS1", "direction": "N", "type": "CREST", "sequence": 202, "full_name": "SOS1_N_CREST202", "should_make_line": true }, "geometry": { "type": "Point", "coordinates": [ 533652.83298225235194, 7262184.518439363688231, 719.593396708317186 ] } },
{ "type": "Feature", "properties": { "Name": "SOS1_N_CREST203", "Code": null, "Northing": 305064.11735999997, "Easting": -33727.01738, "Elevation": 719.97131, "source_file": "20260319_SOS1 points.shp", "group": "SOS1", "direction": "N", "type": "CREST", "sequence": 203, "full_name": "SOS1_N_CREST203", "should_make_line": true }, "geometry": { "type": "Point", "coordinates": [ 533652.664543422870338, 7262181.956441789865494, 719.971305909566922 ] } },
{ "type": "Feature", "properties": { "Name": "SOS1_N_CREST204", "Code": null, "Northing": 305066.60676, "Easting": -33726.8488, "Elevation": 720.31973, "source_file": "20260319_SOS1 points.shp", "group": "SOS1", "direction": "N", "type": "CREST", "sequence": 204, "full_name": "SOS1_N_CREST204", "should_make_line": true }, "geometry": { "type": "Point", "coordinates": [ 533652.496028146706522, 7262179.46804772131145, 720.319725479238969 ] } },
{ "type": "Feature", "properties": { "Name": "SOS1_N_CREST205", "Code": null, "Northing": 305069.89093, "Easting": -33726.70399, "Elevation": 720.81564, "source_file": "20260319_SOS1 points.shp", "group": "SOS1", "direction": "N", "type": "CREST", "sequence": 205, "full_name": "SOS1_N_CREST205", "should_make_line": true }, "geometry": { "type": "Point", "coordinates": [ 533652.351285131881014, 7262176.185212580487132, 720.815636487239885 ] } },
{ "type": "Feature", "properties": { "Name": "SOS1_N_CREST206", "Code": null, "Northing": 305073.18323000002, "Easting": -33726.54439, "Elevation": 721.29438, "source_file": "20260319_SOS1 points.shp", "group": "SOS1", "direction": "N", "type": "CREST", "sequence": 206, "full_name": "SOS1_N_CREST206", "should_make_line": true }, "geometry": { "type": "Point", "coordinates": [ 533652.191749806632288, 7262172.894240093417466, 721.294378932971085 ] } },
{ "type": "Feature", "properties": { "Name": "SOS1_N_CREST207", "Code": null, "Northing": 305076.31335000001, "Easting": -33726.48421, "Elevation": 721.78772, "source_file": "20260319_SOS1 points.shp", "group": "SOS1", "direction": "N", "type": "CREST", "sequence": 207, "full_name": "SOS1_N_CREST207", "should_make_line": true }, "geometry": { "type": "Point", "coordinates": [ 533652.13160450803116, 7262169.765387156046927, 721.787722742076085 ] } },
{ "type": "Feature", "properties": { "Name": "SOS1_N_CREST208", "Code": null, "Northing": 305079.67601, "Easting": -33726.38758, "Elevation": 722.30601, "source_file": "20260319_SOS1 points.shp", "group": "SOS1", "direction": "N", "type": "CREST", "sequence": 208, "full_name": "SOS1_N_CREST208", "should_make_line": true }, "geometry": { "type": "Point", "coordinates": [ 533652.035017110873014, 7262166.404095524922013, 722.306006727019962 ] } },
{ "type": "Feature", "properties": { "Name": "SOS1_N_CREST209", "Code": null, "Northing": 305082.87152, "Easting": -33726.35718, "Elevation": 722.79649, "source_file": "20260319_SOS1 points.shp", "group": "SOS1", "direction": "N", "type": "CREST", "sequence": 209, "full_name": "SOS1_N_CREST209", "should_make_line": true }, "geometry": { "type": "Point", "coordinates": [ 533652.004634705022909, 7262163.209883127361536, 722.796492348720221 ] } },
{ "type": "Feature", "properties": { "Name": "SOS1_N_CREST210", "Code": null, "Northing": 305086.25923000003, "Easting": -33726.32063, "Elevation": 723.33862, "source_file": "20260319_SOS1 points.shp", "group": "SOS1", "direction": "N", "type": "CREST", "sequence": 210, "full_name": "SOS1_N_CREST210", "should_make_line": true }, "geometry": { "type": "Point", "coordinates": [ 533651.968105404055677, 7262159.823546048253775, 723.338622946848886 ] } },
{ "type": "Feature", "properties": { "Name": "SOS1_N_CREST211", "Code": null, "Northing": 305090.25244000001, "Easting": -33726.2724, "Elevation": 724.02156, "source_file": "20260319_SOS1 points.shp", "group": "SOS1", "direction": "N", "type": "CREST", "sequence": 211, "full_name": "SOS1_N_CREST211", "should_make_line": true }, "geometry": { "type": "Point", "coordinates": [ 533651.919903235975653, 7262155.831954864785075, 724.021561513738561 ] } },
{ "type": "Feature", "properties": { "Name": "SOS1_N_CREST212", "Code": null, "Northing": 305093.94792000001, "Easting": -33726.20195, "Elevation": 724.7155, "source_file": "20260319_SOS1 points.shp", "group": "SOS1", "direction": "N", "type": "CREST", "sequence": 212, "full_name": "SOS1_N_CREST212", "should_make_line": true }, "geometry": { "type": "Point", "coordinates": [ 533651.849490010528825, 7262152.137971763499081, 724.715503444582964 ] } },
{ "type": "Feature", "properties": { "Name": "SOS1_N_CREST213", "Code": null, "Northing": 305097.28138, "Easting": -33726.10504, "Elevation": 725.3423, "source_file": "20260319_SOS1 points.shp", "group": "SOS1", "direction": "N", "type": "CREST", "sequence": 213, "full_name": "SOS1_N_CREST213", "should_make_line": true }, "geometry": { "type": "Point", "coordinates": [ 533651.752623622654937, 7262148.805860821157694, 725.342301552735421 ] } },
{ "type": "Feature", "properties": { "Name": "SOS1_N_CREST214", "Code": null, "Northing": 305100.9516, "Easting": -33726.01985, "Elevation": 725.97965, "source_file": "20260319_SOS1 points.shp", "group": "SOS1", "direction": "N", "type": "CREST", "sequence": 214, "full_name": "SOS1_N_CREST214", "should_make_line": true }, "geometry": { "type": "Point", "coordinates": [ 533651.667476038914174, 7262145.137129480019212, 725.979647281509301 ] } },
{ "type": "Feature", "properties": { "Name": "SOS1_N_CREST215", "Code": null, "Northing": 305104.45043000003, "Easting": -33726.01386, "Elevation": 726.57292, "source_file": "20260319_SOS1 points.shp", "group": "SOS1", "direction": "N", "type": "CREST", "sequence": 215, "full_name": "SOS1_N_CREST215", "should_make_line": true }, "geometry": { "type": "Point", "coordinates": [ 533651.66149219381623, 7262141.63971209153533, 726.572919459732248 ] } },
{ "type": "Feature", "properties": { "Name": "SOS1_N_CREST216", "Code": null, "Northing": 305108.02143999998, "Easting": -33726.08237, "Elevation": 727.21558, "source_file": "20260319_SOS1 points.shp", "group": "SOS1", "direction": "N", "type": "CREST", "sequence": 216, "full_name": "SOS1_N_CREST216", "should_make_line": true }, "geometry": { "type": "Point", "coordinates": [ 533651.729980296920985, 7262138.070148127153516, 727.215577254580012 ] } },
{ "type": "Feature", "properties": { "Name": "SOS1_N_CREST217", "Code": null, "Northing": 305111.37069000001, "Easting": -33725.97153, "Elevation": 727.76234, "source_file": "20260319_SOS1 points.shp", "group": "SOS1", "direction": "N", "type": "CREST", "sequence": 217, "full_name": "SOS1_N_CREST217", "should_make_line": true }, "geometry": { "type": "Point", "coordinates": [ 533651.619190725497901, 7262134.722262541763484, 727.762338157148179 ] } },
{ "type": "Feature", "properties": { "Name": "SOS1_N_CREST218", "Code": null, "Northing": 305115.12342000002, "Easting": -33725.88143, "Elevation": 728.44838, "source_file": "20260319_SOS1 points.shp", "group": "SOS1", "direction": "N", "type": "CREST", "sequence": 218, "full_name": "SOS1_N_CREST218", "should_make_line": true }, "geometry": { "type": "Point", "coordinates": [ 533651.529132581315935, 7262130.971047850325704, 728.44838144540438 ] } },
{ "type": "Feature", "properties": { "Name": "SOS1_N_CREST219", "Code": null, "Northing": 305118.92416, "Easting": -33725.78092, "Elevation": 729.17663, "source_file": "20260319_SOS1 points.shp", "group": "SOS1", "direction": "N", "type": "CREST", "sequence": 219, "full_name": "SOS1_N_CREST219", "should_make_line": true }, "geometry": { "type": "Point", "coordinates": [ 533651.428674834547564, 7262127.171850621700287, 729.17663235573923 ] } },
{ "type": "Feature", "properties": { "Name": "SOS1_N_CREST220", "Code": null, "Northing": 305121.6597, "Easting": -33725.6892, "Elevation": 729.65363, "source_file": "20260319_SOS1 points.shp", "group": "SOS1", "direction": "N", "type": "CREST", "sequence": 220, "full_name": "SOS1_N_CREST220", "should_make_line": true }, "geometry": { "type": "Point", "coordinates": [ 533651.336997511214577, 7262124.437414884567261, 729.653627749892166 ] } },
{ "type": "Feature", "properties": { "Name": "SOS1_N_CREST221", "Code": null, "Northing": 305125.52726, "Easting": -33725.49725, "Elevation": 730.39686, "source_file": "20260319_SOS1 points.shp", "group": "SOS1", "direction": "N", "type": "CREST", "sequence": 221, "full_name": "SOS1_N_CREST221", "should_make_line": true }, "geometry": { "type": "Point", "coordinates": [ 533651.145127720199525, 7262120.571427289396524, 730.396864581081445 ] } },
{ "type": "Feature", "properties": { "Name": "SOS1_N_CREST222", "Code": null, "Northing": 305129.23273, "Easting": -33725.35206, "Elevation": 731.10038, "source_file": "20260319_SOS1 points.shp", "group": "SOS1", "direction": "N", "type": "CREST", "sequence": 222, "full_name": "SOS1_N_CREST222", "should_make_line": true }, "geometry": { "type": "Point", "coordinates": [ 533651.000003697001375, 7262116.867454757913947, 731.100381071224319 ] } },
{ "type": "Feature", "properties": { "Name": "SOS1_N_CREST223", "Code": null, "Northing": 305131.99374000001, "Easting": -33725.18126, "Elevation": 731.67228, "source_file": "20260319_SOS1 points.shp", "group": "SOS1", "direction": "N", "type": "CREST", "sequence": 223, "full_name": "SOS1_N_CREST223", "should_make_line": true }, "geometry": { "type": "Point", "coordinates": [ 533650.829278074088506, 7262114.107566211372614, 731.672278764754651 ] } },
{ "type": "Feature", "properties": { "Name": "SOS1_N_CREST224", "Code": null, "Northing": 305135.53824999998, "Easting": -33724.94167, "Elevation": 732.29509, "source_file": "20260319_SOS1 points.shp", "group": "SOS1", "direction": "N", "type": "CREST", "sequence": 224, "full_name": "SOS1_N_CREST224", "should_make_line": true }, "geometry": { "type": "Point", "coordinates": [ 533650.589792677899823, 7262110.564493066631258, 732.29509387278199 ] } },
{ "type": "Feature", "properties": { "Name": "SOS1_N_CREST225", "Code": null, "Northing": 305139.2925, "Easting": -33724.75806, "Elevation": 732.9996, "source_file": "20260319_SOS1 points.shp", "group": "SOS1", "direction": "N", "type": "CREST", "sequence": 225, "full_name": "SOS1_N_CREST225", "should_make_line": true }, "geometry": { "type": "Point", "coordinates": [ 533650.406260137329809, 7262106.811769138090312, 732.999595671292695 ] } },
{ "type": "Feature", "properties": { "Name": "SOS1_N_CREST226", "Code": null, "Northing": 305143.37647000002, "Easting": -33724.57883, "Elevation": 733.71946, "source_file": "20260319_SOS1 points.shp", "group": "SOS1", "direction": "N", "type": "CREST", "sequence": 226, "full_name": "SOS1_N_CREST226", "should_make_line": true }, "geometry": { "type": "Point", "coordinates": [ 533650.227110109408386, 7262102.729448726400733, 733.719455652806914 ] } },
{ "type": "Feature", "properties": { "Name": "SOS1_N_CREST227", "Code": null, "Northing": 305147.35866000003, "Easting": -33724.3122, "Elevation": 734.44219, "source_file": "20260319_SOS1 points.shp", "group": "SOS1", "direction": "N", "type": "CREST", "sequence": 227, "full_name": "SOS1_N_CREST227", "should_make_line": true }, "geometry": { "type": "Point", "coordinates": [ 533649.960604096995667, 7262098.748872800730169, 734.442191027439662 ] } },
{ "type": "Feature", "properties": { "Name": "SOS1_N_CREST228", "Code": null, "Northing": 305151.463, "Easting": -33723.98349, "Elevation": 735.21849, "source_file": "20260319_SOS1 points.shp", "group": "SOS1", "direction": "N", "type": "CREST", "sequence": 228, "full_name": "SOS1_N_CREST228", "should_make_line": true }, "geometry": { "type": "Point", "coordinates": [ 533649.632027176907286, 7262094.646196810528636, 735.218493092384278 ] } },
{ "type": "Feature", "properties": { "Name": "SOS1_N_CREST229", "Code": null, "Northing": 305155.14221000002, "Easting": -33723.64068, "Elevation": 735.8833, "source_file": "20260319_SOS1 points.shp", "group": "SOS1", "direction": "N", "type": "CREST", "sequence": 229, "full_name": "SOS1_N_CREST229", "should_make_line": true }, "geometry": { "type": "Point", "coordinates": [ 533649.289361228817143, 7262090.968483144417405, 735.883296977812506 ] } },
{ "type": "Feature", "properties": { "Name": "SOS1_N_CREST230", "Code": null, "Northing": 305158.85125000001, "Easting": -33723.3129, "Elevation": 736.57002, "source_file": "20260319_SOS1 points.shp", "group": "SOS1", "direction": "N", "type": "CREST", "sequence": 230, "full_name": "SOS1_N_CREST230", "should_make_line": true }, "geometry": { "type": "Point", "coordinates": [ 533648.961721709114499, 7262087.260938568040729, 736.570018528536821 ] } },
{ "type": "Feature", "properties": { "Name": "SOS1_N_CREST231", "Code": null, "Northing": 305162.79721, "Easting": -33722.88727, "Elevation": 737.2529, "source_file": "20260319_SOS1 points.shp", "group": "SOS1", "direction": "N", "type": "CREST", "sequence": 231, "full_name": "SOS1_N_CREST231", "should_make_line": true }, "geometry": { "type": "Point", "coordinates": [ 533648.536270765587687, 7262083.316585908643901, 737.252902117049075 ] } },
{ "type": "Feature", "properties": { "Name": "SOS1_N_CREST232", "Code": null, "Northing": 305166.39096, "Easting": -33722.27524, "Elevation": 737.94449, "source_file": "20260319_SOS1 points.shp", "group": "SOS1", "direction": "N", "type": "CREST", "sequence": 232, "full_name": "SOS1_N_CREST232", "should_make_line": true }, "geometry": { "type": "Point", "coordinates": [ 533647.924498523934744, 7262079.724289167672396, 737.944489348043817 ] } },
{ "type": "Feature", "properties": { "Name": "SOS1_N_CREST233", "Code": null, "Northing": 305170.03229, "Easting": -33721.30044, "Elevation": 738.86683, "source_file": "20260319_SOS1 points.shp", "group": "SOS1", "direction": "N", "type": "CREST", "sequence": 233, "full_name": "SOS1_N_CREST233", "should_make_line": true }, "geometry": { "type": "Point", "coordinates": [ 533646.950102984905243, 7262076.084430523216724, 738.866829669261733 ] } },
{ "type": "Feature", "properties": { "Name": "SOS1_N_CREST234", "Code": null, "Northing": 305172.80403, "Easting": -33720.4347, "Elevation": 739.67556, "source_file": "20260319_SOS1 points.shp", "group": "SOS1", "direction": "N", "type": "CREST", "sequence": 234, "full_name": "SOS1_N_CREST234", "should_make_line": true }, "geometry": { "type": "Point", "coordinates": [ 533646.084725298685953, 7262073.3138199262321, 739.675563649235642 ] } },
{ "type": "Feature", "properties": { "Name": "SOS1_N_CREST235", "Code": null, "Northing": 305175.5111, "Easting": -33719.6406, "Elevation": 740.42369, "source_file": "20260319_SOS1 points.shp", "group": "SOS1", "direction": "N", "type": "CREST", "sequence": 235, "full_name": "SOS1_N_CREST235", "should_make_line": true }, "geometry": { "type": "Point", "coordinates": [ 533645.290944889304228, 7262070.607843590900302, 740.423692153108959 ] } },
{ "type": "Feature", "properties": { "Name": "SOS1_N_CREST236", "Code": null, "Northing": 305176.97543, "Easting": -33719.37173, "Elevation": 740.74026, "source_file": "20260319_SOS1 points.shp", "group": "SOS1", "direction": "N", "type": "CREST", "sequence": 236, "full_name": "SOS1_N_CREST236", "should_make_line": true }, "geometry": { "type": "Point", "coordinates": [ 533645.02219445258379, 7262069.14411604590714, 740.740261008611469 ] } },
{ "type": "Feature", "properties": { "Name": "SOS1_N_CREST237", "Code": null, "Northing": 305179.11091, "Easting": -33719.2864, "Elevation": 741.05659, "source_file": "20260319_SOS1 points.shp", "group": "SOS1", "direction": "N", "type": "CREST", "sequence": 237, "full_name": "SOS1_N_CREST237", "should_make_line": true }, "geometry": { "type": "Point", "coordinates": [ 533644.936896097380668, 7262067.009501410648227, 741.056586707581005 ] } },
{ "type": "Feature", "properties": { "Name": "SOS1_N_CREST238", "Code": null, "Northing": 305180.9881, "Easting": -33719.38171, "Elevation": 741.30021, "source_file": "20260319_SOS1 points.shp", "group": "SOS1", "direction": "N", "type": "CREST", "sequence": 238, "full_name": "SOS1_N_CREST238", "should_make_line": true }, "geometry": { "type": "Point", "coordinates": [ 533645.032174034276977, 7262065.133071802556515, 741.300213006274248 ] } },
{ "type": "Feature", "properties": { "Name": "SOS1_N_CREST239", "Code": null, "Northing": 305183.21675999998, "Easting": -33719.65295, "Elevation": 741.51687, "source_file": "20260319_SOS1 points.shp", "group": "SOS1", "direction": "N", "type": "CREST", "sequence": 239, "full_name": "SOS1_N_CREST239", "should_make_line": true }, "geometry": { "type": "Point", "coordinates": [ 533645.303307915804908, 7262062.905311333015561, 741.516874954080322 ] } },
{ "type": "Feature", "properties": { "Name": "SOS1_N_CREST240", "Code": null, "Northing": 305185.43169, "Easting": -33720.02047, "Elevation": 741.69319, "source_file": "20260319_SOS1 points.shp", "group": "SOS1", "direction": "N", "type": "CREST", "sequence": 240, "full_name": "SOS1_N_CREST240", "should_make_line": true }, "geometry": { "type": "Point", "coordinates": [ 533645.670676539186388, 7262060.69127353746444, 741.693194477339603 ] } },
{ "type": "Feature", "properties": { "Name": "SOS1_N_CREST241", "Code": null, "Northing": 305188.29212, "Easting": -33720.70951, "Elevation": 741.93009, "source_file": "20260319_SOS1 points.shp", "group": "SOS1", "direction": "N", "type": "CREST", "sequence": 241, "full_name": "SOS1_N_CREST241", "should_make_line": true }, "geometry": { "type": "Point", "coordinates": [ 533646.359437923296355, 7262057.832001147791743, 741.930092002782089 ] } },
{ "type": "Feature", "properties": { "Name": "SOS1_N_CREST242", "Code": null, "Northing": 305190.41691000003, "Easting": -33721.29467, "Elevation": 742.08573, "source_file": "20260319_SOS1 points.shp", "group": "SOS1", "direction": "N", "type": "CREST", "sequence": 242, "full_name": "SOS1_N_CREST242", "should_make_line": true }, "geometry": { "type": "Point", "coordinates": [ 533646.944367417600006, 7262055.708076681941748, 742.085725506130075 ] } },
{ "type": "Feature", "properties": { "Name": "SOS1_N_CREST243", "Code": null, "Northing": 305193.01158, "Easting": -33722.11478, "Elevation": 742.2448, "source_file": "20260319_SOS1 points.shp", "group": "SOS1", "direction": "N", "type": "CREST", "sequence": 243, "full_name": "SOS1_N_CREST243", "should_make_line": true }, "geometry": { "type": "Point", "coordinates": [ 533647.764148636255413, 7262053.114459091797471, 742.244803328906528 ] } },
{ "type": "Feature", "properties": { "Name": "SOS1_N_CREST244", "Code": null, "Northing": 305195.58808000002, "Easting": -33723.03691, "Elevation": 742.4213, "source_file": "20260319_SOS1 points.shp", "group": "SOS1", "direction": "N", "type": "CREST", "sequence": 244, "full_name": "SOS1_N_CREST244", "should_make_line": true }, "geometry": { "type": "Point", "coordinates": [ 533648.685909471008927, 7262050.539003428071737, 742.421296232885425 ] } },
{ "type": "Feature", "properties": { "Name": "SOS1_N_CREST245", "Code": null, "Northing": 305198.05800999998, "Easting": -33724.05049, "Elevation": 742.58774, "source_file": "20260319_SOS1 points.shp", "group": "SOS1", "direction": "N", "type": "CREST", "sequence": 245, "full_name": "SOS1_N_CREST245", "should_make_line": true }, "geometry": { "type": "Point", "coordinates": [ 533649.699073343304917, 7262048.070066215470433, 742.587743247918525 ] } },
{ "type": "Feature", "properties": { "Name": "SOS1_N_CREST246", "Code": null, "Northing": 305200.31138000003, "Easting": -33725.00986, "Elevation": 742.74978, "source_file": "20260319_SOS1 points.shp", "group": "SOS1", "direction": "N", "type": "CREST", "sequence": 246, "full_name": "SOS1_N_CREST246", "should_make_line": true }, "geometry": { "type": "Point", "coordinates": [ 533650.658062606118619, 7262045.817615712061524, 742.749779410884685 ] } },
{ "type": "Feature", "properties": { "Name": "SOS1_N_CREST247", "Code": null, "Northing": 305202.05812, "Easting": -33725.78577, "Elevation": 742.87008, "source_file": "20260319_SOS1 points.shp", "group": "SOS1", "direction": "N", "type": "CREST", "sequence": 247, "full_name": "SOS1_N_CREST247", "should_make_line": true }, "geometry": { "type": "Point", "coordinates": [ 533651.433657315676101, 7262044.071581836789846, 742.87008062600728 ] } },
{ "type": "Feature", "properties": { "Name": "SOS1_N_CREST248", "Code": null, "Northing": 305204.12507000001, "Easting": -33726.80923, "Elevation": 742.9975, "source_file": "20260319_SOS1 points.shp", "group": "SOS1", "direction": "N", "type": "CREST", "sequence": 248, "full_name": "SOS1_N_CREST248", "should_make_line": true }, "geometry": { "type": "Point", "coordinates": [ 533652.456699801492505, 7262042.005466938018799, 742.997495268007015 ] } },
{ "type": "Feature", "properties": { "Name": "SOS1_N_CREST249", "Code": null, "Northing": 305206.10184000002, "Easting": -33727.72258, "Elevation": 743.09967, "source_file": "20260319_SOS1 points.shp", "group": "SOS1", "direction": "N", "type": "CREST", "sequence": 249, "full_name": "SOS1_N_CREST249", "should_make_line": true }, "geometry": { "type": "Point", "coordinates": [ 533653.369689250714146, 7262040.029496527276933, 743.099666415542174 ] } },
{ "type": "Feature", "properties": { "Name": "SOS1_N_CREST250", "Code": null, "Northing": 305208.49345000001, "Easting": -33729.0394, "Elevation": 743.24045, "source_file": "20260319_SOS1 points.shp", "group": "SOS1", "direction": "N", "type": "CREST", "sequence": 250, "full_name": "SOS1_N_CREST250", "should_make_line": true }, "geometry": { "type": "Point", "coordinates": [ 533654.68597300327383, 7262037.638858746737242, 743.24044783492468 ] } },
{ "type": "Feature", "properties": { "Name": "SOS1_N_CREST251", "Code": null, "Northing": 305210.58734000003, "Easting": -33730.14972, "Elevation": 743.41606, "source_file": "20260319_SOS1 points.shp", "group": "SOS1", "direction": "N", "type": "CREST", "sequence": 251, "full_name": "SOS1_N_CREST251", "should_make_line": true }, "geometry": { "type": "Point", "coordinates": [ 533655.795844353735447, 7262035.545807580463588, 743.416062775491241 ] } },
{ "type": "Feature", "properties": { "Name": "SOS1_N_CREST252", "Code": null, "Northing": 305213.15772999998, "Easting": -33731.5828, "Elevation": 743.53562, "source_file": "20260319_SOS1 points.shp", "group": "SOS1", "direction": "N", "type": "CREST", "sequence": 252, "full_name": "SOS1_N_CREST252", "should_make_line": true }, "geometry": { "type": "Point", "coordinates": [ 533657.228347350144759, 7262032.976465908810496, 743.535619341357005 ] } },
{ "type": "Feature", "properties": { "Name": "SOS1_N_CREST253", "Code": null, "Northing": 305215.79002000001, "Easting": -33733.00143, "Elevation": 743.70928, "source_file": "20260319_SOS1 points.shp", "group": "SOS1", "direction": "N", "type": "CREST", "sequence": 253, "full_name": "SOS1_N_CREST253", "should_make_line": true }, "geometry": { "type": "Point", "coordinates": [ 533658.646408671862446, 7262030.345238095149398, 743.709277086957513 ] } },
{ "type": "Feature", "properties": { "Name": "SOS1_N_CREST254", "Code": null, "Northing": 305217.68948, "Easting": -33734.08448, "Elevation": 743.84688, "source_file": "20260319_SOS1 points.shp", "group": "SOS1", "direction": "N", "type": "CREST", "sequence": 254, "full_name": "SOS1_N_CREST254", "should_make_line": true }, "geometry": { "type": "Point", "coordinates": [ 533659.72902184294071, 7262028.446542406454682, 743.846876383939502 ] } },
{ "type": "Feature", "properties": { "Name": "SOS1_N_CREST255", "Code": null, "Northing": 305219.74920999998, "Easting": -33735.2103, "Elevation": 743.97123, "source_file": "20260319_SOS1 points.shp", "group": "SOS1", "direction": "N", "type": "CREST", "sequence": 255, "full_name": "SOS1_N_CREST255", "should_make_line": true }, "geometry": { "type": "Point", "coordinates": [ 533660.85438507294748, 7262026.387653509154916, 743.971234634952111 ] } },
{ "type": "Feature", "properties": { "Name": "SOS1_N_CREST256", "Code": null, "Northing": 305221.72229000001, "Easting": -33736.2804, "Elevation": 744.11817, "source_file": "20260319_SOS1 points.shp", "group": "SOS1", "direction": "N", "type": "CREST", "sequence": 256, "full_name": "SOS1_N_CREST256", "should_make_line": true }, "geometry": { "type": "Point", "coordinates": [ 533661.92405123973731, 7262024.415366915985942, 744.118166962686587 ] } },
{ "type": "Feature", "properties": { "Name": "SOS1_N_CREST257", "Code": null, "Northing": 305224.17011000001, "Easting": -33737.63099, "Elevation": 744.24629, "source_file": "20260319_SOS1 points.shp", "group": "SOS1", "direction": "N", "type": "CREST", "sequence": 257, "full_name": "SOS1_N_CREST257", "should_make_line": true }, "geometry": { "type": "Point", "coordinates": [ 533663.274097013636492, 7262021.968540033325553, 744.246286592562342 ] } },
{ "type": "Feature", "properties": { "Name": "SOS1_N_CREST258", "Code": null, "Northing": 305225.93339000002, "Easting": -33738.64014, "Elevation": 744.35811, "source_file": "20260319_SOS1 points.shp", "group": "SOS1", "direction": "N", "type": "CREST", "sequence": 258, "full_name": "SOS1_N_CREST258", "should_make_line": true }, "geometry": { "type": "Point", "coordinates": [ 533664.282841222826391, 7262020.205971762537956, 744.358113981409133 ] } },
{ "type": "Feature", "properties": { "Name": "SOS1_N_CREST259", "Code": null, "Northing": 305226.45617999998, "Easting": -33739.08171, "Elevation": 744.56474, "source_file": "20260319_SOS1 points.shp", "group": "SOS1", "direction": "N", "type": "CREST", "sequence": 259, "full_name": "SOS1_N_CREST259", "should_make_line": true }, "geometry": { "type": "Point", "coordinates": [ 533664.724235372268595, 7262019.683399621397257, 744.564741850458745 ] } },
{ "type": "Feature", "properties": { "Name": "SOS1_N_CREST260", "Code": null, "Northing": 305227.77127000003, "Easting": -33739.70285, "Elevation": 744.45589, "source_file": "20260319_SOS1 points.shp", "group": "SOS1", "direction": "N", "type": "CREST", "sequence": 260, "full_name": "SOS1_N_CREST260", "should_make_line": true }, "geometry": { "type": "Point", "coordinates": [ 533665.345117640332319, 7262018.368837896734476, 744.455890962779449 ] } },
{ "type": "Feature", "properties": { "Name": "SOS1_N_CREST261", "Code": null, "Northing": 305230.42528000002, "Easting": -33741.27839, "Elevation": 744.6084, "source_file": "20260319_SOS1 points.shp", "group": "SOS1", "direction": "N", "type": "CREST", "sequence": 261, "full_name": "SOS1_N_CREST261", "should_make_line": true }, "geometry": { "type": "Point", "coordinates": [ 533666.920027348096482, 7262015.715904492884874, 744.608398536422897 ] } },
{ "type": "Feature", "properties": { "Name": "SOS1_N_CREST262", "Code": null, "Northing": 305233.27194000001, "Easting": -33742.99422, "Elevation": 744.8016, "source_file": "20260319_SOS1 points.shp", "group": "SOS1", "direction": "N", "type": "CREST", "sequence": 262, "full_name": "SOS1_N_CREST262", "should_make_line": true }, "geometry": { "type": "Point", "coordinates": [ 533668.635163535713218, 7262012.870393333956599, 744.801601834998451 ] } },
{ "type": "Feature", "properties": { "Name": "SOS1_N_CREST263", "Code": null, "Northing": 305236.02375, "Easting": -33744.5132, "Elevation": 744.95676, "source_file": "20260319_SOS1 points.shp", "group": "SOS1", "direction": "N", "type": "CREST", "sequence": 263, "full_name": "SOS1_N_CREST263", "should_make_line": true }, "geometry": { "type": "Point", "coordinates": [ 533670.153527008718811, 7262010.119700544513762, 744.956764437743004 ] } },
{ "type": "Feature", "properties": { "Name": "SOS1_N_CREST264", "Code": null, "Northing": 305238.31670999998, "Easting": -33745.85533, "Elevation": 745.13081, "source_file": "20260319_SOS1 points.shp", "group": "SOS1", "direction": "N", "type": "CREST", "sequence": 264, "full_name": "SOS1_N_CREST264", "should_make_line": true }, "geometry": { "type": "Point", "coordinates": [ 533671.49512235482689, 7262007.827668819576502, 745.130814088304987 ] } },
{ "type": "Feature", "properties": { "Name": "SOS1_N_CREST265", "Code": null, "Northing": 305240.82887000003, "Easting": -33747.3412, "Elevation": 745.28561, "source_file": "20260319_SOS1 points.shp", "group": "SOS1", "direction": "N", "type": "CREST", "sequence": 265, "full_name": "SOS1_N_CREST265", "should_make_line": true }, "geometry": { "type": "Point", "coordinates": [ 533672.980386511888355, 7262005.31652956828475, 745.285606246993325 ] } },
{ "type": "Feature", "properties": { "Name": "SOS1_N_CREST266", "Code": null, "Northing": 305243.47017, "Easting": -33748.94182, "Elevation": 745.44803, "source_file": "20260319_SOS1 points.shp", "group": "SOS1", "direction": "N", "type": "CREST", "sequence": 266, "full_name": "SOS1_N_CREST266", "should_make_line": true }, "geometry": { "type": "Point", "coordinates": [ 533674.58036696841009, 7262002.676289893686771, 745.448026654533464 ] } },
{ "type": "Feature", "properties": { "Name": "SOS1_N_CREST267", "Code": null, "Northing": 305246.19111000001, "Easting": -33750.57729, "Elevation": 745.56263, "source_file": "20260319_SOS1 points.shp", "group": "SOS1", "direction": "N", "type": "CREST", "sequence": 267, "full_name": "SOS1_N_CREST267", "should_make_line": true }, "geometry": { "type": "Point", "coordinates": [ 533676.215168222784996, 7261999.956451946869493, 745.562634406989559 ] } },
{ "type": "Feature", "properties": { "Name": "SOS1_N_CREST268", "Code": null, "Northing": 305248.54784999997, "Easting": -33752.09269, "Elevation": 745.70353, "source_file": "20260319_SOS1 points.shp", "group": "SOS1", "direction": "N", "type": "CREST", "sequence": 268, "full_name": "SOS1_N_CREST268", "should_make_line": true }, "geometry": { "type": "Point", "coordinates": [ 533677.729955586837605, 7261997.600668890401721, 745.703532220150237 ] } },
{ "type": "Feature", "properties": { "Name": "SOS1_N_CREST269", "Code": null, "Northing": 305250.69095999998, "Easting": -33753.42915, "Elevation": 745.81005, "source_file": "20260319_SOS1 points.shp", "group": "SOS1", "direction": "N", "type": "CREST", "sequence": 269, "full_name": "SOS1_N_CREST269", "should_make_line": true }, "geometry": { "type": "Point", "coordinates": [ 533679.06588240514975, 7261995.458429679274559, 745.8100490266105 ] } },
{ "type": "Feature", "properties": { "Name": "SOS1_N_CREST270", "Code": null, "Northing": 305252.35336000001, "Easting": -33754.48298, "Elevation": 745.90246, "source_file": "20260319_SOS1 points.shp", "group": "SOS1", "direction": "N", "type": "CREST", "sequence": 270, "full_name": "SOS1_N_CREST270", "should_make_line": true }, "geometry": { "type": "Point", "coordinates": [ 533680.119282945757732, 7261993.796699554659426, 745.902463036875815 ] } },
{ "type": "Feature", "properties": { "Name": "SOS1_N_CREST271", "Code": null, "Northing": 305254.04887, "Easting": -33755.50903, "Elevation": 745.99381, "source_file": "20260319_SOS1 points.shp", "group": "SOS1", "direction": "N", "type": "CREST", "sequence": 271, "full_name": "SOS1_N_CREST271", "should_make_line": true }, "geometry": { "type": "Point", "coordinates": [ 533681.144918708479963, 7261992.101881767623127, 745.99381043637743 ] } },
{ "type": "Feature", "properties": { "Name": "SOS1_N_CREST272", "Code": null, "Northing": 305256.02363000001, "Easting": -33756.86191, "Elevation": 746.03884, "source_file": "20260319_SOS1 points.shp", "group": "SOS1", "direction": "N", "type": "CREST", "sequence": 272, "full_name": "SOS1_N_CREST272", "should_make_line": true }, "geometry": { "type": "Point", "coordinates": [ 533682.497258199728094, 7261990.127916749566793, 746.038840508570161 ] } },
{ "type": "Feature", "properties": { "Name": "SOS1_N_CREST273", "Code": null, "Northing": 305257.9228, "Easting": -33758.14353, "Elevation": 746.13291, "source_file": "20260319_SOS1 points.shp", "group": "SOS1", "direction": "N", "type": "CREST", "sequence": 273, "full_name": "SOS1_N_CREST273", "should_make_line": true }, "geometry": { "type": "Point", "coordinates": [ 533683.778356985771097, 7261988.229512351565063, 746.132914321129988 ] } },
{ "type": "Feature", "properties": { "Name": "SOS1_N_CREST274", "Code": null, "Northing": 305260.23799, "Easting": -33759.69651, "Elevation": 746.21462, "source_file": "20260319_SOS1 points.shp", "group": "SOS1", "direction": "N", "type": "CREST", "sequence": 274, "full_name": "SOS1_N_CREST274", "should_make_line": true }, "geometry": { "type": "Point", "coordinates": [ 533685.33071249187924, 7261985.915265176445246, 746.21462415582937 ] } },
{ "type": "Feature", "properties": { "Name": "SOS1_N_CREST275", "Code": null, "Northing": 305261.87871000002, "Easting": -33760.82762, "Elevation": 746.29482, "source_file": "20260319_SOS1 points.shp", "group": "SOS1", "direction": "N", "type": "CREST", "sequence": 275, "full_name": "SOS1_N_CREST275", "should_make_line": true }, "geometry": { "type": "Point", "coordinates": [ 533686.461364158429205, 7261984.275201495736837, 746.2948150466882 ] } },
{ "type": "Feature", "properties": { "Name": "SOS1_N_CREST276", "Code": null, "Northing": 305263.56335999997, "Easting": -33761.90147, "Elevation": 746.35212, "source_file": "20260319_SOS1 points.shp", "group": "SOS1", "direction": "N", "type": "CREST", "sequence": 276, "full_name": "SOS1_N_CREST276", "should_make_line": true }, "geometry": { "type": "Point", "coordinates": [ 533687.534776074811816, 7261982.591236596927047, 746.352120879807103 ] } },
{ "type": "Feature", "properties": { "Name": "SOS1_N_CREST277", "Code": null, "Northing": 305265.39249, "Easting": -33763.06504, "Elevation": 746.42746, "source_file": "20260319_SOS1 points.shp", "group": "SOS1", "direction": "N", "type": "CREST", "sequence": 277, "full_name": "SOS1_N_CREST277", "should_make_line": true }, "geometry": { "type": "Point", "coordinates": [ 533688.697872664663009, 7261980.762851767241955, 746.427460909430465 ] } },
{ "type": "Feature", "properties": { "Name": "SOS1_N_CREST278", "Code": null, "Northing": 305266.98806, "Easting": -33764.11064, "Elevation": 746.45209, "source_file": "20260319_SOS1 points.shp", "group": "SOS1", "direction": "N", "type": "CREST", "sequence": 278, "full_name": "SOS1_N_CREST278", "should_make_line": true }, "geometry": { "type": "Point", "coordinates": [ 533689.743057353422046, 7261979.167929355055094, 746.452094502495015 ] } },
{ "type": "Feature", "properties": { "Name": "SOS1_N_CREST279", "Code": null, "Northing": 305268.81308, "Easting": -33765.2509, "Elevation": 746.4835, "source_file": "20260319_SOS1 points.shp", "group": "SOS1", "direction": "N", "type": "CREST", "sequence": 279, "full_name": "SOS1_N_CREST279", "should_make_line": true }, "geometry": { "type": "Point", "coordinates": [ 533690.882854325231165, 7261977.343647940084338, 746.483503757882772 ] } },
{ "type": "Feature", "properties": { "Name": "SOS1_N_CREST280", "Code": null, "Northing": 305271.12868999998, "Easting": -33766.69171, "Elevation": 746.49751, "source_file": "20260319_SOS1 points.shp", "group": "SOS1", "direction": "N", "type": "CREST", "sequence": 280, "full_name": "SOS1_N_CREST280", "should_make_line": true }, "geometry": { "type": "Point", "coordinates": [ 533692.323080961126834, 7261975.028974143788218, 746.49751037134763 ] } },
{ "type": "Feature", "properties": { "Name": "SOS1_N_CREST281", "Code": null, "Northing": 305273.71879000001, "Easting": -33768.39112, "Elevation": 746.5248, "source_file": "20260319_SOS1 points.shp", "group": "SOS1", "direction": "N", "type": "CREST", "sequence": 281, "full_name": "SOS1_N_CREST281", "should_make_line": true }, "geometry": { "type": "Point", "coordinates": [ 533694.021802816074342, 7261972.439916678704321, 746.524797690907121 ] } },
{ "type": "Feature", "properties": { "Name": "SOS1_N_CREST282", "Code": null, "Northing": 305276.16793, "Easting": -33769.9967, "Elevation": 746.57292, "source_file": "20260319_SOS1 points.shp", "group": "SOS1", "direction": "N", "type": "CREST", "sequence": 282, "full_name": "SOS1_N_CREST282", "should_make_line": true }, "geometry": { "type": "Point", "coordinates": [ 533695.626736450009048, 7261969.991768995299935, 746.572917835428257 ] } },
{ "type": "Feature", "properties": { "Name": "SOS1_N_CREST283", "Code": null, "Northing": 305278.61566000001, "Easting": -33771.55632, "Elevation": 746.62206, "source_file": "20260319_SOS1 points.shp", "group": "SOS1", "direction": "N", "type": "CREST", "sequence": 283, "full_name": "SOS1_N_CREST283", "should_make_line": true }, "geometry": { "type": "Point", "coordinates": [ 533697.185727579402737, 7261967.545025506056845, 746.622063756372768 ] } },
{ "type": "Feature", "properties": { "Name": "SOS1_N_CREST284", "Code": null, "Northing": 305281.2842, "Easting": -33773.08529, "Elevation": 746.64095, "source_file": "20260319_SOS1 points.shp", "group": "SOS1", "direction": "N", "type": "CREST", "sequence": 284, "full_name": "SOS1_N_CREST284", "should_make_line": true }, "geometry": { "type": "Point", "coordinates": [ 533698.714076160336845, 7261964.877574108541012, 746.640950386260329 ] } },
{ "type": "Feature", "properties": { "Name": "SOS1_N_CREST285", "Code": null, "Northing": 305283.64331000001, "Easting": -33774.47176, "Elevation": 746.65005, "source_file": "20260319_SOS1 points.shp", "group": "SOS1", "direction": "N", "type": "CREST", "sequence": 285, "full_name": "SOS1_N_CREST285", "should_make_line": true }, "geometry": { "type": "Point", "coordinates": [ 533700.099981340346858, 7261962.519413936883211, 746.650053478017981 ] } },
{ "type": "Feature", "properties": { "Name": "SOS1_N_CREST286", "Code": null, "Northing": 305286.10638000001, "Easting": -33775.93459, "Elevation": 746.67752, "source_file": "20260319_SOS1 points.shp", "group": "SOS1", "direction": "N", "type": "CREST", "sequence": 286, "full_name": "SOS1_N_CREST286", "should_make_line": true }, "geometry": { "type": "Point", "coordinates": [ 533701.562218585168011, 7261960.057337156496942, 746.67752416201597 ] } },
{ "type": "Feature", "properties": { "Name": "SOS1_N_CREST287", "Code": null, "Northing": 305288.71363999997, "Easting": -33777.40276, "Elevation": 746.65865, "source_file": "20260319_SOS1 points.shp", "group": "SOS1", "direction": "N", "type": "CREST", "sequence": 287, "full_name": "SOS1_N_CREST287", "should_make_line": true }, "geometry": { "type": "Point", "coordinates": [ 533703.029799560667016, 7261957.451134563423693, 746.658647481136654 ] } },
{ "type": "Feature", "properties": { "Name": "SOS1_N_CREST288", "Code": null, "Northing": 305290.57302000001, "Easting": -33778.471, "Elevation": 746.65817, "source_file": "20260319_SOS1 points.shp", "group": "SOS1", "direction": "N", "type": "CREST", "sequence": 288, "full_name": "SOS1_N_CREST288", "should_make_line": true }, "geometry": { "type": "Point", "coordinates": [ 533704.097609661286697, 7261955.592503500171006, 746.658169006865137 ] } },
{ "type": "Feature", "properties": { "Name": "SOS1_N_CREST289", "Code": null, "Northing": 305293.09726000001, "Easting": -33779.86712, "Elevation": 746.64839, "source_file": "20260319_SOS1 points.shp", "group": "SOS1", "direction": "N", "type": "CREST", "sequence": 289, "full_name": "SOS1_N_CREST289", "should_make_line": true }, "geometry": { "type": "Point", "coordinates": [ 533705.493156749173068, 7261953.06928944028914, 746.648389339604137 ] } },
{ "type": "Feature", "properties": { "Name": "SOS1_N_CREST290", "Code": null, "Northing": 305295.68107, "Easting": -33781.28058, "Elevation": 746.64363, "source_file": "20260319_SOS1 points.shp", "group": "SOS1", "direction": "N", "type": "CREST", "sequence": 290, "full_name": "SOS1_N_CREST290", "should_make_line": true }, "geometry": { "type": "Point", "coordinates": [ 533706.906045989249833, 7261950.486528776586056, 746.643625544824431 ] } },
{ "type": "Feature", "properties": { "Name": "SOS1_N_CREST291", "Code": null, "Northing": 305298.36946999998, "Easting": -33782.71114, "Elevation": 746.63761, "source_file": "20260319_SOS1 points.shp", "group": "SOS1", "direction": "N", "type": "CREST", "sequence": 291, "full_name": "SOS1_N_CREST291", "should_make_line": true }, "geometry": { "type": "Point", "coordinates": [ 533708.336032309336588, 7261947.799210539087653, 746.637608604524758 ] } },
{ "type": "Feature", "properties": { "Name": "SOS1_N_CREST292", "Code": null, "Northing": 305300.97955, "Easting": -33784.11205, "Elevation": 746.61316, "source_file": "20260319_SOS1 points.shp", "group": "SOS1", "direction": "N", "type": "CREST", "sequence": 292, "full_name": "SOS1_N_CREST292", "should_make_line": true }, "geometry": { "type": "Point", "coordinates": [ 533709.73637028306257, 7261945.190186573192477, 746.613163999321614 ] } },
{ "type": "Feature", "properties": { "Name": "SOS1_N_CREST293", "Code": null, "Northing": 305303.61761999998, "Easting": -33785.52639, "Elevation": 746.61904, "source_file": "20260319_SOS1 points.shp", "group": "SOS1", "direction": "N", "type": "CREST", "sequence": 293, "full_name": "SOS1_N_CREST293", "should_make_line": true }, "geometry": { "type": "Point", "coordinates": [ 533711.150135740637779, 7261942.553186697885394, 746.619037113183481 ] } },
{ "type": "Feature", "properties": { "Name": "SOS1_N_CREST294", "Code": null, "Northing": 305304.85038999998, "Easting": -33786.16273, "Elevation": 746.6109, "source_file": "20260319_SOS1 points.shp", "group": "SOS1", "direction": "N", "type": "CREST", "sequence": 294, "full_name": "SOS1_N_CREST294", "should_make_line": true }, "geometry": { "type": "Point", "coordinates": [ 533711.786223456496373, 7261941.320915814489126, 746.610902663155457 ] } },
{ "type": "Feature", "properties": { "Name": "SOS1_N_CREST295", "Code": null, "Northing": 305307.17648999998, "Easting": -33787.31208, "Elevation": 746.64159, "source_file": "20260319_SOS1 points.shp", "group": "SOS1", "direction": "N", "type": "CREST", "sequence": 295, "full_name": "SOS1_N_CREST295", "should_make_line": true }, "geometry": { "type": "Point", "coordinates": [ 533712.935111818136647, 7261938.995757982134819, 746.641594482324194 ] } },
{ "type": "Feature", "properties": { "Name": "SOS1_N_CREST296", "Code": null, "Northing": 305309.45346, "Easting": -33788.43999, "Elevation": 746.67934, "source_file": "20260319_SOS1 points.shp", "group": "SOS1", "direction": "N", "type": "CREST", "sequence": 296, "full_name": "SOS1_N_CREST296", "should_make_line": true }, "geometry": { "type": "Point", "coordinates": [ 533714.06256670167204, 7261936.719705171883106, 746.679341160720355 ] } },
{ "type": "Feature", "properties": { "Name": "SOS1_N_CREST297", "Code": null, "Northing": 305311.85462, "Easting": -33789.68978, "Elevation": 746.65846, "source_file": "20260319_SOS1 points.shp", "group": "SOS1", "direction": "N", "type": "CREST", "sequence": 297, "full_name": "SOS1_N_CREST297", "should_make_line": true }, "geometry": { "type": "Point", "coordinates": [ 533715.311846359632909, 7261934.31951692327857, 746.658457631376905 ] } },
{ "type": "Feature", "properties": { "Name": "SOS1_N_CREST298", "Code": null, "Northing": 305314.38687, "Easting": -33790.9768, "Elevation": 746.63167, "source_file": "20260319_SOS1 points.shp", "group": "SOS1", "direction": "N", "type": "CREST", "sequence": 298, "full_name": "SOS1_N_CREST298", "should_make_line": true }, "geometry": { "type": "Point", "coordinates": [ 533716.598349497886375, 7261931.788293844088912, 746.631674437537754 ] } },
{ "type": "Feature", "properties": { "Name": "SOS1_N_CREST299", "Code": null, "Northing": 305317.56854000001, "Easting": -33792.4172, "Elevation": 746.59846, "source_file": "20260319_SOS1 points.shp", "group": "SOS1", "direction": "N", "type": "CREST", "sequence": 299, "full_name": "SOS1_N_CREST299", "should_make_line": true }, "geometry": { "type": "Point", "coordinates": [ 533718.038157008588314, 7261928.607907242141664, 746.59846120818986 ] } },
{ "type": "Feature", "properties": { "Name": "SOS1_N_CREST300", "Code": null, "Northing": 305320.49468, "Easting": -33793.6583, "Elevation": 746.63597, "source_file": "20260319_SOS1 points.shp", "group": "SOS1", "direction": "N", "type": "CREST", "sequence": 300, "full_name": "SOS1_N_CREST300", "should_make_line": true }, "geometry": { "type": "Point", "coordinates": [ 533719.278764944756404, 7261925.682960217818618, 746.635965849387389 ] } },
{ "type": "Feature", "properties": { "Name": "SOS1_N_CREST301", "Code": null, "Northing": 305323.28949, "Easting": -33794.89904, "Elevation": 746.60871, "source_file": "20260319_SOS1 points.shp", "group": "SOS1", "direction": "N", "type": "CREST", "sequence": 301, "full_name": "SOS1_N_CREST301", "should_make_line": true }, "geometry": { "type": "Point", "coordinates": [ 533720.518996160244569, 7261922.889276497066021, 746.608705081579046 ] } },
{ "type": "Feature", "properties": { "Name": "SOS1_N_CREST302", "Code": null, "Northing": 305325.36608000001, "Easting": -33795.90084, "Elevation": 746.59145, "source_file": "20260319_SOS1 points.shp", "group": "SOS1", "direction": "N", "type": "CREST", "sequence": 302, "full_name": "SOS1_N_CREST302", "should_make_line": true }, "geometry": { "type": "Point", "coordinates": [ 533721.520388647331856, 7261920.813526180572808, 746.591452723148109 ] } },
{ "type": "Feature", "properties": { "Name": "SOS1_N_CREST303", "Code": null, "Northing": 305327.42205, "Easting": -33796.80258, "Elevation": 746.57248, "source_file": "20260319_SOS1 points.shp", "group": "SOS1", "direction": "N", "type": "CREST", "sequence": 303, "full_name": "SOS1_N_CREST303", "should_make_line": true }, "geometry": { "type": "Point", "coordinates": [ 533722.42177200759761, 7261918.758385306224227, 746.572484138080426 ] } },
{ "type": "Feature", "properties": { "Name": "SOS1_N_CREST304", "Code": null, "Northing": 305329.93479000003, "Easting": -33797.88591, "Elevation": 746.56398, "source_file": "20260319_SOS1 points.shp", "group": "SOS1", "direction": "N", "type": "CREST", "sequence": 304, "full_name": "SOS1_N_CREST304", "should_make_line": true }, "geometry": { "type": "Point", "coordinates": [ 533723.504658200894482, 7261916.246666060760617, 746.563984974994696 ] } },
{ "type": "Feature", "properties": { "Name": "SOS1_N_CREST305", "Code": null, "Northing": 305332.5347, "Easting": -33798.92829, "Elevation": 746.57744, "source_file": "20260319_SOS1 points.shp", "group": "SOS1", "direction": "N", "type": "CREST", "sequence": 305, "full_name": "SOS1_N_CREST305", "should_make_line": true }, "geometry": { "type": "Point", "coordinates": [ 533724.546612025238574, 7261913.647808685898781, 746.57744458193838 ] } },
{ "type": "Feature", "properties": { "Name": "SOS1_N_CREST306", "Code": null, "Northing": 305335.17277, "Easting": -33800.08681, "Elevation": 746.52767, "source_file": "20260319_SOS1 points.shp", "group": "SOS1", "direction": "N", "type": "CREST", "sequence": 306, "full_name": "SOS1_N_CREST306", "should_make_line": true }, "geometry": { "type": "Point", "coordinates": [ 533725.7046680158237, 7261911.010809453204274, 746.527673806512666 ] } },
{ "type": "Feature", "properties": { "Name": "SOS1_N_CREST307", "Code": null, "Northing": 305336.98354, "Easting": -33800.85329, "Elevation": 746.49332, "source_file": "20260319_SOS1 points.shp", "group": "SOS1", "direction": "N", "type": "CREST", "sequence": 307, "full_name": "SOS1_N_CREST307", "should_make_line": true }, "geometry": { "type": "Point", "coordinates": [ 533726.470840060967021, 7261909.200767496600747, 746.493315889032033 ] } },
{ "type": "Feature", "properties": { "Name": "SOS1_N_CREST308", "Code": null, "Northing": 305338.87325, "Easting": -33801.64724, "Elevation": 746.4221, "source_file": "20260319_SOS1 points.shp", "group": "SOS1", "direction": "N", "type": "CREST", "sequence": 308, "full_name": "SOS1_N_CREST308", "should_make_line": true }, "geometry": { "type": "Point", "coordinates": [ 533727.26446509885136, 7261907.311822962015867, 746.422099278104383 ] } },
{ "type": "Feature", "properties": { "Name": "SOS1_N_CREST309", "Code": null, "Northing": 305340.53796, "Easting": -33802.33478, "Elevation": 746.39973, "source_file": "20260319_SOS1 points.shp", "group": "SOS1", "direction": "N", "type": "CREST", "sequence": 309, "full_name": "SOS1_N_CREST309", "should_make_line": true }, "geometry": { "type": "Point", "coordinates": [ 533727.951729741296731, 7261905.647782252170146, 746.39972746299236 ] } },
{ "type": "Feature", "properties": { "Name": "SOS1_N_CREST310", "Code": null, "Northing": 305342.51027000003, "Easting": -33803.15632, "Elevation": 746.3547, "source_file": "20260319_SOS1 points.shp", "group": "SOS1", "direction": "N", "type": "CREST", "sequence": 310, "full_name": "SOS1_N_CREST310", "should_make_line": true }, "geometry": { "type": "Point", "coordinates": [ 533728.77293226623442, 7261903.67627458460629, 746.354696709001928 ] } },
{ "type": "Feature", "properties": { "Name": "SOS1_N_CREST311", "Code": null, "Northing": 305344.5709, "Easting": -33804.01275, "Elevation": 746.29273, "source_file": "20260319_SOS1 points.shp", "group": "SOS1", "direction": "N", "type": "CREST", "sequence": 311, "full_name": "SOS1_N_CREST311", "should_make_line": true }, "geometry": { "type": "Point", "coordinates": [ 533729.629015410901047, 7261901.616474886424839, 746.292733020232163 ] } },
{ "type": "Feature", "properties": { "Name": "SOS1_N_CREST312", "Code": null, "Northing": 305346.608, "Easting": -33804.82978, "Elevation": 746.24324, "source_file": "20260319_SOS1 points.shp", "group": "SOS1", "direction": "N", "type": "CREST", "sequence": 312, "full_name": "SOS1_N_CREST312", "should_make_line": true }, "geometry": { "type": "Point", "coordinates": [ 533730.44571360712871, 7261899.580203669145703, 746.243242254714232 ] } },
{ "type": "Feature", "properties": { "Name": "SOS1_N_CREST313", "Code": null, "Northing": 305349.65749000001, "Easting": -33806.05325, "Elevation": 746.15591, "source_file": "20260319_SOS1 points.shp", "group": "SOS1", "direction": "N", "type": "CREST", "sequence": 313, "full_name": "SOS1_N_CREST313", "should_make_line": true }, "geometry": { "type": "Point", "coordinates": [ 533731.668689065147191, 7261896.531949318945408, 746.15590607063757 ] } },
{ "type": "Feature", "properties": { "Name": "SOS1_N_CREST314", "Code": null, "Northing": 305352.38030999998, "Easting": -33807.07643, "Elevation": 746.08548, "source_file": "20260319_SOS1 points.shp", "group": "SOS1", "direction": "N", "type": "CREST", "sequence": 314, "full_name": "SOS1_N_CREST314", "should_make_line": true }, "geometry": { "type": "Point", "coordinates": [ 533732.69145776971709, 7261893.810223396867514, 746.085483326364624 ] } },
{ "type": "Feature", "properties": { "Name": "SOS1_N_CREST315", "Code": null, "Northing": 305355.00014000002, "Easting": -33808.07569, "Elevation": 745.96174, "source_file": "20260319_SOS1 points.shp", "group": "SOS1", "direction": "N", "type": "CREST", "sequence": 315, "full_name": "SOS1_N_CREST315", "should_make_line": true }, "geometry": { "type": "Point", "coordinates": [ 533733.690312847378664, 7261891.191455950960517, 745.961743096885016 ] } },
{ "type": "Feature", "properties": { "Name": "SOS1_N_CREST316", "Code": null, "Northing": 305357.03293, "Easting": -33808.87675, "Elevation": 745.90376, "source_file": "20260319_SOS1 points.shp", "group": "SOS1", "direction": "N", "type": "CREST", "sequence": 316, "full_name": "SOS1_N_CREST316", "should_make_line": true }, "geometry": { "type": "Point", "coordinates": [ 533734.491044787690043, 7261889.159491425380111, 745.903756324136111 ] } },
{ "type": "Feature", "properties": { "Name": "SOS1_N_CREST317", "Code": null, "Northing": 305359.68566000002, "Easting": -33809.78349, "Elevation": 745.81593, "source_file": "20260319_SOS1 points.shp", "group": "SOS1", "direction": "N", "type": "CREST", "sequence": 317, "full_name": "SOS1_N_CREST317", "should_make_line": true }, "geometry": { "type": "Point", "coordinates": [ 533735.397414501057938, 7261886.507834061048925, 745.815929298011724 ] } },
{ "type": "Feature", "properties": { "Name": "SOS1_N_CREST318", "Code": null, "Northing": 305361.75423999998, "Easting": -33810.41145, "Elevation": 745.81241, "source_file": "20260319_SOS1 points.shp", "group": "SOS1", "direction": "N", "type": "CREST", "sequence": 318, "full_name": "SOS1_N_CREST318", "should_make_line": true }, "geometry": { "type": "Point", "coordinates": [ 533736.025121137150563, 7261884.440083524212241, 745.812409636102529 ] } },
{ "type": "Feature", "properties": { "Name": "SOS1_N_CREST319", "Code": null, "Northing": 305363.76863000001, "Easting": -33810.98246, "Elevation": 745.8043, "source_file": "20260319_SOS1 points.shp", "group": "SOS1", "direction": "N", "type": "CREST", "sequence": 319, "full_name": "SOS1_N_CREST319", "should_make_line": true }, "geometry": { "type": "Point", "coordinates": [ 533736.595896974205971, 7261882.426515641622245, 745.804301789737451 ] } },
{ "type": "Feature", "properties": { "Name": "SOS1_N_CREST320", "Code": null, "Northing": 305366.67449, "Easting": -33811.80188, "Elevation": 745.78576, "source_file": "20260319_SOS1 points.shp", "group": "SOS1", "direction": "N", "type": "CREST", "sequence": 320, "full_name": "SOS1_N_CREST320", "should_make_line": true }, "geometry": { "type": "Point", "coordinates": [ 533737.414991843514144, 7261879.521826561540365, 745.78575574926424 ] } },
{ "type": "Feature", "properties": { "Name": "SOS1_N_CREST321", "Code": null, "Northing": 305369.44743, "Easting": -33812.73043, "Elevation": 745.70533, "source_file": "20260319_SOS1 points.shp", "group": "SOS1", "direction": "N", "type": "CREST", "sequence": 321, "full_name": "SOS1_N_CREST321", "should_make_line": true }, "geometry": { "type": "Point", "coordinates": [ 533738.343159220996313, 7261876.750014220364392, 745.705332206558978 ] } },
{ "type": "Feature", "properties": { "Name": "SOS1_N_CREST322", "Code": null, "Northing": 305372.26724999998, "Easting": -33813.77058, "Elevation": 745.53432, "source_file": "20260319_SOS1 points.shp", "group": "SOS1", "direction": "N", "type": "CREST", "sequence": 322, "full_name": "SOS1_N_CREST322", "should_make_line": true }, "geometry": { "type": "Point", "coordinates": [ 533739.382894782931544, 7261873.931332031264901, 745.534315600977266 ] } },
{ "type": "Feature", "properties": { "Name": "SOS1_N_CREST323", "Code": null, "Northing": 305375.08615, "Easting": -33814.77058, "Elevation": 745.39735, "source_file": "20260319_SOS1 points.shp", "group": "SOS1", "direction": "N", "type": "CREST", "sequence": 323, "full_name": "SOS1_N_CREST323", "should_make_line": true }, "geometry": { "type": "Point", "coordinates": [ 533740.382487387512811, 7261871.113571412861347, 745.397349643012831 ] } },
{ "type": "Feature", "properties": { "Name": "SOS1_N_CREST324", "Code": null, "Northing": 305378.11153, "Easting": -33815.63321, "Elevation": 745.40216, "source_file": "20260319_SOS1 points.shp", "group": "SOS1", "direction": "N", "type": "CREST", "sequence": 324, "full_name": "SOS1_N_CREST324", "should_make_line": true }, "geometry": { "type": "Point", "coordinates": [ 533741.24476236407645, 7261868.089414239861071, 745.402156516518062 ] } },
{ "type": "Feature", "properties": { "Name": "SOS1_N_CREST325", "Code": null, "Northing": 305381.11345, "Easting": -33816.40926, "Elevation": 745.39071, "source_file": "20260319_SOS1 points.shp", "group": "SOS1", "direction": "N", "type": "CREST", "sequence": 325, "full_name": "SOS1_N_CREST325", "should_make_line": true }, "geometry": { "type": "Point", "coordinates": [ 533742.020499758073129, 7261865.088713590055704, 745.390709277567339 ] } },
{ "type": "Feature", "properties": { "Name": "SOS1_N_CREST326", "Code": null, "Northing": 305384.13131000003, "Easting": -33817.26983, "Elevation": 745.36801, "source_file": "20260319_SOS1 points.shp", "group": "SOS1", "direction": "N", "type": "CREST", "sequence": 326, "full_name": "SOS1_N_CREST326", "should_make_line": true }, "geometry": { "type": "Point", "coordinates": [ 533742.880719870561734, 7261862.072068569250405, 745.368012668997039 ] } },
{ "type": "Feature", "properties": { "Name": "SOS1_N_CREST327", "Code": null, "Northing": 305387.57939000003, "Easting": -33818.45603, "Elevation": 745.26393, "source_file": "20260319_SOS1 points.shp", "group": "SOS1", "direction": "N", "type": "CREST", "sequence": 327, "full_name": "SOS1_N_CREST327", "should_make_line": true }, "geometry": { "type": "Point", "coordinates": [ 533744.066446163342334, 7261858.625385503284633, 745.263930926818944 ] } },
{ "type": "Feature", "properties": { "Name": "SOS1_N_CREST328", "Code": null, "Northing": 305389.74008999998, "Easting": -33819.23938, "Elevation": 745.1655, "source_file": "20260319_SOS1 points.shp", "group": "SOS1", "direction": "N", "type": "CREST", "sequence": 328, "full_name": "SOS1_N_CREST328", "should_make_line": true }, "geometry": { "type": "Point", "coordinates": [ 533744.84947722335346, 7261856.46555932611227, 745.165502528349975 ] } },
{ "type": "Feature", "properties": { "Name": "SOS1_N_CREST329", "Code": null, "Northing": 305392.33389000001, "Easting": -33820.16849, "Elevation": 745.01729, "source_file": "20260319_SOS1 points.shp", "group": "SOS1", "direction": "N", "type": "CREST", "sequence": 329, "full_name": "SOS1_N_CREST329", "should_make_line": true }, "geometry": { "type": "Point", "coordinates": [ 533745.778210534132086, 7261853.872808961197734, 745.017289234996269 ] } },
{ "type": "Feature", "properties": { "Name": "SOS1_N_CREST330", "Code": null, "Northing": 305395.45084, "Easting": -33821.21246, "Elevation": 744.93519, "source_file": "20260319_SOS1 points.shp", "group": "SOS1", "direction": "N", "type": "CREST", "sequence": 330, "full_name": "SOS1_N_CREST330", "should_make_line": true }, "geometry": { "type": "Point", "coordinates": [ 533746.821750035625882, 7261850.757120358757675, 744.935190532029537 ] } },
{ "type": "Feature", "properties": { "Name": "SOS1_N_CREST331", "Code": null, "Northing": 305398.29002000001, "Easting": -33822.13192, "Elevation": 744.85904, "source_file": "20260319_SOS1 points.shp", "group": "SOS1", "direction": "N", "type": "CREST", "sequence": 331, "full_name": "SOS1_N_CREST331", "should_make_line": true }, "geometry": { "type": "Point", "coordinates": [ 533747.740838167606853, 7261847.919092489406466, 744.85903732623467 ] } },
{ "type": "Feature", "properties": { "Name": "SOS1_N_CREST332", "Code": null, "Northing": 305401.60784999997, "Easting": -33823.34497, "Elevation": 744.73905, "source_file": "20260319_SOS1 points.shp", "group": "SOS1", "direction": "N", "type": "CREST", "sequence": 332, "full_name": "SOS1_N_CREST332", "should_make_line": true }, "geometry": { "type": "Point", "coordinates": [ 533748.953396744909696, 7261844.602596936747432, 744.739045936869957 ] } },
{ "type": "Feature", "properties": { "Name": "SOS1_N_CREST333", "Code": null, "Northing": 305404.28624, "Easting": -33824.33119, "Elevation": 744.57503, "source_file": "20260319_SOS1 points.shp", "group": "SOS1", "direction": "N", "type": "CREST", "sequence": 333, "full_name": "SOS1_N_CREST333", "should_make_line": true }, "geometry": { "type": "Point", "coordinates": [ 533749.939218760002404, 7261841.925298472866416, 744.57502821513458 ] } },
{ "type": "Feature", "properties": { "Name": "SOS1_N_CREST334", "Code": null, "Northing": 305406.97840999998, "Easting": -33825.31219, "Elevation": 744.45753, "source_file": "20260319_SOS1 points.shp", "group": "SOS1", "direction": "N", "type": "CREST", "sequence": 334, "full_name": "SOS1_N_CREST334", "should_make_line": true }, "geometry": { "type": "Point", "coordinates": [ 533750.919817867921665, 7261839.234213901683688, 744.457531445905033 ] } },
{ "type": "Feature", "properties": { "Name": "SOS1_N_CREST335", "Code": null, "Northing": 305409.74451, "Easting": -33826.3294, "Elevation": 744.35578, "source_file": "20260319_SOS1 points.shp", "group": "SOS1", "direction": "N", "type": "CREST", "sequence": 335, "full_name": "SOS1_N_CREST335", "should_make_line": true }, "geometry": { "type": "Point", "coordinates": [ 533751.936611157376319, 7261836.469230674207211, 744.355777351031406 ] } },
{ "type": "Feature", "properties": { "Name": "SOS1_N_CREST336", "Code": null, "Northing": 305412.83234000002, "Easting": -33827.42738, "Elevation": 744.15917, "source_file": "20260319_SOS1 points.shp", "group": "SOS1", "direction": "N", "type": "CREST", "sequence": 336, "full_name": "SOS1_N_CREST336", "should_make_line": true }, "geometry": { "type": "Point", "coordinates": [ 533753.034146974561736, 7261833.382650153711438, 744.159167163512393 ] } },
{ "type": "Feature", "properties": { "Name": "SOS1_N_CREST337", "Code": null, "Northing": 305414.84897, "Easting": -33828.2669, "Elevation": 744.03043, "source_file": "20260319_SOS1 points.shp", "group": "SOS1", "direction": "N", "type": "CREST", "sequence": 337, "full_name": "SOS1_N_CREST337", "should_make_line": true }, "geometry": { "type": "Point", "coordinates": [ 533753.873331213137135, 7261831.366831654682755, 744.030429517526386 ] } },
{ "type": "Feature", "properties": { "Name": "SOS1_N_CREST338", "Code": null, "Northing": 305417.11504, "Easting": -33829.16964, "Elevation": 743.89886, "source_file": "20260319_SOS1 points.shp", "group": "SOS1", "direction": "N", "type": "CREST", "sequence": 338, "full_name": "SOS1_N_CREST338", "should_make_line": true }, "geometry": { "type": "Point", "coordinates": [ 533754.775705368840136, 7261829.101685041561723, 743.898856283985765 ] } },
{ "type": "Feature", "properties": { "Name": "SOS1_N_CREST339", "Code": null, "Northing": 305416.61766, "Easting": -33827.83275, "Elevation": 743.34273, "source_file": "20260319_SOS1 points.shp", "group": "SOS1", "direction": "N", "type": "CREST", "sequence": 339, "full_name": "SOS1_N_CREST339", "should_make_line": true }, "geometry": { "type": "Point", "coordinates": [ 533753.439350631320849, 7261829.598857413977385, 743.342731526965167 ] } },
{ "type": "Feature", "properties": { "Name": "SOS1_N_CREST340", "Code": null, "Northing": 305403.31407999998, "Easting": -33823.72877, "Elevation": 744.58364, "source_file": "20260319_SOS1 points.shp", "group": "SOS1", "direction": "N", "type": "CREST", "sequence": 340, "full_name": "SOS1_N_CREST340", "should_make_line": true }, "geometry": { "type": "Point", "coordinates": [ 533749.337038311758079, 7261842.897056640125811, 744.583637635287459 ] } },
{ "type": "Feature", "properties": { "Name": "SOS1_N_CREST341", "Code": null, "Northing": 305354.048, "Easting": -33807.28586, "Elevation": 745.79389, "source_file": "20260319_SOS1 points.shp", "group": "SOS1", "direction": "N", "type": "CREST", "sequence": 341, "full_name": "SOS1_N_CREST341", "should_make_line": true }, "geometry": { "type": "Point", "coordinates": [ 533732.900797882932238, 7261892.143208007328212, 745.79388850969076 ] } },
{ "type": "Feature", "properties": { "Name": "SOS1_W_CREST001", "Code": null, "Northing": 305176.22755000001, "Easting": -33719.51719, "Elevation": 740.54722, "source_file": "20260319_SOS1 points.shp", "group": "SOS1", "direction": "W", "type": "CREST", "sequence": 1, "full_name": "SOS1_W_CREST001", "should_make_line": true }, "geometry": { "type": "Point", "coordinates": [ 533645.167592823621817, 7262069.891683631576598, 740.547217331465276 ] } },
{ "type": "Feature", "properties": { "Name": "SOS1_W_CREST002", "Code": null, "Northing": 305177.33480999997, "Easting": -33715.10504, "Elevation": 738.73857, "source_file": "20260319_SOS1 points.shp", "group": "SOS1", "direction": "W", "type": "CREST", "sequence": 2, "full_name": "SOS1_W_CREST002", "should_make_line": true }, "geometry": { "type": "Point", "coordinates": [ 533640.757204930996522, 7262068.784868916496634, 738.738565116514678 ] } },
{ "type": "Feature", "properties": { "Name": "SOS1_W_CREST003", "Code": null, "Northing": 305178.15895000001, "Easting": -33710.38868, "Elevation": 736.57725, "source_file": "20260319_SOS1 points.shp", "group": "SOS1", "direction": "W", "type": "CREST", "sequence": 3, "full_name": "SOS1_W_CREST003", "should_make_line": true }, "geometry": { "type": "Point", "coordinates": [ 533636.04272985260468, 7262067.961053262464702, 736.577246511084127 ] } },
{ "type": "Feature", "properties": { "Name": "SOS1_W_CREST004", "Code": null, "Northing": 305178.09716, "Easting": -33706.94476, "Elevation": 734.94455, "source_file": "20260319_SOS1 points.shp", "group": "SOS1", "direction": "W", "type": "CREST", "sequence": 4, "full_name": "SOS1_W_CREST004", "should_make_line": true }, "geometry": { "type": "Point", "coordinates": [ 533632.600195101229474, 7262068.022814881056547, 734.944550126132299 ] } },
{ "type": "Feature", "properties": { "Name": "SOS1_W_CREST005", "Code": null, "Northing": 305178.61225000001, "Easting": -33704.85403, "Elevation": 733.94388, "source_file": "20260319_SOS1 points.shp", "group": "SOS1", "direction": "W", "type": "CREST", "sequence": 5, "full_name": "SOS1_W_CREST005", "should_make_line": true }, "geometry": { "type": "Point", "coordinates": [ 533630.510292483493686, 7262067.507927346974611, 733.94387715406242 ] } },
{ "type": "Feature", "properties": { "Name": "SOS1_W_CREST006", "Code": null, "Northing": 305179.36588, "Easting": -33702.16672, "Elevation": 732.7448, "source_file": "20260319_SOS1 points.shp", "group": "SOS1", "direction": "W", "type": "CREST", "sequence": 6, "full_name": "SOS1_W_CREST006", "should_make_line": true }, "geometry": { "type": "Point", "coordinates": [ 533627.824064052896574, 7262066.754596841521561, 732.744796693551393 ] } },
{ "type": "Feature", "properties": { "Name": "SOS1_W_CREST007", "Code": null, "Northing": 305180.29622999998, "Easting": -33699.57976, "Elevation": 731.77212, "source_file": "20260319_SOS1 points.shp", "group": "SOS1", "direction": "W", "type": "CREST", "sequence": 7, "full_name": "SOS1_W_CREST007", "should_make_line": true }, "geometry": { "type": "Point", "coordinates": [ 533625.238136511412449, 7262065.824628245085478, 731.772123381510823 ] } },
{ "type": "Feature", "properties": { "Name": "SOS1_W_CREST008", "Code": null, "Northing": 305181.20812000002, "Easting": -33696.61259, "Elevation": 730.44301, "source_file": "20260319_SOS1 points.shp", "group": "SOS1", "direction": "W", "type": "CREST", "sequence": 8, "full_name": "SOS1_W_CREST008", "should_make_line": true }, "geometry": { "type": "Point", "coordinates": [ 533622.27215477952268, 7262064.913094453513622, 730.44300801610359 ] } },
{ "type": "Feature", "properties": { "Name": "SOS1_W_CREST009", "Code": null, "Northing": 305181.87417000002, "Easting": -33694.49638, "Elevation": 729.60522, "source_file": "20260319_SOS1 points.shp", "group": "SOS1", "direction": "W", "type": "CREST", "sequence": 9, "full_name": "SOS1_W_CREST009", "should_make_line": true }, "geometry": { "type": "Point", "coordinates": [ 533620.156797843286768, 7262064.247319104149938, 729.605215737902313 ] } },
{ "type": "Feature", "properties": { "Name": "SOS1_W_CREST010", "Code": null, "Northing": 305182.87654000003, "Easting": -33691.64378, "Elevation": 728.44044, "source_file": "20260319_SOS1 points.shp", "group": "SOS1", "direction": "W", "type": "CREST", "sequence": 10, "full_name": "SOS1_W_CREST010", "should_make_line": true }, "geometry": { "type": "Point", "coordinates": [ 533617.305341105908155, 7262063.245343531481922, 728.440439770188163 ] } },
{ "type": "Feature", "properties": { "Name": "SOS1_W_CREST011", "Code": null, "Northing": 305183.72553, "Easting": -33689.05396, "Elevation": 727.35352, "source_file": "20260319_SOS1 points.shp", "group": "SOS1", "direction": "W", "type": "CREST", "sequence": 11, "full_name": "SOS1_W_CREST011", "should_make_line": true }, "geometry": { "type": "Point", "coordinates": [ 533614.716549918754026, 7262062.396692147478461, 727.353521257494322 ] } },
{ "type": "Feature", "properties": { "Name": "SOS1_W_CREST012", "Code": null, "Northing": 305184.74478000001, "Easting": -33685.76457, "Elevation": 725.99072, "source_file": "20260319_SOS1 points.shp", "group": "SOS1", "direction": "W", "type": "CREST", "sequence": 12, "full_name": "SOS1_W_CREST012", "should_make_line": true }, "geometry": { "type": "Point", "coordinates": [ 533611.428483466617763, 7262061.377849414944649, 725.990722448585188 ] } },
{ "type": "Feature", "properties": { "Name": "SOS1_W_CREST013", "Code": null, "Northing": 305185.67056, "Easting": -33683.03121, "Elevation": 724.87795, "source_file": "20260319_SOS1 points.shp", "group": "SOS1", "direction": "W", "type": "CREST", "sequence": 13, "full_name": "SOS1_W_CREST013", "should_make_line": true }, "geometry": { "type": "Point", "coordinates": [ 533608.696210266789421, 7262060.452446727082133, 724.877951841953291 ] } },
{ "type": "Feature", "properties": { "Name": "SOS1_W_CREST014", "Code": null, "Northing": 305186.59068000002, "Easting": -33680.3096, "Elevation": 723.78664, "source_file": "20260319_SOS1 points.shp", "group": "SOS1", "direction": "W", "type": "CREST", "sequence": 14, "full_name": "SOS1_W_CREST014", "should_make_line": true }, "geometry": { "type": "Point", "coordinates": [ 533605.975690477527678, 7262059.532691208645701, 723.78663538054218 ] } },
{ "type": "Feature", "properties": { "Name": "SOS1_W_CREST015", "Code": null, "Northing": 305187.55466999998, "Easting": -33677.45867, "Elevation": 722.68143, "source_file": "20260319_SOS1 points.shp", "group": "SOS1", "direction": "W", "type": "CREST", "sequence": 15, "full_name": "SOS1_W_CREST015", "should_make_line": true }, "geometry": { "type": "Point", "coordinates": [ 533603.125910676433705, 7262058.569091624580324, 722.681426306417848 ] } },
{ "type": "Feature", "properties": { "Name": "SOS1_W_CREST016", "Code": null, "Northing": 305188.53902000003, "Easting": -33674.69014, "Elevation": 721.60197, "source_file": "20260319_SOS1 points.shp", "group": "SOS1", "direction": "W", "type": "CREST", "sequence": 16, "full_name": "SOS1_W_CREST016", "should_make_line": true }, "geometry": { "type": "Point", "coordinates": [ 533600.358484455151483, 7262057.585136810317636, 721.601970609351952 ] } },
{ "type": "Feature", "properties": { "Name": "SOS1_W_CREST017", "Code": null, "Northing": 305189.6381, "Easting": -33671.78723, "Elevation": 720.50812, "source_file": "20260319_SOS1 points.shp", "group": "SOS1", "direction": "W", "type": "CREST", "sequence": 17, "full_name": "SOS1_W_CREST017", "should_make_line": true }, "geometry": { "type": "Point", "coordinates": [ 533597.456736252875999, 7262056.486492518335581, 720.508115836530123 ] } },
{ "type": "Feature", "properties": { "Name": "SOS1_W_CREST018", "Code": null, "Northing": 305190.60486000002, "Easting": -33669.351, "Elevation": 719.62601, "source_file": "20260319_SOS1 points.shp", "group": "SOS1", "direction": "W", "type": "CREST", "sequence": 18, "full_name": "SOS1_W_CREST018", "should_make_line": true }, "geometry": { "type": "Point", "coordinates": [ 533595.021488903556019, 7262055.520120738074183, 719.626005397972563 ] } },
{ "type": "Feature", "properties": { "Name": "SOS1_W_CREST019", "Code": null, "Northing": 305191.74631999998, "Easting": -33666.18587, "Elevation": 718.49124, "source_file": "20260319_SOS1 points.shp", "group": "SOS1", "direction": "W", "type": "CREST", "sequence": 19, "full_name": "SOS1_W_CREST019", "should_make_line": true }, "geometry": { "type": "Point", "coordinates": [ 533591.857627855148166, 7262054.379121167585254, 718.491244610985518 ] } },
{ "type": "Feature", "properties": { "Name": "SOS1_W_CREST020", "Code": null, "Northing": 305192.62475000002, "Easting": -33663.38867, "Elevation": 717.50341, "source_file": "20260319_SOS1 points.shp", "group": "SOS1", "direction": "W", "type": "CREST", "sequence": 20, "full_name": "SOS1_W_CREST020", "should_make_line": true }, "geometry": { "type": "Point", "coordinates": [ 533589.061552371247672, 7262053.501040222123265, 717.503409030558373 ] } },
{ "type": "Feature", "properties": { "Name": "SOS1_W_CREST021", "Code": null, "Northing": 305193.70331000001, "Easting": -33659.61727, "Elevation": 716.15859, "source_file": "20260319_SOS1 points.shp", "group": "SOS1", "direction": "W", "type": "CREST", "sequence": 21, "full_name": "SOS1_W_CREST021", "should_make_line": true }, "geometry": { "type": "Point", "coordinates": [ 533585.29165651043877, 7262052.422914896160364, 716.158592797315691 ] } },
{ "type": "Feature", "properties": { "Name": "SOS1_W_CREST022", "Code": null, "Northing": 305194.69431, "Easting": -33656.2633, "Elevation": 714.98117, "source_file": "20260319_SOS1 points.shp", "group": "SOS1", "direction": "W", "type": "CREST", "sequence": 22, "full_name": "SOS1_W_CREST022", "should_make_line": true }, "geometry": { "type": "Point", "coordinates": [ 533581.939034789334983, 7262051.432314794510603, 714.981171304951431 ] } },
{ "type": "Feature", "properties": { "Name": "SOS1_W_CREST023", "Code": null, "Northing": 305195.78084000002, "Easting": -33652.03289, "Elevation": 713.37436, "source_file": "20260319_SOS1 points.shp", "group": "SOS1", "direction": "W", "type": "CREST", "sequence": 23, "full_name": "SOS1_W_CREST023", "should_make_line": true }, "geometry": { "type": "Point", "coordinates": [ 533577.710319915786386, 7262050.346218531951308, 713.374361901198995 ] } },
{ "type": "Feature", "properties": { "Name": "SOS1_W_CREST024", "Code": null, "Northing": 305196.53535999998, "Easting": -33648.23094, "Elevation": 711.89212, "source_file": "20260319_SOS1 points.shp", "group": "SOS1", "direction": "W", "type": "CREST", "sequence": 24, "full_name": "SOS1_W_CREST024", "should_make_line": true }, "geometry": { "type": "Point", "coordinates": [ 533573.909891650080681, 7262049.591994758695364, 711.892115887581213 ] } },
{ "type": "Feature", "properties": { "Name": "SOS1_W_CREST025", "Code": null, "Northing": 305197.16009000002, "Easting": -33645.34307, "Elevation": 710.79869, "source_file": "20260319_SOS1 points.shp", "group": "SOS1", "direction": "W", "type": "CREST", "sequence": 25, "full_name": "SOS1_W_CREST025", "should_make_line": true }, "geometry": { "type": "Point", "coordinates": [ 533571.023187035811134, 7262048.967513738200068, 710.798688088005065 ] } },
{ "type": "Feature", "properties": { "Name": "SOS1_W_CREST026", "Code": null, "Northing": 305198.07348000002, "Easting": -33642.16885, "Elevation": 709.69486, "source_file": "20260319_SOS1 points.shp", "group": "SOS1", "direction": "W", "type": "CREST", "sequence": 26, "full_name": "SOS1_W_CREST026", "should_make_line": true }, "geometry": { "type": "Point", "coordinates": [ 533567.850234782439657, 7262048.054488147608936, 709.694857199898706 ] } },
{ "type": "Feature", "properties": { "Name": "SOS1_W_CREST027", "Code": null, "Northing": 305198.07634000003, "Easting": -33642.16427, "Elevation": 709.69177, "source_file": "20260319_SOS1 points.shp", "group": "SOS1", "direction": "W", "type": "CREST", "sequence": 27, "full_name": "SOS1_W_CREST027", "should_make_line": true }, "geometry": { "type": "Point", "coordinates": [ 533567.845656569581479, 7262048.051629893481731, 709.691768985315093 ] } },
{ "type": "Feature", "properties": { "Name": "SOS1_W_CREST028", "Code": null, "Northing": 305199.13698000001, "Easting": -33639.30977, "Elevation": 708.84891, "source_file": "20260319_SOS1 points.shp", "group": "SOS1", "direction": "W", "type": "CREST", "sequence": 28, "full_name": "SOS1_W_CREST028", "should_make_line": true }, "geometry": { "type": "Point", "coordinates": [ 533564.992304267827421, 7262046.991418885067105, 708.848910129566889 ] } },
{ "type": "Feature", "properties": { "Name": "SOS1_W_CREST029", "Code": null, "Northing": 305200.32015, "Easting": -33636.45356, "Elevation": 708.0884, "source_file": "20260319_SOS1 points.shp", "group": "SOS1", "direction": "W", "type": "CREST", "sequence": 29, "full_name": "SOS1_W_CREST029", "should_make_line": true }, "geometry": { "type": "Point", "coordinates": [ 533562.137246730970219, 7262045.808728953823447, 708.088404935520657 ] } },
{ "type": "Feature", "properties": { "Name": "SOS1_W_CREST030", "Code": null, "Northing": 305201.41865000001, "Easting": -33634.17987, "Elevation": 707.51158, "source_file": "20260319_SOS1 points.shp", "group": "SOS1", "direction": "W", "type": "CREST", "sequence": 30, "full_name": "SOS1_W_CREST030", "should_make_line": true }, "geometry": { "type": "Point", "coordinates": [ 533559.8644680371508, 7262044.710666157305241, 707.511579605085217 ] } },
{ "type": "Feature", "properties": { "Name": "SOS1_W_CREST031", "Code": null, "Northing": 305202.94834, "Easting": -33631.15376, "Elevation": 706.87894, "source_file": "20260319_SOS1 points.shp", "group": "SOS1", "direction": "W", "type": "CREST", "sequence": 31, "full_name": "SOS1_W_CREST031", "should_make_line": true }, "geometry": { "type": "Point", "coordinates": [ 533556.83957356994506, 7262043.181592881679535, 706.878938720635688 ] } },
{ "type": "Feature", "properties": { "Name": "SOS1_W_CREST032", "Code": null, "Northing": 305204.25954, "Easting": -33628.76855, "Elevation": 706.45729, "source_file": "20260319_SOS1 points.shp", "group": "SOS1", "direction": "W", "type": "CREST", "sequence": 32, "full_name": "SOS1_W_CREST032", "should_make_line": true }, "geometry": { "type": "Point", "coordinates": [ 533554.4553213249892, 7262041.870924213901162, 706.457286117267472 ] } },
{ "type": "Feature", "properties": { "Name": "SOS1_W_CREST033", "Code": null, "Northing": 305205.77485, "Easting": -33625.92951, "Elevation": 705.92052, "source_file": "20260319_SOS1 points.shp", "group": "SOS1", "direction": "W", "type": "CREST", "sequence": 33, "full_name": "SOS1_W_CREST033", "should_make_line": true }, "geometry": { "type": "Point", "coordinates": [ 533551.617428411380388, 7262040.356222335249186, 705.920519153332179 ] } },
{ "type": "Feature", "properties": { "Name": "SOS1_W_CREST034", "Code": null, "Northing": 305207.21727000002, "Easting": -33622.8746, "Elevation": 705.23473, "source_file": "20260319_SOS1 points.shp", "group": "SOS1", "direction": "W", "type": "CREST", "sequence": 34, "full_name": "SOS1_W_CREST034", "should_make_line": true }, "geometry": { "type": "Point", "coordinates": [ 533548.563750250963494, 7262038.914388416334987, 705.23473093275129 ] } },
{ "type": "Feature", "properties": { "Name": "SOS1_W_CREST035", "Code": null, "Northing": 305208.59573, "Easting": -33619.24515, "Elevation": 704.42674, "source_file": "20260319_SOS1 points.shp", "group": "SOS1", "direction": "W", "type": "CREST", "sequence": 35, "full_name": "SOS1_W_CREST035", "should_make_line": true }, "geometry": { "type": "Point", "coordinates": [ 533544.935757453786209, 7262037.536478921771049, 704.426738047623758 ] } },
{ "type": "Feature", "properties": { "Name": "SOS1_W_CREST036", "Code": null, "Northing": 305209.69863, "Easting": -33615.9385, "Elevation": 703.67628, "source_file": "20260319_SOS1 points.shp", "group": "SOS1", "direction": "W", "type": "CREST", "sequence": 36, "full_name": "SOS1_W_CREST036", "should_make_line": true }, "geometry": { "type": "Point", "coordinates": [ 533541.630441808025353, 7262036.434027215465903, 703.676283207528058 ] } },
{ "type": "Feature", "properties": { "Name": "SOS1_W_CREST037", "Code": null, "Northing": 305210.77349, "Easting": -33612.87385, "Elevation": 702.93976, "source_file": "20260319_SOS1 points.shp", "group": "SOS1", "direction": "W", "type": "CREST", "sequence": 37, "full_name": "SOS1_W_CREST037", "should_make_line": true }, "geometry": { "type": "Point", "coordinates": [ 533538.567016320070252, 7262035.35959180817008, 702.939764851054065 ] } },
{ "type": "Feature", "properties": { "Name": "SOS1_W_CREST038", "Code": null, "Northing": 305211.73077999998, "Easting": -33610.1252, "Elevation": 702.2499, "source_file": "20260319_SOS1 points.shp", "group": "SOS1", "direction": "W", "type": "CREST", "sequence": 38, "full_name": "SOS1_W_CREST038", "should_make_line": true }, "geometry": { "type": "Point", "coordinates": [ 533535.819477656041272, 7262034.402691265568137, 702.249902681594676 ] } },
{ "type": "Feature", "properties": { "Name": "SOS1_W_CREST039", "Code": null, "Northing": 305212.91587000003, "Easting": -33606.95923, "Elevation": 701.59377, "source_file": "20260319_SOS1 points.shp", "group": "SOS1", "direction": "W", "type": "CREST", "sequence": 39, "full_name": "SOS1_W_CREST039", "should_make_line": true }, "geometry": { "type": "Point", "coordinates": [ 533532.654778434778564, 7262033.218075962737203, 701.593773903584065 ] } },
{ "type": "Feature", "properties": { "Name": "SOS1_W_CREST040", "Code": null, "Northing": 305214.29673, "Easting": -33603.72547, "Elevation": 700.99843, "source_file": "20260319_SOS1 points.shp", "group": "SOS1", "direction": "W", "type": "CREST", "sequence": 40, "full_name": "SOS1_W_CREST040", "should_make_line": true }, "geometry": { "type": "Point", "coordinates": [ 533529.422322453930974, 7262031.83777542412281, 700.998427509748467 ] } },
{ "type": "Feature", "properties": { "Name": "SOS1_W_CREST041", "Code": null, "Northing": 305216.18866, "Easting": -33599.84278, "Elevation": 700.48785, "source_file": "20260319_SOS1 points.shp", "group": "SOS1", "direction": "W", "type": "CREST", "sequence": 41, "full_name": "SOS1_W_CREST041", "should_make_line": true }, "geometry": { "type": "Point", "coordinates": [ 533525.541195851168595, 7262029.946608752012253, 700.48785349183936 ] } },
{ "type": "Feature", "properties": { "Name": "SOS1_W_CREST042", "Code": null, "Northing": 305218.02785000001, "Easting": -33596.55306, "Elevation": 700.10267, "source_file": "20260319_SOS1 points.shp", "group": "SOS1", "direction": "W", "type": "CREST", "sequence": 42, "full_name": "SOS1_W_CREST042", "should_make_line": true }, "geometry": { "type": "Point", "coordinates": [ 533522.252807454904541, 7262028.108166955411434, 700.102665771067336 ] } },
{ "type": "Feature", "properties": { "Name": "SOS1_W_CREST043", "Code": null, "Northing": 305219.66674999997, "Easting": -33593.63344, "Elevation": 699.78151, "source_file": "20260319_SOS1 points.shp", "group": "SOS1", "direction": "W", "type": "CREST", "sequence": 43, "full_name": "SOS1_W_CREST043", "should_make_line": true }, "geometry": { "type": "Point", "coordinates": [ 533519.334358967840672, 7262026.46992024872452, 699.781505454405647 ] } },
{ "type": "Feature", "properties": { "Name": "SOS1_W_CREST044", "Code": null, "Northing": 305221.57911, "Easting": -33590.37465, "Elevation": 699.48834, "source_file": "20260319_SOS1 points.shp", "group": "SOS1", "direction": "W", "type": "CREST", "sequence": 44, "full_name": "SOS1_W_CREST044", "should_make_line": true }, "geometry": { "type": "Point", "coordinates": [ 533516.076886454829946, 7262024.558334317058325, 699.488339111547589 ] } },
{ "type": "Feature", "properties": { "Name": "SOS1_W_CREST045", "Code": null, "Northing": 305223.35254, "Easting": -33587.40791, "Elevation": 699.27377, "source_file": "20260319_SOS1 points.shp", "group": "SOS1", "direction": "W", "type": "CREST", "sequence": 45, "full_name": "SOS1_W_CREST045", "should_make_line": true }, "geometry": { "type": "Point", "coordinates": [ 533513.111346504883841, 7262022.785620135255158, 699.27376696542899 ] } },
{ "type": "Feature", "properties": { "Name": "SOS1_W_CREST046", "Code": null, "Northing": 305225.17229000002, "Easting": -33584.44699, "Elevation": 699.12751, "source_file": "20260319_SOS1 points.shp", "group": "SOS1", "direction": "W", "type": "CREST", "sequence": 46, "full_name": "SOS1_W_CREST046", "should_make_line": true }, "geometry": { "type": "Point", "coordinates": [ 533510.151623027166352, 7262020.966610051691532, 699.127507376292101 ] } },
{ "type": "Feature", "properties": { "Name": "SOS1_W_CREST047", "Code": null, "Northing": 305226.91817999998, "Easting": -33581.79317, "Elevation": 699.06189, "source_file": "20260319_SOS1 points.shp", "group": "SOS1", "direction": "W", "type": "CREST", "sequence": 47, "full_name": "SOS1_W_CREST047", "should_make_line": true }, "geometry": { "type": "Point", "coordinates": [ 533507.498874306445941, 7262019.221423003822565, 699.061889102726923 ] } },
{ "type": "Feature", "properties": { "Name": "SOS1_W_CREST048", "Code": null, "Northing": 305228.36555, "Easting": -33579.49044, "Elevation": 698.97143, "source_file": "20260319_SOS1 points.shp", "group": "SOS1", "direction": "W", "type": "CREST", "sequence": 48, "full_name": "SOS1_W_CREST048", "should_make_line": true }, "geometry": { "type": "Point", "coordinates": [ 533505.197076148819178, 7262017.774645142257214, 698.971428296361296 ] } },
{ "type": "Feature", "properties": { "Name": "SOS1_W_CREST049", "Code": null, "Northing": 305229.70457, "Easting": -33577.12184, "Elevation": 698.8028, "source_file": "20260319_SOS1 points.shp", "group": "SOS1", "direction": "W", "type": "CREST", "sequence": 49, "full_name": "SOS1_W_CREST049", "should_make_line": true }, "geometry": { "type": "Point", "coordinates": [ 533502.829435001011007, 7262016.436161996796727, 698.802796431695583 ] } },
{ "type": "Feature", "properties": { "Name": "SOS1_W_CREST050", "Code": null, "Northing": 305231.26796000003, "Easting": -33573.82021, "Elevation": 698.47924, "source_file": "20260319_SOS1 points.shp", "group": "SOS1", "direction": "W", "type": "CREST", "sequence": 50, "full_name": "SOS1_W_CREST050", "should_make_line": true }, "geometry": { "type": "Point", "coordinates": [ 533499.529136767843738, 7262014.873407458886504, 698.479244556420781 ] } },
{ "type": "Feature", "properties": { "Name": "SOS1_W_CREST051", "Code": null, "Northing": 305232.86453000002, "Easting": -33570.28958, "Elevation": 698.14043, "source_file": "20260319_SOS1 points.shp", "group": "SOS1", "direction": "W", "type": "CREST", "sequence": 51, "full_name": "SOS1_W_CREST051", "should_make_line": true }, "geometry": { "type": "Point", "coordinates": [ 533495.999929323559627, 7262013.277483922429383, 698.140427172128852 ] } },
{ "type": "Feature", "properties": { "Name": "SOS1_W_CREST052", "Code": null, "Northing": 305234.43305, "Easting": -33566.52163, "Elevation": 697.73804, "source_file": "20260319_SOS1 points.shp", "group": "SOS1", "direction": "W", "type": "CREST", "sequence": 52, "full_name": "SOS1_W_CREST052", "should_make_line": true }, "geometry": { "type": "Point", "coordinates": [ 533492.233500636531971, 7262011.709596391767263, 697.73803812975143 ] } },
{ "type": "Feature", "properties": { "Name": "SOS1_W_CREST053", "Code": null, "Northing": 305235.55257, "Easting": -33563.81844, "Elevation": 697.40901, "source_file": "20260319_SOS1 points.shp", "group": "SOS1", "direction": "W", "type": "CREST", "sequence": 53, "full_name": "SOS1_W_CREST053", "should_make_line": true }, "geometry": { "type": "Point", "coordinates": [ 533489.531399097526446, 7262010.590524101629853, 697.409005423483336 ] } },
{ "type": "Feature", "properties": { "Name": "SOS1_W_CREST054", "Code": null, "Northing": 305236.8864, "Easting": -33560.61916, "Elevation": 697.00361, "source_file": "20260319_SOS1 points.shp", "group": "SOS1", "direction": "W", "type": "CREST", "sequence": 54, "full_name": "SOS1_W_CREST054", "should_make_line": true }, "geometry": { "type": "Point", "coordinates": [ 533486.333411759696901, 7262009.257236570119858, 697.003607832697071 ] } },
{ "type": "Feature", "properties": { "Name": "SOS1_W_CREST055", "Code": null, "Northing": 305238.3414, "Easting": -33556.95327, "Elevation": 696.67732, "source_file": "20260319_SOS1 points.shp", "group": "SOS1", "direction": "W", "type": "CREST", "sequence": 55, "full_name": "SOS1_W_CREST055", "should_make_line": true }, "geometry": { "type": "Point", "coordinates": [ 533482.669006297132, 7262007.802817276678979, 696.677319090812034 ] } },
{ "type": "Feature", "properties": { "Name": "SOS1_W_CREST056", "Code": null, "Northing": 305239.67768999998, "Easting": -33553.49084, "Elevation": 696.33772, "source_file": "20260319_SOS1 points.shp", "group": "SOS1", "direction": "W", "type": "CREST", "sequence": 56, "full_name": "SOS1_W_CREST056", "should_make_line": true }, "geometry": { "type": "Point", "coordinates": [ 533479.207971685682423, 7262006.467068349942565, 696.337724173566244 ] } },
{ "type": "Feature", "properties": { "Name": "SOS1_W_CREST057", "Code": null, "Northing": 305240.82119, "Easting": -33550.42567, "Elevation": 695.97681, "source_file": "20260319_SOS1 points.shp", "group": "SOS1", "direction": "W", "type": "CREST", "sequence": 57, "full_name": "SOS1_W_CREST057", "should_make_line": true }, "geometry": { "type": "Point", "coordinates": [ 533476.144039982464164, 7262005.324034012854099, 695.976807503890996 ] } },
{ "type": "Feature", "properties": { "Name": "SOS1_W_CREST058", "Code": null, "Northing": 305242.12094, "Easting": -33546.97579, "Elevation": 695.50347, "source_file": "20260319_SOS1 points.shp", "group": "SOS1", "direction": "W", "type": "CREST", "sequence": 58, "full_name": "SOS1_W_CREST058", "should_make_line": true }, "geometry": { "type": "Point", "coordinates": [ 533472.695550741278566, 7262004.024807309731841, 695.503473469146911 ] } },
{ "type": "Feature", "properties": { "Name": "SOS1_W_CREST059", "Code": null, "Northing": 305243.50407000002, "Easting": -33543.37492, "Elevation": 695.11206, "source_file": "20260319_SOS1 points.shp", "group": "SOS1", "direction": "W", "type": "CREST", "sequence": 59, "full_name": "SOS1_W_CREST059", "should_make_line": true }, "geometry": { "type": "Point", "coordinates": [ 533469.096130690304562, 7262002.642234834842384, 695.112056080785464 ] } },
{ "type": "Feature", "properties": { "Name": "SOS1_W_CREST060", "Code": null, "Northing": 305245.214, "Easting": -33538.81684, "Elevation": 694.66271, "source_file": "20260319_SOS1 points.shp", "group": "SOS1", "direction": "W", "type": "CREST", "sequence": 60, "full_name": "SOS1_W_CREST060", "should_make_line": true }, "geometry": { "type": "Point", "coordinates": [ 533464.539893248816952, 7262000.932996049523354, 694.662707220039238 ] } },
{ "type": "Feature", "properties": { "Name": "SOS1_W_CREST061", "Code": null, "Northing": 305246.61433999997, "Easting": -33535.05635, "Elevation": 694.23716, "source_file": "20260319_SOS1 points.shp", "group": "SOS1", "direction": "W", "type": "CREST", "sequence": 61, "full_name": "SOS1_W_CREST061", "should_make_line": true }, "geometry": { "type": "Point", "coordinates": [ 533460.780915940413252, 7261999.533219191245735, 694.237162917003843 ] } },
{ "type": "Feature", "properties": { "Name": "SOS1_W_CREST062", "Code": null, "Northing": 305247.90227999998, "Easting": -33531.39023, "Elevation": 693.79494, "source_file": "20260319_SOS1 points.shp", "group": "SOS1", "direction": "W", "type": "CREST", "sequence": 62, "full_name": "SOS1_W_CREST062", "should_make_line": true }, "geometry": { "type": "Point", "coordinates": [ 533457.116278170491569, 7261998.245799877680838, 693.794940069455379 ] } },
{ "type": "Feature", "properties": { "Name": "SOS1_W_CREST063", "Code": null, "Northing": 305249.05375999998, "Easting": -33528.23839, "Elevation": 693.40499, "source_file": "20260319_SOS1 points.shp", "group": "SOS1", "direction": "W", "type": "CREST", "sequence": 63, "full_name": "SOS1_W_CREST063", "should_make_line": true }, "geometry": { "type": "Point", "coordinates": [ 533453.965708281728439, 7261997.094787549227476, 693.404991811457876 ] } },
{ "type": "Feature", "properties": { "Name": "SOS1_W_CREST064", "Code": null, "Northing": 305250.28574000002, "Easting": -33524.77977, "Elevation": 693.01818, "source_file": "20260319_SOS1 points.shp", "group": "SOS1", "direction": "W", "type": "CREST", "sequence": 64, "full_name": "SOS1_W_CREST064", "should_make_line": true }, "geometry": { "type": "Point", "coordinates": [ 533450.508482236764394, 7261995.863304726779461, 693.018180721589033 ] } },
{ "type": "Feature", "properties": { "Name": "SOS1_W_CREST065", "Code": null, "Northing": 305251.45428000001, "Easting": -33521.38609, "Elevation": 692.63944, "source_file": "20260319_SOS1 points.shp", "group": "SOS1", "direction": "W", "type": "CREST", "sequence": 65, "full_name": "SOS1_W_CREST065", "should_make_line": true }, "geometry": { "type": "Point", "coordinates": [ 533447.116169242886826, 7261994.695233926177025, 692.639437787453744 ] } },
{ "type": "Feature", "properties": { "Name": "SOS1_W_CREST066", "Code": null, "Northing": 305252.62832999998, "Easting": -33518.17553, "Elevation": 692.2712, "source_file": "20260319_SOS1 points.shp", "group": "SOS1", "direction": "W", "type": "CREST", "sequence": 66, "full_name": "SOS1_W_CREST066", "should_make_line": true }, "geometry": { "type": "Point", "coordinates": [ 533443.906904599047266, 7261993.521661289036274, 692.271199455074793 ] } },
{ "type": "Feature", "properties": { "Name": "SOS1_W_CREST067", "Code": null, "Northing": 305253.64161, "Easting": -33515.23433, "Elevation": 691.96843, "source_file": "20260319_SOS1 points.shp", "group": "SOS1", "direction": "W", "type": "CREST", "sequence": 67, "full_name": "SOS1_W_CREST067", "should_make_line": true }, "geometry": { "type": "Point", "coordinates": [ 533440.966897980426438, 7261992.508785092271864, 691.968429201335539 ] } },
{ "type": "Feature", "properties": { "Name": "SOS1_W_CREST068", "Code": null, "Northing": 305254.77876000002, "Easting": -33511.97352, "Elevation": 691.55045, "source_file": "20260319_SOS1 points.shp", "group": "SOS1", "direction": "W", "type": "CREST", "sequence": 68, "full_name": "SOS1_W_CREST068", "should_make_line": true }, "geometry": { "type": "Point", "coordinates": [ 533437.707403741544113, 7261991.372092032805085, 691.550452888797963 ] } },
{ "type": "Feature", "properties": { "Name": "SOS1_W_CREST069", "Code": null, "Northing": 305256.07977999997, "Easting": -33508.37319, "Elevation": 691.19841, "source_file": "20260319_SOS1 points.shp", "group": "SOS1", "direction": "W", "type": "CREST", "sequence": 69, "full_name": "SOS1_W_CREST069", "should_make_line": true }, "geometry": { "type": "Point", "coordinates": [ 533434.108521896414459, 7261990.071603756397963, 691.198413763097733 ] } },
{ "type": "Feature", "properties": { "Name": "SOS1_W_CREST070", "Code": null, "Northing": 305257.31653000001, "Easting": -33504.86026, "Elevation": 690.85383, "source_file": "20260319_SOS1 points.shp", "group": "SOS1", "direction": "W", "type": "CREST", "sequence": 70, "full_name": "SOS1_W_CREST070", "should_make_line": true }, "geometry": { "type": "Point", "coordinates": [ 533430.597015971899964, 7261988.835350904613733, 690.853825360968585 ] } },
{ "type": "Feature", "properties": { "Name": "SOS1_W_CREST071", "Code": null, "Northing": 305258.59807000001, "Easting": -33501.19819, "Elevation": 690.5176, "source_file": "20260319_SOS1 points.shp", "group": "SOS1", "direction": "W", "type": "CREST", "sequence": 71, "full_name": "SOS1_W_CREST071", "should_make_line": true }, "geometry": { "type": "Point", "coordinates": [ 533426.936419497011229, 7261987.554325038567185, 690.517595274727796 ] } },
{ "type": "Feature", "properties": { "Name": "SOS1_W_CREST072", "Code": null, "Northing": 305259.93738000002, "Easting": -33497.32762, "Elevation": 690.13071, "source_file": "20260319_SOS1 points.shp", "group": "SOS1", "direction": "W", "type": "CREST", "sequence": 72, "full_name": "SOS1_W_CREST072", "should_make_line": true }, "geometry": { "type": "Point", "coordinates": [ 533423.06741541181691, 7261986.215555683709681, 690.130709627386977 ] } },
{ "type": "Feature", "properties": { "Name": "SOS1_W_CREST073", "Code": null, "Northing": 305261.18255000003, "Easting": -33493.68055, "Elevation": 689.77396, "source_file": "20260319_SOS1 points.shp", "group": "SOS1", "direction": "W", "type": "CREST", "sequence": 73, "full_name": "SOS1_W_CREST073", "should_make_line": true }, "geometry": { "type": "Point", "coordinates": [ 533419.421815145178698, 7261984.970890011638403, 689.77396252131507 ] } },
{ "type": "Feature", "properties": { "Name": "SOS1_W_CREST074", "Code": null, "Northing": 305262.1261, "Easting": -33490.71314, "Elevation": 689.43194, "source_file": "20260319_SOS1 points.shp", "group": "SOS1", "direction": "W", "type": "CREST", "sequence": 74, "full_name": "SOS1_W_CREST074", "should_make_line": true }, "geometry": { "type": "Point", "coordinates": [ 533416.455602068337612, 7261984.027723392471671, 689.431935836119806 ] } },
{ "type": "Feature", "properties": { "Name": "SOS1_W_CREST075", "Code": null, "Northing": 305263.49384000001, "Easting": -33486.46057, "Elevation": 689.00869, "source_file": "20260319_SOS1 points.shp", "group": "SOS1", "direction": "W", "type": "CREST", "sequence": 75, "full_name": "SOS1_W_CREST075", "should_make_line": true }, "geometry": { "type": "Point", "coordinates": [ 533412.204751457669772, 7261982.660528076812625, 689.008687124364201 ] } },
{ "type": "Feature", "properties": { "Name": "SOS1_W_CREST076", "Code": null, "Northing": 305264.79765000002, "Easting": -33481.88045, "Elevation": 688.50128, "source_file": "20260319_SOS1 points.shp", "group": "SOS1", "direction": "W", "type": "CREST", "sequence": 76, "full_name": "SOS1_W_CREST076", "should_make_line": true }, "geometry": { "type": "Point", "coordinates": [ 533407.626473214942962, 7261981.357247183099389, 688.501277470240439 ] } },
{ "type": "Feature", "properties": { "Name": "SOS1_W_CREST077", "Code": null, "Northing": 305265.9812, "Easting": -33477.30586, "Elevation": 687.91517, "source_file": "20260319_SOS1 points.shp", "group": "SOS1", "direction": "W", "type": "CREST", "sequence": 77, "full_name": "SOS1_W_CREST077", "should_make_line": true }, "geometry": { "type": "Point", "coordinates": [ 533403.053736626636237, 7261980.174173885025084, 687.915166477853177 ] } },
{ "type": "Feature", "properties": { "Name": "SOS1_W_CREST078", "Code": null, "Northing": 305267.07461000001, "Easting": -33473.11487, "Elevation": 687.40055, "source_file": "20260319_SOS1 points.shp", "group": "SOS1", "direction": "W", "type": "CREST", "sequence": 78, "full_name": "SOS1_W_CREST078", "should_make_line": true }, "geometry": { "type": "Point", "coordinates": [ 533398.864435900235549, 7261979.081210614182055, 687.400547074170618 ] } },
{ "type": "Feature", "properties": { "Name": "SOS1_W_CREST079", "Code": null, "Northing": 305268.34886000003, "Easting": -33468.52459, "Elevation": 686.88062, "source_file": "20260319_SOS1 points.shp", "group": "SOS1", "direction": "W", "type": "CREST", "sequence": 79, "full_name": "SOS1_W_CREST079", "should_make_line": true }, "geometry": { "type": "Point", "coordinates": [ 533394.276005283463746, 7261977.807467853650451, 686.880620250539323 ] } },
{ "type": "Feature", "properties": { "Name": "SOS1_W_CREST080", "Code": null, "Northing": 305269.49584, "Easting": -33464.4816, "Elevation": 686.46417, "source_file": "20260319_SOS1 points.shp", "group": "SOS1", "direction": "W", "type": "CREST", "sequence": 80, "full_name": "SOS1_W_CREST080", "should_make_line": true }, "geometry": { "type": "Point", "coordinates": [ 533390.234645772143267, 7261976.660952714271843, 686.464171417464172 ] } },
{ "type": "Feature", "properties": { "Name": "SOS1_W_CREST081", "Code": null, "Northing": 305270.86641999998, "Easting": -33460.19373, "Elevation": 686.04594, "source_file": "20260319_SOS1 points.shp", "group": "SOS1", "direction": "W", "type": "CREST", "sequence": 81, "full_name": "SOS1_W_CREST081", "should_make_line": true }, "geometry": { "type": "Point", "coordinates": [ 533385.9485026007751, 7261975.290925040841103, 686.045940366123432 ] } },
{ "type": "Feature", "properties": { "Name": "SOS1_W_CREST082", "Code": null, "Northing": 305272.28532999998, "Easting": -33455.86928, "Elevation": 685.66345, "source_file": "20260319_SOS1 points.shp", "group": "SOS1", "direction": "W", "type": "CREST", "sequence": 82, "full_name": "SOS1_W_CREST082", "should_make_line": true }, "geometry": { "type": "Point", "coordinates": [ 533381.625804834649898, 7261973.872584335505962, 685.663450603612887 ] } },
{ "type": "Feature", "properties": { "Name": "SOS1_W_CREST083", "Code": null, "Northing": 305273.60971, "Easting": -33451.53281, "Elevation": 685.30433, "source_file": "20260319_SOS1 points.shp", "group": "SOS1", "direction": "W", "type": "CREST", "sequence": 83, "full_name": "SOS1_W_CREST083", "should_make_line": true }, "geometry": { "type": "Point", "coordinates": [ 533377.291083016432822, 7261972.54874337092042, 685.304330436083092 ] } },
{ "type": "Feature", "properties": { "Name": "SOS1_W_CREST084", "Code": null, "Northing": 305274.93628999998, "Easting": -33447.06854, "Elevation": 684.90277, "source_file": "20260319_SOS1 points.shp", "group": "SOS1", "direction": "W", "type": "CREST", "sequence": 84, "full_name": "SOS1_W_CREST084", "should_make_line": true }, "geometry": { "type": "Point", "coordinates": [ 533372.828615930862725, 7261971.222695874981582, 684.902767945838491 ] } },
{ "type": "Feature", "properties": { "Name": "SOS1_W_CREST085", "Code": null, "Northing": 305276.83022, "Easting": -33440.12902, "Elevation": 684.10338, "source_file": "20260319_SOS1 points.shp", "group": "SOS1", "direction": "W", "type": "CREST", "sequence": 85, "full_name": "SOS1_W_CREST085", "should_make_line": true }, "geometry": { "type": "Point", "coordinates": [ 533365.891895203967579, 7261969.32953095715493, 684.103378670223378 ] } },
{ "type": "Feature", "properties": { "Name": "SOS1_W_CREST086", "Code": null, "Northing": 305278.20623000001, "Easting": -33434.39421, "Elevation": 683.48417, "source_file": "20260319_SOS1 points.shp", "group": "SOS1", "direction": "W", "type": "CREST", "sequence": 86, "full_name": "SOS1_W_CREST086", "should_make_line": true }, "geometry": { "type": "Point", "coordinates": [ 533360.15939841826912, 7261967.954074119217694, 683.484167297184854 ] } },
{ "type": "Feature", "properties": { "Name": "SOS1_W_CREST087", "Code": null, "Northing": 305279.51147000003, "Easting": -33428.9475, "Elevation": 682.8564, "source_file": "20260319_SOS1 points.shp", "group": "SOS1", "direction": "W", "type": "CREST", "sequence": 87, "full_name": "SOS1_W_CREST087", "should_make_line": true }, "geometry": { "type": "Point", "coordinates": [ 533354.714887747308239, 7261966.649365819990635, 682.856403819291927 ] } },
{ "type": "Feature", "properties": { "Name": "SOS1_W_CREST088", "Code": null, "Northing": 305280.58575000003, "Easting": -33424.42548, "Elevation": 682.25979, "source_file": "20260319_SOS1 points.shp", "group": "SOS1", "direction": "W", "type": "CREST", "sequence": 88, "full_name": "SOS1_W_CREST088", "should_make_line": true }, "geometry": { "type": "Point", "coordinates": [ 533350.194695920334198, 7261965.575514431111515, 682.259785659911813 ] } },
{ "type": "Feature", "properties": { "Name": "SOS1_W_CREST089", "Code": null, "Northing": 305281.63392, "Easting": -33419.73598, "Elevation": 681.69321, "source_file": "20260319_SOS1 points.shp", "group": "SOS1", "direction": "W", "type": "CREST", "sequence": 89, "full_name": "SOS1_W_CREST089", "should_make_line": true }, "geometry": { "type": "Point", "coordinates": [ 533345.507080965675414, 7261964.52777011692524, 681.693207885881748 ] } },
{ "type": "Feature", "properties": { "Name": "SOS1_W_CREST090", "Code": null, "Northing": 305282.73573000001, "Easting": -33415.121, "Elevation": 681.16796, "source_file": "20260319_SOS1 points.shp", "group": "SOS1", "direction": "W", "type": "CREST", "sequence": 90, "full_name": "SOS1_W_CREST090", "should_make_line": true }, "geometry": { "type": "Point", "coordinates": [ 533340.893964866409078, 7261963.426399403251708, 681.167957499754039 ] } },
{ "type": "Feature", "properties": { "Name": "SOS1_W_CREST091", "Code": null, "Northing": 305283.92397, "Easting": -33410.27631, "Elevation": 680.59219, "source_file": "20260319_SOS1 points.shp", "group": "SOS1", "direction": "W", "type": "CREST", "sequence": 91, "full_name": "SOS1_W_CREST091", "should_make_line": true }, "geometry": { "type": "Point", "coordinates": [ 533336.05123207194265, 7261962.238641653209925, 680.592189789593476 ] } },
{ "type": "Feature", "properties": { "Name": "SOS1_W_CREST092", "Code": null, "Northing": 305285.49969000003, "Easting": -33404.77481, "Elevation": 680.05842, "source_file": "20260319_SOS1 points.shp", "group": "SOS1", "direction": "W", "type": "CREST", "sequence": 92, "full_name": "SOS1_W_CREST092", "should_make_line": true }, "geometry": { "type": "Point", "coordinates": [ 533330.551945445826277, 7261960.663553727790713, 680.058415177995812 ] } },
{ "type": "Feature", "properties": { "Name": "SOS1_W_CREST093", "Code": null, "Northing": 305286.93920999998, "Easting": -33400.1818, "Elevation": 679.72291, "source_file": "20260319_SOS1 points.shp", "group": "SOS1", "direction": "W", "type": "CREST", "sequence": 93, "full_name": "SOS1_W_CREST093", "should_make_line": true }, "geometry": { "type": "Point", "coordinates": [ 533325.960794192738831, 7261959.224617056548595, 679.722909546934375 ] } },
{ "type": "Feature", "properties": { "Name": "SOS1_W_CREST094", "Code": null, "Northing": 305288.41176, "Easting": -33395.66911, "Elevation": 679.3891, "source_file": "20260319_SOS1 points.shp", "group": "SOS1", "direction": "W", "type": "CREST", "sequence": 94, "full_name": "SOS1_W_CREST094", "should_make_line": true }, "geometry": { "type": "Point", "coordinates": [ 533321.449930779868737, 7261957.752667615190148, 679.389097423968906 ] } },
{ "type": "Feature", "properties": { "Name": "SOS1_W_CREST095", "Code": null, "Northing": 305289.83414, "Easting": -33391.24948, "Elevation": 679.01511, "source_file": "20260319_SOS1 points.shp", "group": "SOS1", "direction": "W", "type": "CREST", "sequence": 95, "full_name": "SOS1_W_CREST095", "should_make_line": true }, "geometry": { "type": "Point", "coordinates": [ 533317.03208411228843, 7261956.330853991210461, 679.015111753599854 ] } },
{ "type": "Feature", "properties": { "Name": "SOS1_W_CREST096", "Code": null, "Northing": 305291.53479000001, "Easting": -33386.01604, "Elevation": 678.64621, "source_file": "20260319_SOS1 points.shp", "group": "SOS1", "direction": "W", "type": "CREST", "sequence": 96, "full_name": "SOS1_W_CREST096", "should_make_line": true }, "geometry": { "type": "Point", "coordinates": [ 533311.80075995833613, 7261954.630898451432586, 678.646212156096112 ] } },
{ "type": "Feature", "properties": { "Name": "SOS1_W_CREST097", "Code": null, "Northing": 305292.72962, "Easting": -33382.15608, "Elevation": 678.4072, "source_file": "20260319_SOS1 points.shp", "group": "SOS1", "direction": "W", "type": "CREST", "sequence": 97, "full_name": "SOS1_W_CREST097", "should_make_line": true }, "geometry": { "type": "Point", "coordinates": [ 533307.942355558276176, 7261953.43654553219676, 678.407200120593075 ] } },
{ "type": "Feature", "properties": { "Name": "SOS1_W_CREST098", "Code": null, "Northing": 305293.97063, "Easting": -33378.2312, "Elevation": 678.14141, "source_file": "20260319_SOS1 points.shp", "group": "SOS1", "direction": "W", "type": "CREST", "sequence": 98, "full_name": "SOS1_W_CREST098", "should_make_line": true }, "geometry": { "type": "Point", "coordinates": [ 533304.019058899139054, 7261952.196037450805306, 678.141413438340237 ] } },
{ "type": "Feature", "properties": { "Name": "SOS1_W_CREST099", "Code": null, "Northing": 305295.38062000001, "Easting": -33373.6227, "Elevation": 677.78798, "source_file": "20260319_SOS1 points.shp", "group": "SOS1", "direction": "W", "type": "CREST", "sequence": 99, "full_name": "SOS1_W_CREST099", "should_make_line": true }, "geometry": { "type": "Point", "coordinates": [ 533299.412419473286718, 7261950.786622041836381, 677.787979195411708 ] } },
{ "type": "Feature", "properties": { "Name": "SOS1_W_CREST100", "Code": null, "Northing": 305296.44592000003, "Easting": -33370.12674, "Elevation": 677.5038, "source_file": "20260319_SOS1 points.shp", "group": "SOS1", "direction": "W", "type": "CREST", "sequence": 100, "full_name": "SOS1_W_CREST100", "should_make_line": true }, "geometry": { "type": "Point", "coordinates": [ 533295.917871118173935, 7261949.721750528551638, 677.503795192946882 ] } },
{ "type": "Feature", "properties": { "Name": "SOS1_W_CREST101", "Code": null, "Northing": 305297.78032999998, "Easting": -33365.56664, "Elevation": 677.14697, "source_file": "20260319_SOS1 points.shp", "group": "SOS1", "direction": "W", "type": "CREST", "sequence": 101, "full_name": "SOS1_W_CREST101", "should_make_line": true }, "geometry": { "type": "Point", "coordinates": [ 533291.359616133966483, 7261948.387871922925115, 677.146974999405074 ] } },
{ "type": "Feature", "properties": { "Name": "SOS1_W_CREST102", "Code": null, "Northing": 305298.97848, "Easting": -33361.43362, "Elevation": 676.77769, "source_file": "20260319_SOS1 points.shp", "group": "SOS1", "direction": "W", "type": "CREST", "sequence": 102, "full_name": "SOS1_W_CREST102", "should_make_line": true }, "geometry": { "type": "Point", "coordinates": [ 533287.228266668040305, 7261947.190212476067245, 676.77769195900828 ] } },
{ "type": "Feature", "properties": { "Name": "SOS1_W_CREST103", "Code": null, "Northing": 305300.24991000001, "Easting": -33356.90521, "Elevation": 676.3535, "source_file": "20260319_SOS1 points.shp", "group": "SOS1", "direction": "W", "type": "CREST", "sequence": 103, "full_name": "SOS1_W_CREST103", "should_make_line": true }, "geometry": { "type": "Point", "coordinates": [ 533282.701682123821229, 7261945.919296579435468, 676.353495026467272 ] } },
{ "type": "Feature", "properties": { "Name": "SOS1_W_CREST104", "Code": null, "Northing": 305301.5988, "Easting": -33352.44894, "Elevation": 676.03649, "source_file": "20260319_SOS1 points.shp", "group": "SOS1", "direction": "W", "type": "CREST", "sequence": 104, "full_name": "SOS1_W_CREST104", "should_make_line": true }, "geometry": { "type": "Point", "coordinates": [ 533278.247209239285439, 7261944.57094716001302, 676.036489026574372 ] } },
{ "type": "Feature", "properties": { "Name": "SOS1_W_CREST105", "Code": null, "Northing": 305303.06551, "Easting": -33347.92681, "Elevation": 675.80916, "source_file": "20260319_SOS1 points.shp", "group": "SOS1", "direction": "W", "type": "CREST", "sequence": 105, "full_name": "SOS1_W_CREST105", "should_make_line": true }, "geometry": { "type": "Point", "coordinates": [ 533273.72690731252078, 7261943.104828711599112, 675.809164511997892 ] } },
{ "type": "Feature", "properties": { "Name": "SOS1_W_CREST106", "Code": null, "Northing": 305304.57977000001, "Easting": -33343.64895, "Elevation": 675.57092, "source_file": "20260319_SOS1 points.shp", "group": "SOS1", "direction": "W", "type": "CREST", "sequence": 106, "full_name": "SOS1_W_CREST106", "should_make_line": true }, "geometry": { "type": "Point", "coordinates": [ 533269.450773479533382, 7261941.59117859788239, 675.57092171112015 ] } },
{ "type": "Feature", "properties": { "Name": "SOS1_W_CREST107", "Code": null, "Northing": 305306.05596000003, "Easting": -33339.26801, "Elevation": 675.38816, "source_file": "20260319_SOS1 points.shp", "group": "SOS1", "direction": "W", "type": "CREST", "sequence": 107, "full_name": "SOS1_W_CREST107", "should_make_line": true }, "geometry": { "type": "Point", "coordinates": [ 533265.071612528874539, 7261940.115586459636688, 675.388155606657278 ] } },
{ "type": "Feature", "properties": { "Name": "SOS1_W_CREST108", "Code": null, "Northing": 305307.15032000002, "Easting": -33336.1086, "Elevation": 675.2245, "source_file": "20260319_SOS1 points.shp", "group": "SOS1", "direction": "W", "type": "CREST", "sequence": 108, "full_name": "SOS1_W_CREST108", "should_make_line": true }, "geometry": { "type": "Point", "coordinates": [ 533261.913469602237456, 7261939.021667340770364, 675.224502985353865 ] } },
{ "type": "Feature", "properties": { "Name": "SOS1_W_CREST109", "Code": null, "Northing": 305308.32981999998, "Easting": -33332.42152, "Elevation": 675.02707, "source_file": "20260319_SOS1 points.shp", "group": "SOS1", "direction": "W", "type": "CREST", "sequence": 109, "full_name": "SOS1_W_CREST109", "should_make_line": true }, "geometry": { "type": "Point", "coordinates": [ 533258.227887041401118, 7261937.842649574391544, 675.027067678153571 ] } },
{ "type": "Feature", "properties": { "Name": "SOS1_W_CREST110", "Code": null, "Northing": 305309.65132, "Easting": -33328.26901, "Elevation": 674.82358, "source_file": "20260319_SOS1 points.shp", "group": "SOS1", "direction": "W", "type": "CREST", "sequence": 110, "full_name": "SOS1_W_CREST110", "should_make_line": true }, "geometry": { "type": "Point", "coordinates": [ 533254.077054579858668, 7261936.521684505045414, 674.823582820705042 ] } },
{ "type": "Feature", "properties": { "Name": "SOS1_W_CREST111", "Code": null, "Northing": 305310.53014, "Easting": -33325.22908, "Elevation": 674.57736, "source_file": "20260319_SOS1 points.shp", "group": "SOS1", "direction": "W", "type": "CREST", "sequence": 111, "full_name": "SOS1_W_CREST111", "should_make_line": true }, "geometry": { "type": "Point", "coordinates": [ 533251.03835315851029, 7261935.643218839541078, 674.577359956457826 ] } },
{ "type": "Feature", "properties": { "Name": "SOS1_W_CREST112", "Code": null, "Northing": 305311.41515000002, "Easting": -33321.84031, "Elevation": 674.32668, "source_file": "20260319_SOS1 points.shp", "group": "SOS1", "direction": "W", "type": "CREST", "sequence": 112, "full_name": "SOS1_W_CREST112", "should_make_line": true }, "geometry": { "type": "Point", "coordinates": [ 533247.65094540535938, 7261934.758562751114368, 674.326675132875152 ] } },
{ "type": "Feature", "properties": { "Name": "SOS1_W_CREST113", "Code": null, "Northing": 305312.41674999997, "Easting": -33318.0861, "Elevation": 673.98503, "source_file": "20260319_SOS1 points.shp", "group": "SOS1", "direction": "W", "type": "CREST", "sequence": 113, "full_name": "SOS1_W_CREST113", "should_make_line": true }, "geometry": { "type": "Point", "coordinates": [ 533243.898251363541931, 7261933.757364638149738, 673.9850300385541 ] } },
{ "type": "Feature", "properties": { "Name": "SOS1_W_CREST114", "Code": null, "Northing": 305313.32643000002, "Easting": -33314.55134, "Elevation": 673.69223, "source_file": "20260319_SOS1 points.shp", "group": "SOS1", "direction": "W", "type": "CREST", "sequence": 114, "full_name": "SOS1_W_CREST114", "should_make_line": true }, "geometry": { "type": "Point", "coordinates": [ 533240.364919185056351, 7261932.848058363422751, 673.69222665178745 ] } },
{ "type": "Feature", "properties": { "Name": "SOS1_W_CREST115", "Code": null, "Northing": 305314.23661999998, "Easting": -33310.94117, "Elevation": 673.34331, "source_file": "20260319_SOS1 points.shp", "group": "SOS1", "direction": "W", "type": "CREST", "sequence": 115, "full_name": "SOS1_W_CREST115", "should_make_line": true }, "geometry": { "type": "Point", "coordinates": [ 533236.756206064485013, 7261931.938237195834517, 673.343312688694027 ] } },
{ "type": "Feature", "properties": { "Name": "SOS1_W_CREST116", "Code": null, "Northing": 305315.34412000002, "Easting": -33306.54637, "Elevation": 672.95412, "source_file": "20260319_SOS1 points.shp", "group": "SOS1", "direction": "W", "type": "CREST", "sequence": 116, "full_name": "SOS1_W_CREST116", "should_make_line": true }, "geometry": { "type": "Point", "coordinates": [ 533232.363180059706792, 7261930.831175399944186, 672.95412379364177 ] } },
{ "type": "Feature", "properties": { "Name": "SOS1_W_CREST117", "Code": null, "Northing": 305316.34369000001, "Easting": -33302.45316, "Elevation": 672.58956, "source_file": "20260319_SOS1 points.shp", "group": "SOS1", "direction": "W", "type": "CREST", "sequence": 117, "full_name": "SOS1_W_CREST117", "should_make_line": true }, "geometry": { "type": "Point", "coordinates": [ 533228.271630022441968, 7261929.83200887683779, 672.589555982910952 ] } },
{ "type": "Feature", "properties": { "Name": "SOS1_W_CREST118", "Code": null, "Northing": 305317.56162, "Easting": -33297.52244, "Elevation": 672.11868, "source_file": "20260319_SOS1 points.shp", "group": "SOS1", "direction": "W", "type": "CREST", "sequence": 118, "full_name": "SOS1_W_CREST118", "should_make_line": true }, "geometry": { "type": "Point", "coordinates": [ 533223.342899073264562, 7261928.614577380940318, 672.118679830274914 ] } },
{ "type": "Feature", "properties": { "Name": "SOS1_W_CREST119", "Code": null, "Northing": 305318.66994, "Easting": -33292.81598, "Elevation": 671.67961, "source_file": "20260319_SOS1 points.shp", "group": "SOS1", "direction": "W", "type": "CREST", "sequence": 119, "full_name": "SOS1_W_CREST119", "should_make_line": true }, "geometry": { "type": "Point", "coordinates": [ 533218.638331692083739, 7261927.506702035665512, 671.67960520750637 ] } },
{ "type": "Feature", "properties": { "Name": "SOS1_W_CREST120", "Code": null, "Northing": 305319.73644000001, "Easting": -33288.24225, "Elevation": 671.24069, "source_file": "20260319_SOS1 points.shp", "group": "SOS1", "direction": "W", "type": "CREST", "sequence": 120, "full_name": "SOS1_W_CREST120", "should_make_line": true }, "geometry": { "type": "Point", "coordinates": [ 533214.066450375365093, 7261926.440627552568913, 671.240693412948758 ] } },
{ "type": "Feature", "properties": { "Name": "SOS1_W_CREST121", "Code": null, "Northing": 305320.7758, "Easting": -33283.68638, "Elevation": 670.79003, "source_file": "20260319_SOS1 points.shp", "group": "SOS1", "direction": "W", "type": "CREST", "sequence": 121, "full_name": "SOS1_W_CREST121", "should_make_line": true }, "geometry": { "type": "Point", "coordinates": [ 533209.512418875703588, 7261925.401689195074141, 670.79002791998073 ] } },
{ "type": "Feature", "properties": { "Name": "SOS1_W_CREST122", "Code": null, "Northing": 305321.59086, "Easting": -33280.08251, "Elevation": 670.43267, "source_file": "20260319_SOS1 points.shp", "group": "SOS1", "direction": "W", "type": "CREST", "sequence": 122, "full_name": "SOS1_W_CREST122", "should_make_line": true }, "geometry": { "type": "Point", "coordinates": [ 533205.910003820084967, 7261924.586958127096295, 670.432674740762764 ] } },
{ "type": "Feature", "properties": { "Name": "SOS1_W_CREST123", "Code": null, "Northing": 305322.71592, "Easting": -33275.26132, "Elevation": 669.96447, "source_file": "20260319_SOS1 points.shp", "group": "SOS1", "direction": "W", "type": "CREST", "sequence": 123, "full_name": "SOS1_W_CREST123", "should_make_line": true }, "geometry": { "type": "Point", "coordinates": [ 533201.090763990301639, 7261923.462354646995664, 669.964466047829319 ] } },
{ "type": "Feature", "properties": { "Name": "SOS1_W_CREST124", "Code": null, "Northing": 305323.71184, "Easting": -33271.40885, "Elevation": 669.69411, "source_file": "20260319_SOS1 points.shp", "group": "SOS1", "direction": "W", "type": "CREST", "sequence": 124, "full_name": "SOS1_W_CREST124", "should_make_line": true }, "geometry": { "type": "Point", "coordinates": [ 533197.239846103359014, 7261922.466832572594285, 669.694112822500415 ] } },
{ "type": "Feature", "properties": { "Name": "SOS1_W_CREST125", "Code": null, "Northing": 305324.75585999998, "Easting": -33267.93904, "Elevation": 669.54311, "source_file": "20260319_SOS1 points.shp", "group": "SOS1", "direction": "W", "type": "CREST", "sequence": 125, "full_name": "SOS1_W_CREST125", "should_make_line": true }, "geometry": { "type": "Point", "coordinates": [ 533193.771436652750708, 7261921.423236854374409, 669.543110688555089 ] } },
{ "type": "Feature", "properties": { "Name": "SOS1_W_CREST126", "Code": null, "Northing": 305326.10086000001, "Easting": -33264.15577, "Elevation": 669.40733, "source_file": "20260319_SOS1 points.shp", "group": "SOS1", "direction": "W", "type": "CREST", "sequence": 126, "full_name": "SOS1_W_CREST126", "should_make_line": true }, "geometry": { "type": "Point", "coordinates": [ 533189.989695480442606, 7261920.078778974711895, 669.407327834750959 ] } },
{ "type": "Feature", "properties": { "Name": "SOS1_W_CREST127", "Code": null, "Northing": 305327.4853, "Easting": -33260.26585, "Elevation": 669.34473, "source_file": "20260319_SOS1 points.shp", "group": "SOS1", "direction": "W", "type": "CREST", "sequence": 127, "full_name": "SOS1_W_CREST127", "should_make_line": true }, "geometry": { "type": "Point", "coordinates": [ 533186.101349422940984, 7261918.694904206320643, 669.344728519562295 ] } },
{ "type": "Feature", "properties": { "Name": "SOS1_W_CREST128", "Code": null, "Northing": 305328.73024, "Easting": -33256.81343, "Elevation": 669.31968, "source_file": "20260319_SOS1 points.shp", "group": "SOS1", "direction": "W", "type": "CREST", "sequence": 128, "full_name": "SOS1_W_CREST128", "should_make_line": true }, "geometry": { "type": "Point", "coordinates": [ 533182.650324848247692, 7261917.450469357892871, 669.31968310993534 ] } },
{ "type": "Feature", "properties": { "Name": "SOS1_W_CREST129", "Code": null, "Northing": 305329.8966, "Easting": -33253.48065, "Elevation": 669.26851, "source_file": "20260319_SOS1 points.shp", "group": "SOS1", "direction": "W", "type": "CREST", "sequence": 129, "full_name": "SOS1_W_CREST129", "should_make_line": true }, "geometry": { "type": "Point", "coordinates": [ 533179.318893538438715, 7261916.284573000855744, 669.268508530633312 ] } },
{ "type": "Feature", "properties": { "Name": "SOS1_W_CREST130", "Code": null, "Northing": 305331.06232000003, "Easting": -33250.30663, "Elevation": 669.1669, "source_file": "20260319_SOS1 points.shp", "group": "SOS1", "direction": "W", "type": "CREST", "sequence": 130, "full_name": "SOS1_W_CREST130", "should_make_line": true }, "geometry": { "type": "Point", "coordinates": [ 533176.146159592084587, 7261915.119323302060366, 669.166899628383703 ] } },
{ "type": "Feature", "properties": { "Name": "SOS1_W_CREST131", "Code": null, "Northing": 305332.01002, "Easting": -33247.72429, "Elevation": 669.09941, "source_file": "20260319_SOS1 points.shp", "group": "SOS1", "direction": "W", "type": "CREST", "sequence": 131, "full_name": "SOS1_W_CREST131", "should_make_line": true }, "geometry": { "type": "Point", "coordinates": [ 533173.564859467791393, 7261914.172007959336042, 669.099409108913619 ] } },
{ "type": "Feature", "properties": { "Name": "SOS1_W_CREST132", "Code": null, "Northing": 305332.91767, "Easting": -33244.99935, "Elevation": 669.04857, "source_file": "20260319_SOS1 points.shp", "group": "SOS1", "direction": "W", "type": "CREST", "sequence": 132, "full_name": "SOS1_W_CREST132", "should_make_line": true }, "geometry": { "type": "Point", "coordinates": [ 533170.841026031994261, 7261913.264726843684912, 669.048566837929911 ] } },
{ "type": "Feature", "properties": { "Name": "SOS1_W_CREST133", "Code": null, "Northing": 305333.91285000002, "Easting": -33242.06138, "Elevation": 668.99042, "source_file": "20260319_SOS1 points.shp", "group": "SOS1", "direction": "W", "type": "CREST", "sequence": 133, "full_name": "SOS1_W_CREST133", "should_make_line": true }, "geometry": { "type": "Point", "coordinates": [ 533167.904244073783047, 7261912.269954551011324, 668.990419621081855 ] } },
{ "type": "Feature", "properties": { "Name": "SOS1_W_CREST134", "Code": null, "Northing": 305334.70574, "Easting": -33239.68792, "Elevation": 668.90788, "source_file": "20260319_SOS1 points.shp", "group": "SOS1", "direction": "W", "type": "CREST", "sequence": 134, "full_name": "SOS1_W_CREST134", "should_make_line": true }, "geometry": { "type": "Point", "coordinates": [ 533165.531743693049066, 7261911.477385237812996, 668.90787635736433 ] } },
{ "type": "Feature", "properties": { "Name": "SOS1_W_CREST135", "Code": null, "Northing": 305335.6094, "Easting": -33236.87966, "Elevation": 668.82533, "source_file": "20260319_SOS1 points.shp", "group": "SOS1", "direction": "W", "type": "CREST", "sequence": 135, "full_name": "SOS1_W_CREST135", "should_make_line": true }, "geometry": { "type": "Point", "coordinates": [ 533162.724619843182154, 7261910.574083937332034, 668.825326003513169 ] } },
{ "type": "Feature", "properties": { "Name": "SOS1_W_CREST136", "Code": null, "Northing": 305336.2823, "Easting": -33234.92128, "Elevation": 668.83068, "source_file": "20260319_SOS1 points.shp", "group": "SOS1", "direction": "W", "type": "CREST", "sequence": 136, "full_name": "SOS1_W_CREST136", "should_make_line": true }, "geometry": { "type": "Point", "coordinates": [ 533160.767030021059327, 7261909.90145568549633, 668.830679448916271 ] } },
{ "type": "Feature", "properties": { "Name": "SOS1_W_CREST137", "Code": null, "Northing": 305337.26338000002, "Easting": -33231.80263, "Elevation": 668.743, "source_file": "20260319_SOS1 points.shp", "group": "SOS1", "direction": "W", "type": "CREST", "sequence": 137, "full_name": "SOS1_W_CREST137", "should_make_line": true }, "geometry": { "type": "Point", "coordinates": [ 533157.649639016366564, 7261908.920781191438437, 668.74299586050347 ] } },
{ "type": "Feature", "properties": { "Name": "SOS1_W_CREST138", "Code": null, "Northing": 305338.2874, "Easting": -33228.59494, "Elevation": 668.60226, "source_file": "20260319_SOS1 points.shp", "group": "SOS1", "direction": "W", "type": "CREST", "sequence": 138, "full_name": "SOS1_W_CREST138", "should_make_line": true }, "geometry": { "type": "Point", "coordinates": [ 533154.443250821903348, 7261907.897166485898197, 668.602257989759096 ] } },
{ "type": "Feature", "properties": { "Name": "SOS1_W_CREST139", "Code": null, "Northing": 305339.2968, "Easting": -33225.47616, "Elevation": 668.51768, "source_file": "20260319_SOS1 points.shp", "group": "SOS1", "direction": "W", "type": "CREST", "sequence": 139, "full_name": "SOS1_W_CREST139", "should_make_line": true }, "geometry": { "type": "Point", "coordinates": [ 533151.325731189921498, 7261906.88817622885108, 668.517679456685755 ] } },
{ "type": "Feature", "properties": { "Name": "SOS1_W_CREST140", "Code": null, "Northing": 305339.81092999998, "Easting": -33223.91482, "Elevation": 668.46555, "source_file": "20260319_SOS1 points.shp", "group": "SOS1", "direction": "W", "type": "CREST", "sequence": 140, "full_name": "SOS1_W_CREST140", "should_make_line": true }, "geometry": { "type": "Point", "coordinates": [ 533149.765024730237201, 7261906.374256916344166, 668.465549378317178 ] } },
{ "type": "Feature", "properties": { "Name": "SOS1_W_CREST141", "Code": null, "Northing": 305340.75835999998, "Easting": -33220.88104, "Elevation": 668.31794, "source_file": "20260319_SOS1 points.shp", "group": "SOS1", "direction": "W", "type": "CREST", "sequence": 141, "full_name": "SOS1_W_CREST141", "should_make_line": true }, "geometry": { "type": "Point", "coordinates": [ 533146.732463594293222, 7261905.427209695801139, 668.317935939017389 ] } },
{ "type": "Feature", "properties": { "Name": "SOS1_W_CREST142", "Code": null, "Northing": 305341.66486000002, "Easting": -33217.74561, "Elevation": 668.1724, "source_file": "20260319_SOS1 points.shp", "group": "SOS1", "direction": "W", "type": "CREST", "sequence": 142, "full_name": "SOS1_W_CREST142", "should_make_line": true }, "geometry": { "type": "Point", "coordinates": [ 533143.598309166962281, 7261904.521076248958707, 668.172402182538008 ] } },
{ "type": "Feature", "properties": { "Name": "SOS1_W_CREST143", "Code": null, "Northing": 305342.29689, "Easting": -33215.5756, "Elevation": 668.11229, "source_file": "20260319_SOS1 points.shp", "group": "SOS1", "direction": "W", "type": "CREST", "sequence": 143, "full_name": "SOS1_W_CREST143", "should_make_line": true }, "geometry": { "type": "Point", "coordinates": [ 533141.429170172195882, 7261903.889305091463029, 668.11229359973288 ] } },
{ "type": "Feature", "properties": { "Name": "SOS1_W_CREST144", "Code": null, "Northing": 305343.02789000003, "Easting": -33213.08193, "Elevation": 667.96433, "source_file": "20260319_SOS1 points.shp", "group": "SOS1", "direction": "W", "type": "CREST", "sequence": 144, "full_name": "SOS1_W_CREST144", "should_make_line": true }, "geometry": { "type": "Point", "coordinates": [ 533138.936513036140241, 7261903.158598823472857, 667.964325284548636 ] } },
{ "type": "Feature", "properties": { "Name": "SOS1_W_CREST145", "Code": null, "Northing": 305343.77414, "Easting": -33210.48567, "Elevation": 667.93818, "source_file": "20260319_SOS1 points.shp", "group": "SOS1", "direction": "W", "type": "CREST", "sequence": 145, "full_name": "SOS1_W_CREST145", "should_make_line": true }, "geometry": { "type": "Point", "coordinates": [ 533136.341304971720092, 7261902.41264911647886, 667.938178131311815 ] } },
{ "type": "Feature", "properties": { "Name": "SOS1_W_CREST146", "Code": null, "Northing": 305344.5501, "Easting": -33207.46419, "Elevation": 667.65957, "source_file": "20260319_SOS1 points.shp", "group": "SOS1", "direction": "W", "type": "CREST", "sequence": 146, "full_name": "SOS1_W_CREST146", "should_make_line": true }, "geometry": { "type": "Point", "coordinates": [ 533133.321040720911697, 7261901.637004539370537, 667.65956521083865 ] } },
{ "type": "Feature", "properties": { "Name": "SOS1_W_CREST147", "Code": null, "Northing": 305345.39808000001, "Easting": -33204.14029, "Elevation": 667.43152, "source_file": "20260319_SOS1 points.shp", "group": "SOS1", "direction": "W", "type": "CREST", "sequence": 147, "full_name": "SOS1_W_CREST147", "should_make_line": true }, "geometry": { "type": "Point", "coordinates": [ 533129.998478837544098, 7261900.789367793127894, 667.431522357370795 ] } },
{ "type": "Feature", "properties": { "Name": "SOS1_W_CREST148", "Code": null, "Northing": 305345.96464000002, "Easting": -33201.90878, "Elevation": 667.30349, "source_file": "20260319_SOS1 points.shp", "group": "SOS1", "direction": "W", "type": "CREST", "sequence": 148, "full_name": "SOS1_W_CREST148", "should_make_line": true }, "geometry": { "type": "Point", "coordinates": [ 533127.767877957317978, 7261900.22302926518023, 667.303492968172691 ] } },
{ "type": "Feature", "properties": { "Name": "SOS1_W_CREST149", "Code": null, "Northing": 305346.54849000002, "Easting": -33199.59606, "Elevation": 667.15216, "source_file": "20260319_SOS1 points.shp", "group": "SOS1", "direction": "W", "type": "CREST", "sequence": 149, "full_name": "SOS1_W_CREST149", "should_make_line": true }, "geometry": { "type": "Point", "coordinates": [ 533125.456092167296447, 7261899.639420226216316, 667.152159970282582 ] } },
{ "type": "Feature", "properties": { "Name": "SOS1_W_CREST150", "Code": null, "Northing": 305347.36148999998, "Easting": -33196.15554, "Elevation": 666.86114, "source_file": "20260319_SOS1 points.shp", "group": "SOS1", "direction": "W", "type": "CREST", "sequence": 150, "full_name": "SOS1_W_CREST150", "should_make_line": true }, "geometry": { "type": "Point", "coordinates": [ 533122.016956578358077, 7261898.826749287545681, 666.861139697162002 ] } },
{ "type": "Feature", "properties": { "Name": "SOS1_W_CREST151", "Code": null, "Northing": 305348.15168000001, "Easting": -33192.77892, "Elevation": 666.64374, "source_file": "20260319_SOS1 points.shp", "group": "SOS1", "direction": "W", "type": "CREST", "sequence": 151, "full_name": "SOS1_W_CREST151", "should_make_line": true }, "geometry": { "type": "Point", "coordinates": [ 533118.641701215296052, 7261898.036875845864415, 666.643741675791262 ] } },
{ "type": "Feature", "properties": { "Name": "SOS1_W_CREST152", "Code": null, "Northing": 305348.94687, "Easting": -33189.24493, "Elevation": 666.42072, "source_file": "20260319_SOS1 points.shp", "group": "SOS1", "direction": "W", "type": "CREST", "sequence": 152, "full_name": "SOS1_W_CREST152", "should_make_line": true }, "geometry": { "type": "Point", "coordinates": [ 533115.109135474544019, 7261897.242005210369825, 666.420716251564954 ] } },
{ "type": "Feature", "properties": { "Name": "SOS1_W_CREST153", "Code": null, "Northing": 305349.53746000002, "Easting": -33186.3852, "Elevation": 666.20229, "source_file": "20260319_SOS1 points.shp", "group": "SOS1", "direction": "W", "type": "CREST", "sequence": 153, "full_name": "SOS1_W_CREST153", "should_make_line": true }, "geometry": { "type": "Point", "coordinates": [ 533112.250568606075831, 7261896.651659406721592, 666.202294169306697 ] } },
{ "type": "Feature", "properties": { "Name": "SOS1_W_CREST154", "Code": null, "Northing": 305350.21678999998, "Easting": -33183.19957, "Elevation": 665.91907, "source_file": "20260319_SOS1 points.shp", "group": "SOS1", "direction": "W", "type": "CREST", "sequence": 154, "full_name": "SOS1_W_CREST154", "should_make_line": true }, "geometry": { "type": "Point", "coordinates": [ 533109.066224853275344, 7261895.972598142921925, 665.919071256488905 ] } },
{ "type": "Feature", "properties": { "Name": "SOS1_W_CREST155", "Code": null, "Northing": 305350.91768999997, "Easting": -33179.79776, "Elevation": 665.64646, "source_file": "20260319_SOS1 points.shp", "group": "SOS1", "direction": "W", "type": "CREST", "sequence": 155, "full_name": "SOS1_W_CREST155", "should_make_line": true }, "geometry": { "type": "Point", "coordinates": [ 533105.665783886797726, 7261895.271983867511153, 665.646457189192802 ] } },
{ "type": "Feature", "properties": { "Name": "SOS1_W_CREST156", "Code": null, "Northing": 305351.53077999997, "Easting": -33176.61953, "Elevation": 665.36935, "source_file": "20260319_SOS1 points.shp", "group": "SOS1", "direction": "W", "type": "CREST", "sequence": 156, "full_name": "SOS1_W_CREST156", "should_make_line": true }, "geometry": { "type": "Point", "coordinates": [ 533102.488833590177819, 7261894.659138927236199, 665.369346789956921 ] } },
{ "type": "Feature", "properties": { "Name": "SOS1_W_CREST157", "Code": null, "Northing": 305352.4746, "Easting": -33171.85881, "Elevation": 664.95286, "source_file": "20260319_SOS1 points.shp", "group": "SOS1", "direction": "W", "type": "CREST", "sequence": 157, "full_name": "SOS1_W_CREST157", "should_make_line": true }, "geometry": { "type": "Point", "coordinates": [ 533097.730037589441054, 7261893.715701131150126, 664.952863260681511 ] } },
{ "type": "Feature", "properties": { "Name": "SOS1_W_CREST158", "Code": null, "Northing": 305353.20665000001, "Easting": -33168.10294, "Elevation": 664.60565, "source_file": "20260319_SOS1 points.shp", "group": "SOS1", "direction": "W", "type": "CREST", "sequence": 158, "full_name": "SOS1_W_CREST158", "should_make_line": true }, "geometry": { "type": "Point", "coordinates": [ 533093.975683718337677, 7261892.983949088491499, 664.605645126191916 ] } },
{ "type": "Feature", "properties": { "Name": "SOS1_W_CREST159", "Code": null, "Northing": 305353.88014000002, "Easting": -33164.92866, "Elevation": 664.32067, "source_file": "20260319_SOS1 points.shp", "group": "SOS1", "direction": "W", "type": "CREST", "sequence": 159, "full_name": "SOS1_W_CREST159", "should_make_line": true }, "geometry": { "type": "Point", "coordinates": [ 533090.802691331715323, 7261892.310726627707481, 664.32067161776547 ] } },
{ "type": "Feature", "properties": { "Name": "SOS1_W_CREST160", "Code": null, "Northing": 305354.45623000001, "Easting": -33162.12123, "Elevation": 664.06976, "source_file": "20260319_SOS1 points.shp", "group": "SOS1", "direction": "W", "type": "CREST", "sequence": 160, "full_name": "SOS1_W_CREST160", "should_make_line": true }, "geometry": { "type": "Point", "coordinates": [ 533087.996390626067296, 7261891.734870264306664, 664.069759710259518 ] } },
{ "type": "Feature", "properties": { "Name": "SOS1_W_CREST161", "Code": null, "Northing": 305354.35368, "Easting": -33162.58413, "Elevation": 664.24215, "source_file": "20260319_SOS1 points.shp", "group": "SOS1", "direction": "W", "type": "CREST", "sequence": 161, "full_name": "SOS1_W_CREST161", "should_make_line": true }, "geometry": { "type": "Point", "coordinates": [ 533088.459106370806694, 7261891.837380767799914, 664.242150976815992 ] } },
{ "type": "Feature", "properties": { "Name": "SOS1_W_CREST162", "Code": null, "Northing": 305354.97119000001, "Easting": -33159.50458, "Elevation": 663.97665, "source_file": "20260319_SOS1 points.shp", "group": "SOS1", "direction": "W", "type": "CREST", "sequence": 162, "full_name": "SOS1_W_CREST162", "should_make_line": true }, "geometry": { "type": "Point", "coordinates": [ 533085.38079841947183, 7261891.220119627192616, 663.976647018494873 ] } },
{ "type": "Feature", "properties": { "Name": "SOS1_W_CREST163", "Code": null, "Northing": 305355.50874999998, "Easting": -33157.00367, "Elevation": 663.7551, "source_file": "20260319_SOS1 points.shp", "group": "SOS1", "direction": "W", "type": "CREST", "sequence": 163, "full_name": "SOS1_W_CREST163", "should_make_line": true }, "geometry": { "type": "Point", "coordinates": [ 533082.880893755936995, 7261890.682770479470491, 663.755103865640876 ] } },
{ "type": "Feature", "properties": { "Name": "SOS1_W_CREST164", "Code": null, "Northing": 305356.29368, "Easting": -33153.60358, "Elevation": 663.50811, "source_file": "20260319_SOS1 points.shp", "group": "SOS1", "direction": "W", "type": "CREST", "sequence": 164, "full_name": "SOS1_W_CREST164", "should_make_line": true }, "geometry": { "type": "Point", "coordinates": [ 533079.48217690247111, 7261889.898155374452472, 663.508105871625162 ] } },
{ "type": "Feature", "properties": { "Name": "SOS1_W_CREST165", "Code": null, "Northing": 305357.05552, "Easting": -33150.1771, "Elevation": 663.29086, "source_file": "20260319_SOS1 points.shp", "group": "SOS1", "direction": "W", "type": "CREST", "sequence": 165, "full_name": "SOS1_W_CREST165", "should_make_line": true }, "geometry": { "type": "Point", "coordinates": [ 533076.057088206522167, 7261889.136626943014562, 663.290862607342888 ] } },
{ "type": "Feature", "properties": { "Name": "SOS1_W_CREST166", "Code": null, "Northing": 305357.39065000002, "Easting": -33148.64964, "Elevation": 663.19024, "source_file": "20260319_SOS1 points.shp", "group": "SOS1", "direction": "W", "type": "CREST", "sequence": 166, "full_name": "SOS1_W_CREST166", "should_make_line": true }, "geometry": { "type": "Point", "coordinates": [ 533074.530245518079028, 7261888.801636040210724, 663.190241622186818 ] } },
{ "type": "Feature", "properties": { "Name": "SOS1_W_CREST167", "Code": null, "Northing": 305358.21042000002, "Easting": -33145.14858, "Elevation": 662.93559, "source_file": "20260319_SOS1 points.shp", "group": "SOS1", "direction": "W", "type": "CREST", "sequence": 167, "full_name": "SOS1_W_CREST167", "should_make_line": true }, "geometry": { "type": "Point", "coordinates": [ 533071.030594678479247, 7261887.982193972915411, 662.935594020150006 ] } },
{ "type": "Feature", "properties": { "Name": "SOS1_W_CREST168", "Code": null, "Northing": 305359.15227000002, "Easting": -33140.77959, "Elevation": 662.64421, "source_file": "20260319_SOS1 points.shp", "group": "SOS1", "direction": "W", "type": "CREST", "sequence": 168, "full_name": "SOS1_W_CREST168", "should_make_line": true }, "geometry": { "type": "Point", "coordinates": [ 533066.663369835820049, 7261887.040722701698542, 662.644211746682004 ] } },
{ "type": "Feature", "properties": { "Name": "SOS1_W_CREST169", "Code": null, "Northing": 305359.93608999997, "Easting": -33137.10784, "Elevation": 662.38282, "source_file": "20260319_SOS1 points.shp", "group": "SOS1", "direction": "W", "type": "CREST", "sequence": 169, "full_name": "SOS1_W_CREST169", "should_make_line": true }, "geometry": { "type": "Point", "coordinates": [ 533062.993102404638194, 7261886.25722, 662.382818114442216 ] } },
{ "type": "Feature", "properties": { "Name": "SOS1_W_CREST170", "Code": null, "Northing": 305360.9701, "Easting": -33132.17923, "Elevation": 662.04077, "source_file": "20260319_SOS1 points.shp", "group": "SOS1", "direction": "W", "type": "CREST", "sequence": 170, "full_name": "SOS1_W_CREST170", "should_make_line": true }, "geometry": { "type": "Point", "coordinates": [ 533058.066486413357779, 7261885.223625801503658, 662.040771740043283 ] } },
{ "type": "Feature", "properties": { "Name": "SOS1_W_CREST171", "Code": null, "Northing": 305361.77013000002, "Easting": -33128.33237, "Elevation": 661.79459, "source_file": "20260319_SOS1 points.shp", "group": "SOS1", "direction": "W", "type": "CREST", "sequence": 171, "full_name": "SOS1_W_CREST171", "should_make_line": true }, "geometry": { "type": "Point", "coordinates": [ 533054.221177391009405, 7261884.423922887071967, 661.794594062067972 ] } },
{ "type": "Feature", "properties": { "Name": "SOS1_W_CREST172", "Code": null, "Northing": 305362.79907000001, "Easting": -33123.61244, "Elevation": 661.47943, "source_file": "20260319_SOS1 points.shp", "group": "SOS1", "direction": "W", "type": "CREST", "sequence": 172, "full_name": "SOS1_W_CREST172", "should_make_line": true }, "geometry": { "type": "Point", "coordinates": [ 533049.503160001477227, 7261883.395392892882228, 661.479429362511723 ] } },
{ "type": "Feature", "properties": { "Name": "SOS1_W_CREST173", "Code": null, "Northing": 305363.37396, "Easting": -33120.73704, "Elevation": 661.27721, "source_file": "20260319_SOS1 points.shp", "group": "SOS1", "direction": "W", "type": "CREST", "sequence": 173, "full_name": "SOS1_W_CREST173", "should_make_line": true }, "geometry": { "type": "Point", "coordinates": [ 533046.628919170703739, 7261882.820739829912782, 661.277212076597493 ] } },
{ "type": "Feature", "properties": { "Name": "SOS1_W_CREST174", "Code": null, "Northing": 305364.00227, "Easting": -33117.81272, "Elevation": 661.10231, "source_file": "20260319_SOS1 points.shp", "group": "SOS1", "direction": "W", "type": "CREST", "sequence": 174, "full_name": "SOS1_W_CREST174", "should_make_line": true }, "geometry": { "type": "Point", "coordinates": [ 533043.705777275608853, 7261882.192684337496758, 661.102309045682773 ] } },
{ "type": "Feature", "properties": { "Name": "SOS1_W_CREST175", "Code": null, "Northing": 305364.72892999998, "Easting": -33114.31075, "Elevation": 660.84625, "source_file": "20260319_SOS1 points.shp", "group": "SOS1", "direction": "W", "type": "CREST", "sequence": 175, "full_name": "SOS1_W_CREST175", "should_make_line": true }, "geometry": { "type": "Point", "coordinates": [ 533040.205217792652547, 7261881.466313492506742, 660.846254055572444 ] } },
{ "type": "Feature", "properties": { "Name": "SOS1_W_CREST176", "Code": null, "Northing": 305365.4075, "Easting": -33110.99738, "Elevation": 660.63225, "source_file": "20260319_SOS1 points.shp", "group": "SOS1", "direction": "W", "type": "CREST", "sequence": 176, "full_name": "SOS1_W_CREST176", "should_make_line": true }, "geometry": { "type": "Point", "coordinates": [ 533036.893195363692939, 7261880.788022797554731, 660.632253588499225 ] } },
{ "type": "Feature", "properties": { "Name": "SOS1_W_CREST177", "Code": null, "Northing": 305365.84873000003, "Easting": -33108.74568, "Elevation": 660.50647, "source_file": "20260319_SOS1 points.shp", "group": "SOS1", "direction": "W", "type": "CREST", "sequence": 177, "full_name": "SOS1_W_CREST177", "should_make_line": true }, "geometry": { "type": "Point", "coordinates": [ 533034.642405827762559, 7261880.346966531127691, 660.506465243117304 ] } },
{ "type": "Feature", "properties": { "Name": "SOS1_W_CREST178", "Code": null, "Northing": 305366.38997000002, "Easting": -33105.9589, "Elevation": 660.31709, "source_file": "20260319_SOS1 points.shp", "group": "SOS1", "direction": "W", "type": "CREST", "sequence": 178, "full_name": "SOS1_W_CREST178", "should_make_line": true }, "geometry": { "type": "Point", "coordinates": [ 533031.856742969481274, 7261879.80594920180738, 660.317088231906155 ] } },
{ "type": "Feature", "properties": { "Name": "SOS1_W_CREST179", "Code": null, "Northing": 305367.2643, "Easting": -33101.84048, "Elevation": 660.05349, "source_file": "20260319_SOS1 points.shp", "group": "SOS1", "direction": "W", "type": "CREST", "sequence": 179, "full_name": "SOS1_W_CREST179", "should_make_line": true }, "geometry": { "type": "Point", "coordinates": [ 533027.739993959083222, 7261878.931971625424922, 660.05348803924835 ] } },
{ "type": "Feature", "properties": { "Name": "SOS1_W_CREST180", "Code": null, "Northing": 305367.96237000002, "Easting": -33098.38901, "Elevation": 659.82684, "source_file": "20260319_SOS1 points.shp", "group": "SOS1", "direction": "W", "type": "CREST", "sequence": 180, "full_name": "SOS1_W_CREST180", "should_make_line": true }, "geometry": { "type": "Point", "coordinates": [ 533024.289913526270539, 7261878.234182953834534, 659.82684211027788 ] } },
{ "type": "Feature", "properties": { "Name": "SOS1_W_CREST181", "Code": null, "Northing": 305368.76976, "Easting": -33094.82129, "Elevation": 659.59661, "source_file": "20260319_SOS1 points.shp", "group": "SOS1", "direction": "W", "type": "CREST", "sequence": 181, "full_name": "SOS1_W_CREST181", "should_make_line": true }, "geometry": { "type": "Point", "coordinates": [ 533020.723636688897386, 7261877.427119451574981, 659.596606257438452 ] } },
{ "type": "Feature", "properties": { "Name": "SOS1_W_CREST182", "Code": null, "Northing": 305369.56238999998, "Easting": -33090.91404, "Elevation": 659.362, "source_file": "20260319_SOS1 points.shp", "group": "SOS1", "direction": "W", "type": "CREST", "sequence": 182, "full_name": "SOS1_W_CREST182", "should_make_line": true }, "geometry": { "type": "Point", "coordinates": [ 533016.817965099937283, 7261876.634805390611291, 659.361995167810733 ] } },
{ "type": "Feature", "properties": { "Name": "SOS1_W_CREST183", "Code": null, "Northing": 305369.91388000001, "Easting": -33089.1425, "Elevation": 659.27278, "source_file": "20260319_SOS1 points.shp", "group": "SOS1", "direction": "W", "type": "CREST", "sequence": 183, "full_name": "SOS1_W_CREST183", "should_make_line": true }, "geometry": { "type": "Point", "coordinates": [ 533015.047138976748101, 7261876.283459635451436, 659.272777387264114 ] } },
{ "type": "Feature", "properties": { "Name": "SOS1_W_CREST184", "Code": null, "Northing": 305370.34292000002, "Easting": -33087.04988, "Elevation": 659.08728, "source_file": "20260319_SOS1 points.shp", "group": "SOS1", "direction": "W", "type": "CREST", "sequence": 184, "full_name": "SOS1_W_CREST184", "should_make_line": true }, "geometry": { "type": "Point", "coordinates": [ 533012.955363677931018, 7261875.854595014825463, 659.087275364235097 ] } },
{ "type": "Feature", "properties": { "Name": "SOS1_W_CREST185", "Code": null, "Northing": 305370.80917999998, "Easting": -33084.75467, "Elevation": 658.92397, "source_file": "20260319_SOS1 points.shp", "group": "SOS1", "direction": "W", "type": "CREST", "sequence": 185, "full_name": "SOS1_W_CREST185", "should_make_line": true }, "geometry": { "type": "Point", "coordinates": [ 533010.66108485404402, 7261875.388516042381525, 658.923968433830169 ] } },
{ "type": "Feature", "properties": { "Name": "SOS1_W_CREST186", "Code": null, "Northing": 305371.1927, "Easting": -33082.38674, "Elevation": 658.76753, "source_file": "20260319_SOS1 points.shp", "group": "SOS1", "direction": "W", "type": "CREST", "sequence": 186, "full_name": "SOS1_W_CREST186", "should_make_line": true }, "geometry": { "type": "Point", "coordinates": [ 533008.29410692374222, 7261875.005155758932233, 658.767525216445847 ] } },
{ "type": "Feature", "properties": { "Name": "SOS1_W_CREST187", "Code": null, "Northing": 305371.67163, "Easting": -33080.06778, "Elevation": 658.62256, "source_file": "20260319_SOS1 points.shp", "group": "SOS1", "direction": "W", "type": "CREST", "sequence": 187, "full_name": "SOS1_W_CREST187", "should_make_line": true }, "geometry": { "type": "Point", "coordinates": [ 533005.976090399781242, 7261874.526418449357152, 658.622561817914516 ] } },
{ "type": "Feature", "properties": { "Name": "SOS1_W_CREST188", "Code": null, "Northing": 305372.27662000002, "Easting": -33077.3645, "Elevation": 658.44404, "source_file": "20260319_SOS1 points.shp", "group": "SOS1", "direction": "W", "type": "CREST", "sequence": 188, "full_name": "SOS1_W_CREST188", "should_make_line": true }, "geometry": { "type": "Point", "coordinates": [ 533003.27390167536214, 7261873.921666236594319, 658.444043018021262 ] } },
{ "type": "Feature", "properties": { "Name": "SOS1_W_CREST189", "Code": null, "Northing": 305372.83943, "Easting": -33074.59939, "Elevation": 658.2533, "source_file": "20260319_SOS1 points.shp", "group": "SOS1", "direction": "W", "type": "CREST", "sequence": 189, "full_name": "SOS1_W_CREST189", "should_make_line": true }, "geometry": { "type": "Point", "coordinates": [ 533000.509905738756061, 7261873.359083987772465, 658.253303825539774 ] } },
{ "type": "Feature", "properties": { "Name": "SOS1_W_CREST190", "Code": null, "Northing": 305373.63118000003, "Easting": -33071.17227, "Elevation": 658.09602, "source_file": "20260319_SOS1 points.shp", "group": "SOS1", "direction": "W", "type": "CREST", "sequence": 190, "full_name": "SOS1_W_CREST190", "should_make_line": true }, "geometry": { "type": "Point", "coordinates": [ 532997.084167099557817, 7261872.567661853507161, 658.096021834938256 ] } },
{ "type": "Feature", "properties": { "Name": "SOS1_W_CREST191", "Code": null, "Northing": 305374.11917999998, "Easting": -33069.31238, "Elevation": 658.00823, "source_file": "20260319_SOS1 points.shp", "group": "SOS1", "direction": "W", "type": "CREST", "sequence": 191, "full_name": "SOS1_W_CREST191", "should_make_line": true }, "geometry": { "type": "Point", "coordinates": [ 532995.225032143178396, 7261872.079857254400849, 658.008231274141508 ] } },
{ "type": "Feature", "properties": { "Name": "SOS1_P3_N_01", "Code": null, "Northing": 305331.30144000001, "Easting": -33243.17265, "Elevation": 667.7128, "source_file": "20260319_SOS1 points.shp", "group": "SOS1", "direction": "Unknown", "type": "P3", "sequence": 0, "full_name": "SOS1_P3_N_01", "should_make_line": false }, "geometry": { "type": "Point", "coordinates": [ 533169.01505492569413, 7261914.880304959602654, 667.71280007140922 ] } },
{ "type": "Feature", "properties": { "Name": "SOS1_P3_N_02", "Code": null, "Northing": 305328.29832, "Easting": -33242.1918, "Elevation": 665.78783, "source_file": "20260319_SOS1 points.shp", "group": "SOS1", "direction": "Unknown", "type": "P3", "sequence": 0, "full_name": "SOS1_P3_N_02", "should_make_line": false }, "geometry": { "type": "Point", "coordinates": [ 533168.034581622341648, 7261917.882202947512269, 665.787832517596371 ] } },
{ "type": "Feature", "properties": { "Name": "SOS1_P3_N_03", "Code": null, "Northing": 305301.87242000003, "Easting": -33230.97309, "Elevation": 648.81178, "source_file": "20260319_SOS1 points.shp", "group": "SOS1", "direction": "Unknown", "type": "P3", "sequence": 0, "full_name": "SOS1_P3_N_03", "should_make_line": false }, "geometry": { "type": "Point", "coordinates": [ 533156.820235024555586, 7261944.297344945371151, 648.811775830111969 ] } },
{ "type": "Feature", "properties": { "Name": "SOS1_P3_N_04", "Code": null, "Northing": 305275.15917, "Easting": -33221.11152, "Elevation": 631.64606, "source_file": "20260319_SOS1 points.shp", "group": "SOS1", "direction": "Unknown", "type": "P3", "sequence": 0, "full_name": "SOS1_P3_N_04", "should_make_line": false }, "geometry": { "type": "Point", "coordinates": [ 533146.962489388417453, 7261970.999726252630353, 631.646060302246156 ] } },
{ "type": "Feature", "properties": { "Name": "SOS1_P3_N_05", "Code": null, "Northing": 305229.83275, "Easting": -33203.75787, "Elevation": 603.00004, "source_file": "20260319_SOS1 points.shp", "group": "SOS1", "direction": "Unknown", "type": "P3", "sequence": 0, "full_name": "SOS1_P3_N_05", "should_make_line": false }, "geometry": { "type": "Point", "coordinates": [ 533129.615568414679728, 7262016.307700214907527, 603.000040186384467 ] } },
{ "type": "Feature", "properties": { "Name": "SOS1_P3_N_06", "Code": null, "Northing": 305181.20872, "Easting": -33188.4996, "Elevation": 573.31227, "source_file": "20260319_SOS1 points.shp", "group": "SOS1", "direction": "Unknown", "type": "P3", "sequence": 0, "full_name": "SOS1_P3_N_06", "should_make_line": false }, "geometry": { "type": "Point", "coordinates": [ 533114.363172002253123, 7262064.911954181268811, 573.312272280290586 ] } },
{ "type": "Feature", "properties": { "Name": "SOS1_E_P4_001", "Code": null, "Northing": 304901.587, "Easting": -34219.01704, "Elevation": 566.73417, "source_file": "20260318_SOS1_shpfile points.shp", "group": "SOS1", "direction": "E", "type": "P4", "sequence": 1, "full_name": "SOS1_E_P4_001", "should_make_line": false }, "geometry": { "type": "Point", "coordinates": [ 534144.46358007856179, 7262344.420476550236344, 566.734171457423372 ] } },
{ "type": "Feature", "properties": { "Name": "SOS1_E_P4_002", "Code": null, "Northing": 304905.30586999998, "Easting": -34216.5461, "Elevation": 566.95564, "source_file": "20260318_SOS1_shpfile points.shp", "group": "SOS1", "direction": "E", "type": "P4", "sequence": 2, "full_name": "SOS1_E_P4_002", "should_make_line": false }, "geometry": { "type": "Point", "coordinates": [ 534141.993643894093111, 7262340.703120252117515, 566.955644971638094 ] } },
{ "type": "Feature", "properties": { "Name": "SOS1_E_P4_003", "Code": null, "Northing": 304909.89435000002, "Easting": -34213.41038, "Elevation": 567.24992, "source_file": "20260318_SOS1_shpfile points.shp", "group": "SOS1", "direction": "E", "type": "P4", "sequence": 3, "full_name": "SOS1_E_P4_003", "should_make_line": false }, "geometry": { "type": "Point", "coordinates": [ 534138.859194186865352, 7262336.116498512215912, 567.249921921521718 ] } },
{ "type": "Feature", "properties": { "Name": "SOS1_E_P4_004", "Code": null, "Northing": 304914.99824, "Easting": -34209.83321, "Elevation": 567.8313, "source_file": "20260318_SOS1_shpfile points.shp", "group": "SOS1", "direction": "E", "type": "P4", "sequence": 4, "full_name": "SOS1_E_P4_004", "should_make_line": false }, "geometry": { "type": "Point", "coordinates": [ 534135.283475900883786, 7262331.014673721976578, 567.83129865609169 ] } },
{ "type": "Feature", "properties": { "Name": "SOS1_E_P4_005", "Code": null, "Northing": 304920.22103999997, "Easting": -34206.3263, "Elevation": 568.39338, "source_file": "20260318_SOS1_shpfile points.shp", "group": "SOS1", "direction": "E", "type": "P4", "sequence": 5, "full_name": "SOS1_E_P4_005", "should_make_line": false }, "geometry": { "type": "Point", "coordinates": [ 534131.777993427705951, 7262325.79398407228291, 568.393384030040352 ] } },
{ "type": "Feature", "properties": { "Name": "SOS1_E_P4_006", "Code": null, "Northing": 304924.13695000001, "Easting": -34203.78846, "Elevation": 569.02144, "source_file": "20260318_SOS1_shpfile points.shp", "group": "SOS1", "direction": "E", "type": "P4", "sequence": 6, "full_name": "SOS1_E_P4_006", "should_make_line": false }, "geometry": { "type": "Point", "coordinates": [ 534129.241189744090661, 7262321.879660224542022, 569.021436962347479 ] } },
{ "type": "Feature", "properties": { "Name": "SOS1_E_P4_007", "Code": null, "Northing": 304928.95255, "Easting": -34200.58713, "Elevation": 569.64612, "source_file": "20260318_SOS1_shpfile points.shp", "group": "SOS1", "direction": "E", "type": "P4", "sequence": 7, "full_name": "SOS1_E_P4_007", "should_make_line": false }, "geometry": { "type": "Point", "coordinates": [ 534126.041157735162415, 7262317.066010569222271, 569.646119787585235 ] } },
{ "type": "Feature", "properties": { "Name": "SOS1_E_P4_008", "Code": null, "Northing": 304934.01955000003, "Easting": -34197.24207, "Elevation": 570.46771, "source_file": "20260318_SOS1_shpfile points.shp", "group": "SOS1", "direction": "E", "type": "P4", "sequence": 8, "full_name": "SOS1_E_P4_008", "should_make_line": false }, "geometry": { "type": "Point", "coordinates": [ 534122.697463143966161, 7262312.001065893098712, 570.467711211266078 ] } },
{ "type": "Feature", "properties": { "Name": "SOS1_E_P4_009", "Code": null, "Northing": 304937.93332000001, "Easting": -34194.74185, "Elevation": 571.08229, "source_file": "20260318_SOS1_shpfile points.shp", "group": "SOS1", "direction": "E", "type": "P4", "sequence": 9, "full_name": "SOS1_E_P4_009", "should_make_line": false }, "geometry": { "type": "Point", "coordinates": [ 534120.198255581199192, 7262308.088883450254798, 571.082292851127818 ] } },
{ "type": "Feature", "properties": { "Name": "SOS1_E_P4_010", "Code": null, "Northing": 304942.04796, "Easting": -34192.11574, "Elevation": 571.80202, "source_file": "20260318_SOS1_shpfile points.shp", "group": "SOS1", "direction": "E", "type": "P4", "sequence": 10, "full_name": "SOS1_E_P4_010", "should_make_line": false }, "geometry": { "type": "Point", "coordinates": [ 534117.573220064979978, 7262303.975913317874074, 571.802020726321416 ] } },
{ "type": "Feature", "properties": { "Name": "SOS1_E_P4_011", "Code": null, "Northing": 304946.97798999998, "Easting": -34188.86625, "Elevation": 572.81629, "source_file": "20260318_SOS1_shpfile points.shp", "group": "SOS1", "direction": "E", "type": "P4", "sequence": 11, "full_name": "SOS1_E_P4_011", "should_make_line": false }, "geometry": { "type": "Point", "coordinates": [ 534114.325055239256471, 7262299.047878314740956, 572.816294481530235 ] } },
{ "type": "Feature", "properties": { "Name": "SOS1_E_P4_012", "Code": null, "Northing": 304952.57225000003, "Easting": -34185.24574, "Elevation": 573.87439, "source_file": "20260318_SOS1_shpfile points.shp", "group": "SOS1", "direction": "E", "type": "P4", "sequence": 12, "full_name": "SOS1_E_P4_012", "should_make_line": false }, "geometry": { "type": "Point", "coordinates": [ 534110.706018374650739, 7262293.455889713950455, 573.874389623201978 ] } },
{ "type": "Feature", "properties": { "Name": "SOS1_E_P4_013", "Code": null, "Northing": 304958.15184000001, "Easting": -34181.79306, "Elevation": 575.01693, "source_file": "20260318_SOS1_shpfile points.shp", "group": "SOS1", "direction": "E", "type": "P4", "sequence": 13, "full_name": "SOS1_E_P4_013", "should_make_line": false }, "geometry": { "type": "Point", "coordinates": [ 534107.254748231847771, 7262287.878563174977899, 575.016932620881107 ] } },
{ "type": "Feature", "properties": { "Name": "SOS1_E_P4_014", "Code": null, "Northing": 304962.55213000003, "Easting": -34179.19277, "Elevation": 576.03199, "source_file": "20260318_SOS1_shpfile points.shp", "group": "SOS1", "direction": "E", "type": "P4", "sequence": 14, "full_name": "SOS1_E_P4_014", "should_make_line": false }, "geometry": { "type": "Point", "coordinates": [ 534104.655519145191647, 7262283.480052131228149, 576.031990200607197 ] } },
{ "type": "Feature", "properties": { "Name": "SOS1_E_P4_015", "Code": null, "Northing": 304967.36909, "Easting": -34175.90141, "Elevation": 577.15176, "source_file": "20260318_SOS1_shpfile points.shp", "group": "SOS1", "direction": "E", "type": "P4", "sequence": 15, "full_name": "SOS1_E_P4_015", "should_make_line": false }, "geometry": { "type": "Point", "coordinates": [ 534101.365497957915068, 7262278.665047762915492, 577.151761453746531 ] } },
{ "type": "Feature", "properties": { "Name": "SOS1_E_P4_016", "Code": null, "Northing": 304973.7198, "Easting": -34171.66139, "Elevation": 578.56704, "source_file": "20260318_SOS1_shpfile points.shp", "group": "SOS1", "direction": "E", "type": "P4", "sequence": 16, "full_name": "SOS1_E_P4_016", "should_make_line": false }, "geometry": { "type": "Point", "coordinates": [ 534097.127215424319729, 7262272.31691212579608, 578.567044115591443 ] } },
{ "type": "Feature", "properties": { "Name": "SOS1_E_P4_017", "Code": null, "Northing": 304978.08792000002, "Easting": -34168.51786, "Elevation": 579.63186, "source_file": "20260318_SOS1_shpfile points.shp", "group": "SOS1", "direction": "E", "type": "P4", "sequence": 17, "full_name": "SOS1_E_P4_017", "should_make_line": false }, "geometry": { "type": "Point", "coordinates": [ 534093.98496412683744, 7262267.950568037107587, 579.631855499133053 ] } },
{ "type": "Feature", "properties": { "Name": "SOS1_E_P4_018", "Code": null, "Northing": 304983.54528000002, "Easting": -34164.8071, "Elevation": 580.95161, "source_file": "20260318_SOS1_shpfile points.shp", "group": "SOS1", "direction": "E", "type": "P4", "sequence": 18, "full_name": "SOS1_E_P4_018", "should_make_line": false }, "geometry": { "type": "Point", "coordinates": [ 534090.275719763012603, 7262262.495420835912228, 580.951608237362734 ] } },
{ "type": "Feature", "properties": { "Name": "SOS1_E_P4_019", "Code": null, "Northing": 304990.16314999998, "Easting": -34160.58092, "Elevation": 582.6372, "source_file": "20260318_SOS1_shpfile points.shp", "group": "SOS1", "direction": "E", "type": "P4", "sequence": 19, "full_name": "SOS1_E_P4_019", "should_make_line": false }, "geometry": { "type": "Point", "coordinates": [ 534086.051263941219077, 7262255.880226833745837, 582.637200015761778 ] } },
{ "type": "Feature", "properties": { "Name": "SOS1_E_P4_020", "Code": null, "Northing": 304996.88783999998, "Easting": -34155.77646, "Elevation": 584.53512, "source_file": "20260318_SOS1_shpfile points.shp", "group": "SOS1", "direction": "E", "type": "P4", "sequence": 20, "full_name": "SOS1_E_P4_020", "should_make_line": false }, "geometry": { "type": "Point", "coordinates": [ 534081.248771398677491, 7262249.158269041217864, 584.535118938171536 ] } },
{ "type": "Feature", "properties": { "Name": "SOS1_E_P4_021", "Code": null, "Northing": 305002.52901, "Easting": -34151.62505, "Elevation": 586.0332, "source_file": "20260318_SOS1_shpfile points.shp", "group": "SOS1", "direction": "E", "type": "P4", "sequence": 21, "full_name": "SOS1_E_P4_021", "should_make_line": false }, "geometry": { "type": "Point", "coordinates": [ 534077.099051587400027, 7262243.519387220963836, 586.033204020596145 ] } },
{ "type": "Feature", "properties": { "Name": "SOS1_E_P4_022", "Code": null, "Northing": 305007.52536000003, "Easting": -34147.95387, "Elevation": 587.54526, "source_file": "20260318_SOS1_shpfile points.shp", "group": "SOS1", "direction": "E", "type": "P4", "sequence": 22, "full_name": "SOS1_E_P4_022", "should_make_line": false }, "geometry": { "type": "Point", "coordinates": [ 534073.429370917147025, 7262238.525060651823878, 587.545256508519287 ] } },
{ "type": "Feature", "properties": { "Name": "SOS1_E_P4_023", "Code": null, "Northing": 305015.09276000003, "Easting": -34143.61234, "Elevation": 589.60742, "source_file": "20260318_SOS1_shpfile points.shp", "group": "SOS1", "direction": "E", "type": "P4", "sequence": 23, "full_name": "SOS1_E_P4_023", "should_make_line": false }, "geometry": { "type": "Point", "coordinates": [ 534069.089618765399791, 7262230.960733456537127, 589.60742169771413 ] } },
{ "type": "Feature", "properties": { "Name": "SOS1_E_P4_024", "Code": null, "Northing": 305019.22635999997, "Easting": -34141.48346, "Elevation": 590.77267, "source_file": "20260318_SOS1_shpfile points.shp", "group": "SOS1", "direction": "E", "type": "P4", "sequence": 24, "full_name": "SOS1_E_P4_024", "should_make_line": false }, "geometry": { "type": "Point", "coordinates": [ 534066.961610408034176, 7262226.828805826604366, 590.772666442936497 ] } },
{ "type": "Feature", "properties": { "Name": "SOS1_E_P4_025", "Code": null, "Northing": 305024.81536000001, "Easting": -34137.62021, "Elevation": 592.52932, "source_file": "20260318_SOS1_shpfile points.shp", "group": "SOS1", "direction": "E", "type": "P4", "sequence": 25, "full_name": "SOS1_E_P4_025", "should_make_line": false }, "geometry": { "type": "Point", "coordinates": [ 534063.099947097711265, 7262221.242080509662628, 592.529324930545272 ] } },
{ "type": "Feature", "properties": { "Name": "SOS1_E_P4_026", "Code": null, "Northing": 305031.73932, "Easting": -34133.57012, "Elevation": 594.6436, "source_file": "20260318_SOS1_shpfile points.shp", "group": "SOS1", "direction": "E", "type": "P4", "sequence": 26, "full_name": "SOS1_E_P4_026", "should_make_line": false }, "geometry": { "type": "Point", "coordinates": [ 534059.051516715437174, 7262214.32092229090631, 594.643603961214012 ] } },
{ "type": "Feature", "properties": { "Name": "SOS1_E_P4_027", "Code": null, "Northing": 305037.16073, "Easting": -34129.92601, "Elevation": 596.42129, "source_file": "20260318_SOS1_shpfile points.shp", "group": "SOS1", "direction": "E", "type": "P4", "sequence": 27, "full_name": "SOS1_E_P4_027", "should_make_line": false }, "geometry": { "type": "Point", "coordinates": [ 534055.40890337433666, 7262208.901719661429524, 596.421294757181613 ] } },
{ "type": "Feature", "properties": { "Name": "SOS1_E_P4_028", "Code": null, "Northing": 305043.04324000003, "Easting": -34126.79425, "Elevation": 598.29381, "source_file": "20260318_SOS1_shpfile points.shp", "group": "SOS1", "direction": "E", "type": "P4", "sequence": 28, "full_name": "SOS1_E_P4_028", "should_make_line": false }, "geometry": { "type": "Point", "coordinates": [ 534052.278426845557988, 7262203.021591629832983, 598.29381158352669 ] } },
{ "type": "Feature", "properties": { "Name": "SOS1_E_P4_029", "Code": null, "Northing": 305049.59657, "Easting": -34123.32021, "Elevation": 600.41222, "source_file": "20260318_SOS1_shpfile points.shp", "group": "SOS1", "direction": "E", "type": "P4", "sequence": 29, "full_name": "SOS1_E_P4_029", "should_make_line": false }, "geometry": { "type": "Point", "coordinates": [ 534048.805811534402892, 7262196.470924885943532, 600.412221925217409 ] } },
{ "type": "Feature", "properties": { "Name": "SOS1_E_P4_030", "Code": null, "Northing": 305055.29601, "Easting": -34119.15241, "Elevation": 602.54733, "source_file": "20260318_SOS1_shpfile points.shp", "group": "SOS1", "direction": "E", "type": "P4", "sequence": 30, "full_name": "SOS1_E_P4_030", "should_make_line": false }, "geometry": { "type": "Point", "coordinates": [ 534044.639715055818669, 7262190.773795681074262, 602.547329579470329 ] } },
{ "type": "Feature", "properties": { "Name": "SOS1_E_P4_031", "Code": null, "Northing": 305061.69094, "Easting": -34114.59379, "Elevation": 604.83512, "source_file": "20260318_SOS1_shpfile points.shp", "group": "SOS1", "direction": "E", "type": "P4", "sequence": 31, "full_name": "SOS1_E_P4_031", "should_make_line": false }, "geometry": { "type": "Point", "coordinates": [ 534040.0829638983123, 7262184.381459321826696, 604.835115637845206 ] } },
{ "type": "Feature", "properties": { "Name": "SOS1_E_P4_032", "Code": null, "Northing": 305064.5404, "Easting": -34112.77685, "Elevation": 605.92453, "source_file": "20260318_SOS1_shpfile points.shp", "group": "SOS1", "direction": "E", "type": "P4", "sequence": 32, "full_name": "SOS1_E_P4_032", "should_make_line": false }, "geometry": { "type": "Point", "coordinates": [ 534038.266777264187112, 7262181.533156584948301, 605.924529137271975 ] } },
{ "type": "Feature", "properties": { "Name": "SOS1_E_P4_033", "Code": null, "Northing": 305070.31272, "Easting": -34108.17927, "Elevation": 608.02861, "source_file": "20260318_SOS1_shpfile points.shp", "group": "SOS1", "direction": "E", "type": "P4", "sequence": 33, "full_name": "SOS1_E_P4_033", "should_make_line": false }, "geometry": { "type": "Point", "coordinates": [ 534033.671078266110271, 7262175.763181146234274, 608.028609611538286 ] } },
{ "type": "Feature", "properties": { "Name": "SOS1_E_P4_034", "Code": null, "Northing": 305077.63267999998, "Easting": -34103.50052, "Elevation": 610.56878, "source_file": "20260318_SOS1_shpfile points.shp", "group": "SOS1", "direction": "E", "type": "P4", "sequence": 34, "full_name": "SOS1_E_P4_034", "should_make_line": false }, "geometry": { "type": "Point", "coordinates": [ 534028.994240751839243, 7262168.446193611249328, 610.568779864744556 ] } },
{ "type": "Feature", "properties": { "Name": "SOS1_E_P4_035", "Code": null, "Northing": 305084.12495000003, "Easting": -34099.02888, "Elevation": 612.88939, "source_file": "20260318_SOS1_shpfile points.shp", "group": "SOS1", "direction": "E", "type": "P4", "sequence": 35, "full_name": "SOS1_E_P4_035", "should_make_line": false }, "geometry": { "type": "Point", "coordinates": [ 534024.524439356056973, 7262161.956555535085499, 612.889392550746379 ] } },
{ "type": "Feature", "properties": { "Name": "SOS1_E_P4_036", "Code": null, "Northing": 305090.98051999998, "Easting": -34094.29388, "Elevation": 615.29029, "source_file": "20260318_SOS1_shpfile points.shp", "group": "SOS1", "direction": "E", "type": "P4", "sequence": 36, "full_name": "SOS1_E_P4_036", "should_make_line": false }, "geometry": { "type": "Point", "coordinates": [ 534019.791375670698471, 7262155.103769442997873, 615.290288704166187 ] } },
{ "type": "Feature", "properties": { "Name": "SOS1_E_P4_037", "Code": null, "Northing": 305098.60294999997, "Easting": -34090.10026, "Elevation": 617.80068, "source_file": "20260318_SOS1_shpfile points.shp", "group": "SOS1", "direction": "E", "type": "P4", "sequence": 37, "full_name": "SOS1_E_P4_037", "should_make_line": false }, "geometry": { "type": "Point", "coordinates": [ 534015.59947271051351, 7262147.484437169507146, 617.800681075429452 ] } },
{ "type": "Feature", "properties": { "Name": "SOS1_E_P4_038", "Code": null, "Northing": 305104.7025, "Easting": -34086.02911, "Elevation": 619.92637, "source_file": "20260318_SOS1_shpfile points.shp", "group": "SOS1", "direction": "E", "type": "P4", "sequence": 38, "full_name": "SOS1_E_P4_038", "should_make_line": false }, "geometry": { "type": "Point", "coordinates": [ 534011.529998810961843, 7262141.38736087270081, 619.926368540887438 ] } },
{ "type": "Feature", "properties": { "Name": "SOS1_E_P4_039", "Code": null, "Northing": 305111.93942000001, "Easting": -34081.03108, "Elevation": 622.37103, "source_file": "20260318_SOS1_shpfile points.shp", "group": "SOS1", "direction": "E", "type": "P4", "sequence": 39, "full_name": "SOS1_E_P4_039", "should_make_line": false }, "geometry": { "type": "Point", "coordinates": [ 534006.534015168552287, 7262134.153379807248712, 622.371030758202437 ] } },
{ "type": "Feature", "properties": { "Name": "SOS1_E_P4_040", "Code": null, "Northing": 305119.66304000001, "Easting": -34075.69038, "Elevation": 624.8871, "source_file": "20260318_SOS1_shpfile points.shp", "group": "SOS1", "direction": "E", "type": "P4", "sequence": 40, "full_name": "SOS1_E_P4_040", "should_make_line": false }, "geometry": { "type": "Point", "coordinates": [ 534001.195504032773897, 7262126.432895426638424, 624.887095158443117 ] } },
{ "type": "Feature", "properties": { "Name": "SOS1_E_P4_041", "Code": null, "Northing": 305124.38890999998, "Easting": -34072.83912, "Elevation": 626.47902, "source_file": "20260318_SOS1_shpfile points.shp", "group": "SOS1", "direction": "E", "type": "P4", "sequence": 41, "full_name": "SOS1_E_P4_041", "should_make_line": false }, "geometry": { "type": "Point", "coordinates": [ 533998.345408267807215, 7262121.708939244970679, 626.479024696955662 ] } },
{ "type": "Feature", "properties": { "Name": "SOS1_E_P4_042", "Code": null, "Northing": 305130.49133, "Easting": -34067.70483, "Elevation": 628.66855, "source_file": "20260318_SOS1_shpfile points.shp", "group": "SOS1", "direction": "E", "type": "P4", "sequence": 42, "full_name": "SOS1_E_P4_042", "should_make_line": false }, "geometry": { "type": "Point", "coordinates": [ 533993.213213613838889, 7262115.609003150835633, 628.668552856727501 ] } },
{ "type": "Feature", "properties": { "Name": "SOS1_E_P4_043", "Code": null, "Northing": 305134.87227, "Easting": -34064.66454, "Elevation": 630.1718, "source_file": "20260318_SOS1_shpfile points.shp", "group": "SOS1", "direction": "E", "type": "P4", "sequence": 43, "full_name": "SOS1_E_P4_043", "should_make_line": false }, "geometry": { "type": "Point", "coordinates": [ 533990.174172157421708, 7262111.229841077700257, 630.171803394293647 ] } },
{ "type": "Feature", "properties": { "Name": "SOS1_E_P4_044", "Code": null, "Northing": 305140.89028, "Easting": -34061.4057, "Elevation": 632.01318, "source_file": "20260318_SOS1_shpfile points.shp", "group": "SOS1", "direction": "E", "type": "P4", "sequence": 44, "full_name": "SOS1_E_P4_044", "should_make_line": false }, "geometry": { "type": "Point", "coordinates": [ 533986.916673608357087, 7262105.214271737262607, 632.013175573722265 ] } },
{ "type": "Feature", "properties": { "Name": "SOS1_E_P4_045", "Code": null, "Northing": 305148.96061000001, "Easting": -34056.59129, "Elevation": 634.58396, "source_file": "20260318_SOS1_shpfile points.shp", "group": "SOS1", "direction": "E", "type": "P4", "sequence": 45, "full_name": "SOS1_E_P4_045", "should_make_line": false }, "geometry": { "type": "Point", "coordinates": [ 533982.104232542566024, 7262097.147217461839318, 634.583960703393245 ] } },
{ "type": "Feature", "properties": { "Name": "SOS1_E_P4_046", "Code": null, "Northing": 305155.71593000001, "Easting": -34052.28948, "Elevation": 636.67996, "source_file": "20260318_SOS1_shpfile points.shp", "group": "SOS1", "direction": "E", "type": "P4", "sequence": 46, "full_name": "SOS1_E_P4_046", "should_make_line": false }, "geometry": { "type": "Point", "coordinates": [ 533977.804183730157092, 7262090.394633008167148, 636.679959567733249 ] } },
{ "type": "Feature", "properties": { "Name": "SOS1_E_P4_047", "Code": null, "Northing": 305161.40855, "Easting": -34048.65904, "Elevation": 638.31581, "source_file": "20260318_SOS1_shpfile points.shp", "group": "SOS1", "direction": "E", "type": "P4", "sequence": 47, "full_name": "SOS1_E_P4_047", "should_make_line": false }, "geometry": { "type": "Point", "coordinates": [ 533974.175233807065524, 7262084.704319664277136, 638.315805363171535 ] } },
{ "type": "Feature", "properties": { "Name": "SOS1_E_P4_048", "Code": null, "Northing": 305167.49935, "Easting": -34045.21809, "Elevation": 640.11777, "source_file": "20260318_SOS1_shpfile points.shp", "group": "SOS1", "direction": "E", "type": "P4", "sequence": 48, "full_name": "SOS1_E_P4_048", "should_make_line": false }, "geometry": { "type": "Point", "coordinates": [ 533970.735690553439781, 7262078.615998921915889, 640.117773368310736 ] } },
{ "type": "Feature", "properties": { "Name": "SOS1_E_P4_049", "Code": null, "Northing": 305171.58467000001, "Easting": -34042.76176, "Elevation": 641.26177, "source_file": "20260318_SOS1_shpfile points.shp", "group": "SOS1", "direction": "E", "type": "P4", "sequence": 49, "full_name": "SOS1_E_P4_049", "should_make_line": false }, "geometry": { "type": "Point", "coordinates": [ 533968.280365059967153, 7262074.532327593304217, 641.261769360861081 ] } },
{ "type": "Feature", "properties": { "Name": "SOS1_E_P4_050", "Code": null, "Northing": 305175.11385000002, "Easting": -34040.14008, "Elevation": 642.34419, "source_file": "20260318_SOS1_shpfile points.shp", "group": "SOS1", "direction": "E", "type": "P4", "sequence": 50, "full_name": "SOS1_E_P4_050", "should_make_line": false }, "geometry": { "type": "Point", "coordinates": [ 533965.659754917025566, 7262071.004583575762808, 642.344191499226099 ] } },
{ "type": "Feature", "properties": { "Name": "SOS1_E_P4_051", "Code": null, "Northing": 305177.92554000003, "Easting": -34037.97982, "Elevation": 643.15234, "source_file": "20260318_SOS1_shpfile points.shp", "group": "SOS1", "direction": "E", "type": "P4", "sequence": 51, "full_name": "SOS1_E_P4_051", "should_make_line": false }, "geometry": { "type": "Point", "coordinates": [ 533963.500382509897463, 7262068.194037012755871, 643.15234375426428 ] } },
{ "type": "Feature", "properties": { "Name": "SOS1_E_P4_052", "Code": null, "Northing": 305181.69963, "Easting": -34035.27241, "Elevation": 644.22772, "source_file": "20260318_SOS1_shpfile points.shp", "group": "SOS1", "direction": "E", "type": "P4", "sequence": 52, "full_name": "SOS1_E_P4_052", "should_make_line": false }, "geometry": { "type": "Point", "coordinates": [ 533960.794073625234887, 7262064.421478671953082, 644.227719530825652 ] } },
{ "type": "Feature", "properties": { "Name": "SOS1_E_P4_053", "Code": null, "Northing": 305187.2903, "Easting": -34031.39618, "Elevation": 645.87061, "source_file": "20260318_SOS1_shpfile points.shp", "group": "SOS1", "direction": "E", "type": "P4", "sequence": 53, "full_name": "SOS1_E_P4_053", "should_make_line": false }, "geometry": { "type": "Point", "coordinates": [ 533956.919431785005145, 7262058.83307602442801, 645.870608804617973 ] } },
{ "type": "Feature", "properties": { "Name": "SOS1_E_P4_054", "Code": null, "Northing": 305191.48083999997, "Easting": -34028.32882, "Elevation": 647.12817, "source_file": "20260318_SOS1_shpfile points.shp", "group": "SOS1", "direction": "E", "type": "P4", "sequence": 54, "full_name": "SOS1_E_P4_054", "should_make_line": false }, "geometry": { "type": "Point", "coordinates": [ 533953.853327256976627, 7262054.644236356951296, 647.128174765802669 ] } },
{ "type": "Feature", "properties": { "Name": "SOS1_E_P4_055", "Code": null, "Northing": 305194.63714000001, "Easting": -34025.66095, "Elevation": 648.16293, "source_file": "20260318_SOS1_shpfile points.shp", "group": "SOS1", "direction": "E", "type": "P4", "sequence": 55, "full_name": "SOS1_E_P4_055", "should_make_line": false }, "geometry": { "type": "Point", "coordinates": [ 533951.186549973790534, 7262051.489211933687329, 648.162929314057351 ] } },
{ "type": "Feature", "properties": { "Name": "SOS1_E_P4_056", "Code": null, "Northing": 305198.37258999998, "Easting": -34022.85962, "Elevation": 649.56303, "source_file": "20260318_SOS1_shpfile points.shp", "group": "SOS1", "direction": "E", "type": "P4", "sequence": 56, "full_name": "SOS1_E_P4_056", "should_make_line": false }, "geometry": { "type": "Point", "coordinates": [ 533948.386362828081474, 7262047.755280232056975, 649.563025076295162 ] } },
{ "type": "Feature", "properties": { "Name": "SOS1_E_P4_057", "Code": null, "Northing": 305202.67583999998, "Easting": -34019.57255, "Elevation": 650.95736, "source_file": "20260318_SOS1_shpfile points.shp", "group": "SOS1", "direction": "E", "type": "P4", "sequence": 57, "full_name": "SOS1_E_P4_057", "should_make_line": false }, "geometry": { "type": "Point", "coordinates": [ 533945.100642003468238, 7262043.453778067603707, 650.95736306452784 ] } },
{ "type": "Feature", "properties": { "Name": "SOS1_E_P4_058", "Code": null, "Northing": 305210.07093, "Easting": -34017.52293, "Elevation": 652.69201, "source_file": "20260318_SOS1_shpfile points.shp", "group": "SOS1", "direction": "E", "type": "P4", "sequence": 58, "full_name": "SOS1_E_P4_058", "should_make_line": false }, "geometry": { "type": "Point", "coordinates": [ 533943.051868188194931, 7262036.061691286973655, 652.692005255492859 ] } },
{ "type": "Feature", "properties": { "Name": "SOS1_E_P4_059", "Code": null, "Northing": 305213.50222999998, "Easting": -34014.9219, "Elevation": 653.86028, "source_file": "20260318_SOS1_shpfile points.shp", "group": "SOS1", "direction": "E", "type": "P4", "sequence": 59, "full_name": "SOS1_E_P4_059", "should_make_line": false }, "geometry": { "type": "Point", "coordinates": [ 533940.4518994766986, 7262032.631783725693822, 653.860284401284844 ] } },
{ "type": "Feature", "properties": { "Name": "SOS1_E_P4_060", "Code": null, "Northing": 305217.37868000002, "Easting": -34012.53225, "Elevation": 655.0062, "source_file": "20260318_SOS1_shpfile points.shp", "group": "SOS1", "direction": "E", "type": "P4", "sequence": 60, "full_name": "SOS1_E_P4_060", "should_make_line": false }, "geometry": { "type": "Point", "coordinates": [ 533938.063231444684789, 7262028.756901936605573, 655.006201866481092 ] } },
{ "type": "Feature", "properties": { "Name": "SOS1_E_P4_061", "Code": null, "Northing": 305221.05044999998, "Easting": -34009.75918, "Elevation": 656.35313, "source_file": "20260318_SOS1_shpfile points.shp", "group": "SOS1", "direction": "E", "type": "P4", "sequence": 61, "full_name": "SOS1_E_P4_061", "should_make_line": false }, "geometry": { "type": "Point", "coordinates": [ 533935.291296161245555, 7262025.086626679636538, 656.353130794320577 ] } },
{ "type": "Feature", "properties": { "Name": "SOS1_E_P4_062", "Code": null, "Northing": 305224.7391, "Easting": -34007.12575, "Elevation": 657.44698, "source_file": "20260318_SOS1_shpfile points.shp", "group": "SOS1", "direction": "E", "type": "P4", "sequence": 62, "full_name": "SOS1_E_P4_062", "should_make_line": false }, "geometry": { "type": "Point", "coordinates": [ 533932.658934349892661, 7262021.399469656869769, 657.446983232069101 ] } },
{ "type": "Feature", "properties": { "Name": "SOS1_E_P4_063", "Code": null, "Northing": 305229.75290999998, "Easting": -34004.88823, "Elevation": 658.80228, "source_file": "20260318_SOS1_shpfile points.shp", "group": "SOS1", "direction": "E", "type": "P4", "sequence": 63, "full_name": "SOS1_E_P4_063", "should_make_line": false }, "geometry": { "type": "Point", "coordinates": [ 533930.422336273943074, 7262016.387689203023911, 658.802280022707578 ] } },
{ "type": "Feature", "properties": { "Name": "SOS1_E_P4_064", "Code": null, "Northing": 305234.66991, "Easting": -34001.90593, "Elevation": 660.10922, "source_file": "20260318_SOS1_shpfile points.shp", "group": "SOS1", "direction": "E", "type": "P4", "sequence": 64, "full_name": "SOS1_E_P4_064", "should_make_line": false }, "geometry": { "type": "Point", "coordinates": [ 533927.441257069935091, 7262011.472682224586606, 660.109216309772364 ] } },
{ "type": "Feature", "properties": { "Name": "SOS1_E_P4_065", "Code": null, "Northing": 305241.89025, "Easting": -33997.55885, "Elevation": 661.87893, "source_file": "20260318_SOS1_shpfile points.shp", "group": "SOS1", "direction": "E", "type": "P4", "sequence": 65, "full_name": "SOS1_E_P4_065", "should_make_line": false }, "geometry": { "type": "Point", "coordinates": [ 533923.095950910355896, 7262004.255277641117573, 661.878934840378747 ] } },
{ "type": "Feature", "properties": { "Name": "SOS1_E_P4_066", "Code": null, "Northing": 305250.7435, "Easting": -33992.28005, "Elevation": 664.0719, "source_file": "20260318_SOS1_shpfile points.shp", "group": "SOS1", "direction": "E", "type": "P4", "sequence": 66, "full_name": "SOS1_E_P4_066", "should_make_line": false }, "geometry": { "type": "Point", "coordinates": [ 533917.819312584935687, 7261995.405617125332355, 664.071904501436848 ] } },
{ "type": "Feature", "properties": { "Name": "SOS1_E_P4_067", "Code": null, "Northing": 305257.98286, "Easting": -33987.10932, "Elevation": 666.13585, "source_file": "20260318_SOS1_shpfile points.shp", "group": "SOS1", "direction": "E", "type": "P4", "sequence": 67, "full_name": "SOS1_E_P4_067", "should_make_line": false }, "geometry": { "type": "Point", "coordinates": [ 533912.650697779958136, 7261988.169195167720318, 666.135853688244424 ] } },
{ "type": "Feature", "properties": { "Name": "SOS1_E_P4_068", "Code": null, "Northing": 305263.02221999998, "Easting": -33983.11307, "Elevation": 667.56373, "source_file": "20260318_SOS1_shpfile points.shp", "group": "SOS1", "direction": "E", "type": "P4", "sequence": 68, "full_name": "SOS1_E_P4_068", "should_make_line": false }, "geometry": { "type": "Point", "coordinates": [ 533908.656080836546607, 7261983.131875436753035, 667.563726283443202 ] } },
{ "type": "Feature", "properties": { "Name": "SOS1_E_P4_069", "Code": null, "Northing": 305269.17774999997, "Easting": -33978.04476, "Elevation": 669.39558, "source_file": "20260318_SOS1_shpfile points.shp", "group": "SOS1", "direction": "E", "type": "P4", "sequence": 69, "full_name": "SOS1_E_P4_069", "should_make_line": false }, "geometry": { "type": "Point", "coordinates": [ 533903.589839559746906, 7261976.978841158561409, 669.395581409502142 ] } },
{ "type": "Feature", "properties": { "Name": "SOS1_E_P4_070", "Code": null, "Northing": 305274.6048, "Easting": -33974.28888, "Elevation": 671.37365, "source_file": "20260318_SOS1_shpfile points.shp", "group": "SOS1", "direction": "E", "type": "P4", "sequence": 70, "full_name": "SOS1_E_P4_070", "should_make_line": false }, "geometry": { "type": "Point", "coordinates": [ 533899.835493576014414, 7261971.554000321775675, 671.373649036088068 ] } },
{ "type": "Feature", "properties": { "Name": "SOS1_E_P4_071", "Code": null, "Northing": 305280.33062999998, "Easting": -33969.98104, "Elevation": 673.40304, "source_file": "20260318_SOS1_shpfile points.shp", "group": "SOS1", "direction": "E", "type": "P4", "sequence": 71, "full_name": "SOS1_E_P4_071", "should_make_line": false }, "geometry": { "type": "Point", "coordinates": [ 533895.529419743339531, 7261965.830486794933677, 673.403043884382214 ] } },
{ "type": "Feature", "properties": { "Name": "SOS1_E_P4_072", "Code": null, "Northing": 305286.54703000002, "Easting": -33965.85939, "Elevation": 675.12354, "source_file": "20260318_SOS1_shpfile points.shp", "group": "SOS1", "direction": "E", "type": "P4", "sequence": 72, "full_name": "SOS1_E_P4_072", "should_make_line": false }, "geometry": { "type": "Point", "coordinates": [ 533891.409454178763554, 7261959.61661639995873, 675.123543138492437 ] } },
{ "type": "Feature", "properties": { "Name": "SOS1_E_P4_073", "Code": null, "Northing": 305286.61978000001, "Easting": -33965.77673, "Elevation": 675.01479, "source_file": "20260318_SOS1_shpfile points.shp", "group": "SOS1", "direction": "E", "type": "P4", "sequence": 73, "full_name": "SOS1_E_P4_073", "should_make_line": false }, "geometry": { "type": "Point", "coordinates": [ 533891.326827328884974, 7261959.54388892930001, 675.014785154191827 ] } },
{ "type": "Feature", "properties": { "Name": "SOS1_E_P4_074", "Code": null, "Northing": 305292.95707, "Easting": -33960.51294, "Elevation": 676.84465, "source_file": "20260318_SOS1_shpfile points.shp", "group": "SOS1", "direction": "E", "type": "P4", "sequence": 74, "full_name": "SOS1_E_P4_074", "should_make_line": false }, "geometry": { "type": "Point", "coordinates": [ 533886.065179408178665, 7261953.209168181754649, 676.84465262736137 ] } },
{ "type": "Feature", "properties": { "Name": "SOS1_E_P4_075", "Code": null, "Northing": 305297.11364, "Easting": -33957.29646, "Elevation": 678.03701, "source_file": "20260318_SOS1_shpfile points.shp", "group": "SOS1", "direction": "E", "type": "P4", "sequence": 75, "full_name": "SOS1_E_P4_075", "should_make_line": false }, "geometry": { "type": "Point", "coordinates": [ 533882.85001815657597, 7261949.054284850135446, 678.037007597871138 ] } },
{ "type": "Feature", "properties": { "Name": "SOS1_E_P4_076", "Code": null, "Northing": 305302.0398, "Easting": -33953.45237, "Elevation": 679.51277, "source_file": "20260318_SOS1_shpfile points.shp", "group": "SOS1", "direction": "E", "type": "P4", "sequence": 76, "full_name": "SOS1_E_P4_076", "should_make_line": false }, "geometry": { "type": "Point", "coordinates": [ 533879.007493795710616, 7261944.130131887272, 679.512774720374068 ] } },
{ "type": "Feature", "properties": { "Name": "SOS1_E_P4_077", "Code": null, "Northing": 305309.72837000003, "Easting": -33948.31357, "Elevation": 681.51841, "source_file": "20260318_SOS1_shpfile points.shp", "group": "SOS1", "direction": "E", "type": "P4", "sequence": 77, "full_name": "SOS1_E_P4_077", "should_make_line": false }, "geometry": { "type": "Point", "coordinates": [ 533873.870798570453189, 7261936.444677019491792, 681.518411862495896 ] } },
{ "type": "Feature", "properties": { "Name": "SOS1_E_P4_078", "Code": null, "Northing": 305315.70766999997, "Easting": -33944.44537, "Elevation": 682.92229, "source_file": "20260318_SOS1_shpfile points.shp", "group": "SOS1", "direction": "E", "type": "P4", "sequence": 78, "full_name": "SOS1_E_P4_078", "should_make_line": false }, "geometry": { "type": "Point", "coordinates": [ 533870.004180469317362, 7261930.467796255834401, 682.922294532420665 ] } },
{ "type": "Feature", "properties": { "Name": "SOS1_E_P4_079", "Code": null, "Northing": 305323.96284, "Easting": -33938.65328, "Elevation": 685.68112, "source_file": "20260318_SOS1_shpfile points.shp", "group": "SOS1", "direction": "E", "type": "P4", "sequence": 79, "full_name": "SOS1_E_P4_079", "should_make_line": false }, "geometry": { "type": "Point", "coordinates": [ 533864.214454396045767, 7261922.215979839675128, 685.681117714347351 ] } },
{ "type": "Feature", "properties": { "Name": "SOS1_E_P4_080", "Code": null, "Northing": 305337.50423000002, "Easting": -33928.23447, "Elevation": 689.95338, "source_file": "20260318_SOS1_shpfile points.shp", "group": "SOS1", "direction": "E", "type": "P4", "sequence": 80, "full_name": "SOS1_E_P4_080", "should_make_line": false }, "geometry": { "type": "Point", "coordinates": [ 533853.799906297354028, 7261908.680083111859858, 689.953378438886261 ] } },
{ "type": "Feature", "properties": { "Name": "SOS1_E_P4_081", "Code": null, "Northing": 305342.83687, "Easting": -33923.39313, "Elevation": 691.66121, "source_file": "20260318_SOS1_shpfile points.shp", "group": "SOS1", "direction": "E", "type": "P4", "sequence": 81, "full_name": "SOS1_E_P4_081", "should_make_line": false }, "geometry": { "type": "Point", "coordinates": [ 533848.960543552529998, 7261903.349605046212673, 691.661206423150134 ] } },
{ "type": "Feature", "properties": { "Name": "SOS1_E_P4_082", "Code": null, "Northing": 305342.81204, "Easting": -33923.4178, "Elevation": 691.68878, "source_file": "20260318_SOS1_shpfile points.shp", "group": "SOS1", "direction": "E", "type": "P4", "sequence": 82, "full_name": "SOS1_E_P4_082", "should_make_line": false }, "geometry": { "type": "Point", "coordinates": [ 533848.98520128603559, 7261903.374429570510983, 691.688779673562181 ] } },
{ "type": "Feature", "properties": { "Name": "SOS1_E_P4_083", "Code": null, "Northing": 305347.27558999998, "Easting": -33919.3785, "Elevation": 693.27681, "source_file": "20260318_SOS1_shpfile points.shp", "group": "SOS1", "direction": "E", "type": "P4", "sequence": 83, "full_name": "SOS1_E_P4_083", "should_make_line": false }, "geometry": { "type": "Point", "coordinates": [ 533844.947555266786367, 7261898.912694415077567, 693.276811338637117 ] } },
{ "type": "Feature", "properties": { "Name": "SOS1_E_P4_084", "Code": null, "Northing": 305355.13361999998, "Easting": -33913.22733, "Elevation": 695.63001, "source_file": "20260318_SOS1_shpfile points.shp", "group": "SOS1", "direction": "E", "type": "P4", "sequence": 84, "full_name": "SOS1_E_P4_084", "should_make_line": false }, "geometry": { "type": "Point", "coordinates": [ 533838.79889961425215, 7261891.057847522199154, 695.630010911367208 ] } },
{ "type": "Feature", "properties": { "Name": "SOS1_E_P4_085", "Code": null, "Northing": 305361.27182999998, "Easting": -33907.90724, "Elevation": 697.59431, "source_file": "20260318_SOS1_shpfile points.shp", "group": "SOS1", "direction": "E", "type": "P4", "sequence": 85, "full_name": "SOS1_E_P4_085", "should_make_line": false }, "geometry": { "type": "Point", "coordinates": [ 533833.480975426966324, 7261884.922132523730397, 697.594308602515639 ] } },
{ "type": "Feature", "properties": { "Name": "SOS1_E_P4_086", "Code": null, "Northing": 305365.98498000001, "Easting": -33903.92669, "Elevation": 699.36791, "source_file": "20260318_SOS1_shpfile points.shp", "group": "SOS1", "direction": "E", "type": "P4", "sequence": 86, "full_name": "SOS1_E_P4_086", "should_make_line": false }, "geometry": { "type": "Point", "coordinates": [ 533829.502056598430499, 7261880.210893079638481, 699.367906950486258 ] } },
{ "type": "Feature", "properties": { "Name": "SOS1_E_P4_087", "Code": null, "Northing": 305371.29923, "Easting": -33898.94948, "Elevation": 701.72561, "source_file": "20260318_SOS1_shpfile points.shp", "group": "SOS1", "direction": "E", "type": "P4", "sequence": 87, "full_name": "SOS1_E_P4_087", "should_make_line": false }, "geometry": { "type": "Point", "coordinates": [ 533824.526883284095675, 7261874.898804446682334, 701.725607843802095 ] } },
{ "type": "Feature", "properties": { "Name": "SOS1_E_P4_088", "Code": null, "Northing": 305377.20422999997, "Easting": -33892.69294, "Elevation": 704.41816, "source_file": "20260318_SOS1_shpfile points.shp", "group": "SOS1", "direction": "E", "type": "P4", "sequence": 88, "full_name": "SOS1_E_P4_088", "should_make_line": false }, "geometry": { "type": "Point", "coordinates": [ 533818.272906490135938, 7261868.996205095201731, 704.418159227330648 ] } },
{ "type": "Feature", "properties": { "Name": "SOS1_E_P4_089", "Code": null, "Northing": 305379.8202, "Easting": -33890.07512, "Elevation": 705.74222, "source_file": "20260318_SOS1_shpfile points.shp", "group": "SOS1", "direction": "E", "type": "P4", "sequence": 89, "full_name": "SOS1_E_P4_089", "should_make_line": false }, "geometry": { "type": "Point", "coordinates": [ 533815.656156380195171, 7261866.381293945014477, 705.742215282799066 ] } },
{ "type": "Feature", "properties": { "Name": "SOS1_E_P4_090", "Code": null, "Northing": 305381.29444000003, "Easting": -33888.50457, "Elevation": 706.54275, "source_file": "20260318_SOS1_shpfile points.shp", "group": "SOS1", "direction": "E", "type": "P4", "sequence": 90, "full_name": "SOS1_E_P4_090", "should_make_line": false }, "geometry": { "type": "Point", "coordinates": [ 533814.086248511914164, 7261864.907658023759723, 706.542746331360945 ] } },
{ "type": "Feature", "properties": { "Name": "SOS1_E_P4_091", "Code": null, "Northing": 305382.4225, "Easting": -33886.82665, "Elevation": 707.30132, "source_file": "20260318_SOS1_shpfile points.shp", "group": "SOS1", "direction": "E", "type": "P4", "sequence": 91, "full_name": "SOS1_E_P4_091", "should_make_line": false }, "geometry": { "type": "Point", "coordinates": [ 533812.409011395415291, 7261863.780054034665227, 707.301316924672733 ] } },
{ "type": "Feature", "properties": { "Name": "SOS1_E_P4_092", "Code": null, "Northing": 305383.74271000002, "Easting": -33885.21902, "Elevation": 708.11761, "source_file": "20260318_SOS1_shpfile points.shp", "group": "SOS1", "direction": "E", "type": "P4", "sequence": 92, "full_name": "SOS1_E_P4_092", "should_make_line": false }, "geometry": { "type": "Point", "coordinates": [ 533810.802042660536245, 7261862.460377896204591, 708.117608637569106 ] } },
{ "type": "Feature", "properties": { "Name": "SOS1_E_P4_093", "Code": null, "Northing": 305384.87040999997, "Easting": -33883.70186, "Elevation": 708.87062, "source_file": "20260318_SOS1_shpfile points.shp", "group": "SOS1", "direction": "E", "type": "P4", "sequence": 93, "full_name": "SOS1_E_P4_093", "should_make_line": false }, "geometry": { "type": "Point", "coordinates": [ 533809.285504085710272, 7261861.333141440525651, 708.870624564090349 ] } },
{ "type": "Feature", "properties": { "Name": "SOS1_E_P4_094", "Code": null, "Northing": 305385.93941, "Easting": -33882.15256, "Elevation": 709.66968, "source_file": "20260318_SOS1_shpfile points.shp", "group": "SOS1", "direction": "E", "type": "P4", "sequence": 94, "full_name": "SOS1_E_P4_094", "should_make_line": false }, "geometry": { "type": "Point", "coordinates": [ 533807.736834462848492, 7261860.264576435089111, 709.669683738349363 ] } },
{ "type": "Feature", "properties": { "Name": "SOS1_E_P4_095", "Code": null, "Northing": 305385.94150999998, "Easting": -33882.12969, "Elevation": 709.64764, "source_file": "20260318_SOS1_shpfile points.shp", "group": "SOS1", "direction": "E", "type": "P4", "sequence": 95, "full_name": "SOS1_E_P4_095", "should_make_line": false }, "geometry": { "type": "Point", "coordinates": [ 533807.71398170851171, 7261860.262473904527724, 709.64763809415274 ] } },
{ "type": "Feature", "properties": { "Name": "SOS1_E_P4_096", "Code": null, "Northing": 305386.96856000001, "Easting": -33880.06544, "Elevation": 710.99172, "source_file": "20260318_SOS1_shpfile points.shp", "group": "SOS1", "direction": "E", "type": "P4", "sequence": 96, "full_name": "SOS1_E_P4_096", "should_make_line": false }, "geometry": { "type": "Point", "coordinates": [ 533805.650572625687346, 7261859.235841990448534, 710.991723383791737 ] } },
{ "type": "Feature", "properties": { "Name": "SOS1_E_P4_097", "Code": null, "Northing": 305388.94697, "Easting": -33876.54818, "Elevation": 712.84488, "source_file": "20260318_SOS1_shpfile points.shp", "group": "SOS1", "direction": "E", "type": "P4", "sequence": 97, "full_name": "SOS1_E_P4_097", "should_make_line": false }, "geometry": { "type": "Point", "coordinates": [ 533802.134756040177308, 7261857.258245840668678, 712.844876605630134 ] } },
{ "type": "Feature", "properties": { "Name": "SOS1_E_P4_098", "Code": null, "Northing": 305390.29465, "Easting": -33873.39275, "Elevation": 714.64142, "source_file": "20260318_SOS1_shpfile points.shp", "group": "SOS1", "direction": "E", "type": "P4", "sequence": 98, "full_name": "SOS1_E_P4_098", "should_make_line": false }, "geometry": { "type": "Point", "coordinates": [ 533798.980625138385221, 7261855.911113733425736, 714.641417529617001 ] } },
{ "type": "Feature", "properties": { "Name": "SOS1_E_P4_099", "Code": null, "Northing": 305390.92742000002, "Easting": -33870.50468, "Elevation": 715.94424, "source_file": "20260318_SOS1_shpfile points.shp", "group": "SOS1", "direction": "E", "type": "P4", "sequence": 99, "full_name": "SOS1_E_P4_099", "should_make_line": false }, "geometry": { "type": "Point", "coordinates": [ 533796.093733508372679, 7261855.278608622029424, 715.944240985914803 ] } },
{ "type": "Feature", "properties": { "Name": "SOS1_E_P4_100", "Code": null, "Northing": 305391.50595000002, "Easting": -33868.9364, "Elevation": 716.89357, "source_file": "20260318_SOS1_shpfile points.shp", "group": "SOS1", "direction": "E", "type": "P4", "sequence": 100, "full_name": "SOS1_E_P4_100", "should_make_line": false }, "geometry": { "type": "Point", "coordinates": [ 533794.526097154710442, 7261854.700311838649213, 716.89357167433468 ] } },
{ "type": "Feature", "properties": { "Name": "SOS1_E_P4_101", "Code": null, "Northing": 305391.89967999997, "Easting": -33866.1567, "Elevation": 718.58623, "source_file": "20260318_SOS1_shpfile points.shp", "group": "SOS1", "direction": "E", "type": "P4", "sequence": 101, "full_name": "SOS1_E_P4_101", "should_make_line": false }, "geometry": { "type": "Point", "coordinates": [ 533791.747540922020562, 7261854.306753060780466, 718.586229987059596 ] } },
{ "type": "Feature", "properties": { "Name": "SOS1_E_P4_102", "Code": null, "Northing": 305391.87595999998, "Easting": -33866.15189, "Elevation": 718.31073, "source_file": "20260318_SOS1_shpfile points.shp", "group": "SOS1", "direction": "E", "type": "P4", "sequence": 102, "full_name": "SOS1_E_P4_102", "should_make_line": false }, "geometry": { "type": "Point", "coordinates": [ 533791.742729973630048, 7261854.330457724630833, 718.310733651184364 ] } },
{ "type": "Feature", "properties": { "Name": "SOS1_E_P4_103", "Code": null, "Northing": 305392.47777, "Easting": -33863.02911, "Elevation": 720.57689, "source_file": "20260318_SOS1_shpfile points.shp", "group": "SOS1", "direction": "E", "type": "P4", "sequence": 103, "full_name": "SOS1_E_P4_103", "should_make_line": false }, "geometry": { "type": "Point", "coordinates": [ 533788.621234571677633, 7261853.728895269334316, 720.576893059653685 ] } },
{ "type": "Feature", "properties": { "Name": "SOS1_E_P4_104", "Code": null, "Northing": 305394.27158, "Easting": -33860.45914, "Elevation": 722.55291, "source_file": "20260318_SOS1_shpfile points.shp", "group": "SOS1", "direction": "E", "type": "P4", "sequence": 104, "full_name": "SOS1_E_P4_104", "should_make_line": false }, "geometry": { "type": "Point", "coordinates": [ 533786.052322662668303, 7261851.935818748548627, 722.552912836766609 ] } },
{ "type": "Feature", "properties": { "Name": "SOS1_E_P4_105", "Code": null, "Northing": 305395.85849000001, "Easting": -33858.87718, "Elevation": 723.39712, "source_file": "20260318_SOS1_shpfile points.shp", "group": "SOS1", "direction": "E", "type": "P4", "sequence": 105, "full_name": "SOS1_E_P4_105", "should_make_line": false }, "geometry": { "type": "Point", "coordinates": [ 533784.471018804120831, 7261850.349559776484966, 723.397121024019043 ] } },
{ "type": "Feature", "properties": { "Name": "SOS1_E_P4_106", "Code": null, "Northing": 305400.97791000002, "Easting": -33855.2185, "Elevation": 726.41207, "source_file": "20260318_SOS1_shpfile points.shp", "group": "SOS1", "direction": "E", "type": "P4", "sequence": 106, "full_name": "SOS1_E_P4_106", "should_make_line": false }, "geometry": { "type": "Point", "coordinates": [ 533780.813841616152786, 7261845.232215691357851, 726.412071382373824 ] } },
{ "type": "Feature", "properties": { "Name": "SOS1_E_P4_107", "Code": null, "Northing": 305406.72476000001, "Easting": -33851.08183, "Elevation": 729.47869, "source_file": "20260318_SOS1_shpfile points.shp", "group": "SOS1", "direction": "E", "type": "P4", "sequence": 107, "full_name": "SOS1_E_P4_107", "should_make_line": false }, "geometry": { "type": "Point", "coordinates": [ 533776.678875815239735, 7261839.487708295695484, 729.478685104060219 ] } },
{ "type": "Feature", "properties": { "Name": "SOS1_E_P4_108", "Code": null, "Northing": 305410.5741, "Easting": -33845.39059, "Elevation": 733.44337, "source_file": "20260318_SOS1_shpfile points.shp", "group": "SOS1", "direction": "E", "type": "P4", "sequence": 108, "full_name": "SOS1_E_P4_108", "should_make_line": false }, "geometry": { "type": "Point", "coordinates": [ 533770.989985270658508, 7261835.639941431581974, 733.443372300841361 ] } },
{ "type": "Feature", "properties": { "Name": "SOS1_E_P4_109", "Code": null, "Northing": 305415.09334000002, "Easting": -33838.27558, "Elevation": 738.19294, "source_file": "20260318_SOS1_shpfile points.shp", "group": "SOS1", "direction": "E", "type": "P4", "sequence": 109, "full_name": "SOS1_E_P4_109", "should_make_line": false }, "geometry": { "type": "Point", "coordinates": [ 533763.877896254882216, 7261831.122545504942536, 738.192943635490906 ] } },
{ "type": "Feature", "properties": { "Name": "SOS1_E_P4_110", "Code": null, "Northing": 305416.42127, "Easting": -33833.76096, "Elevation": 741.03077, "source_file": "20260318_SOS1_shpfile points.shp", "group": "SOS1", "direction": "E", "type": "P4", "sequence": 110, "full_name": "SOS1_E_P4_110", "should_make_line": false }, "geometry": { "type": "Point", "coordinates": [ 533759.365133320214227, 7261829.795161694288254, 741.030768785926739 ] } },
{ "type": "Feature", "properties": { "Name": "SOS1_E_P4_111", "Code": null, "Northing": 305416.10914000002, "Easting": -33828.46362, "Elevation": 743.53542, "source_file": "20260318_SOS1_shpfile points.shp", "group": "SOS1", "direction": "E", "type": "P4", "sequence": 111, "full_name": "SOS1_E_P4_111", "should_make_line": false }, "geometry": { "type": "Point", "coordinates": [ 533754.069962466950528, 7261830.107171604409814, 743.535419236420694 ] } },
{ "type": "Feature", "properties": { "Name": "SOS1_E_crest_001", "Code": null, "Northing": 305406.44442000001, "Easting": -33824.8285, "Elevation": 744.16137, "source_file": "20260318_SOS1_shpfile points.shp", "group": "SOS1", "direction": "E", "type": "crest", "sequence": 1, "full_name": "SOS1_E_crest_001", "should_make_line": true }, "geometry": { "type": "Point", "coordinates": [ 533750.436319589731283, 7261839.767981443554163, 744.161373718580649 ] } },
{ "type": "Feature", "properties": { "Name": "SOS1_E_crest_002", "Code": null, "Northing": 305390.58643999998, "Easting": -33819.52434, "Elevation": 745.02911, "source_file": "20260318_SOS1_shpfile points.shp", "group": "SOS1", "direction": "E", "type": "crest", "sequence": 2, "full_name": "SOS1_E_crest_002", "should_make_line": true }, "geometry": { "type": "Point", "coordinates": [ 533745.134320060024038, 7261855.619549352675676, 745.029107628517409 ] } },
{ "type": "Feature", "properties": { "Name": "SOS1_E_crest_003", "Code": null, "Northing": 305374.33034, "Easting": -33814.44557, "Elevation": 745.34775, "source_file": "20260318_SOS1_shpfile points.shp", "group": "SOS1", "direction": "E", "type": "crest", "sequence": 3, "full_name": "SOS1_E_crest_003", "should_make_line": true }, "geometry": { "type": "Point", "coordinates": [ 533740.057601660955697, 7261871.869071312248707, 745.347754139420431 ] } },
{ "type": "Feature", "properties": { "Name": "SOS1_E_crest_004", "Code": null, "Northing": 305369.79238, "Easting": -33812.79498, "Elevation": 745.58762, "source_file": "20260318_SOS1_shpfile points.shp", "group": "SOS1", "direction": "E", "type": "crest", "sequence": 4, "full_name": "SOS1_E_crest_004", "should_make_line": true }, "geometry": { "type": "Point", "coordinates": [ 533738.40768181940075, 7261876.405195692554116, 745.587623825521291 ] } },
{ "type": "Feature", "properties": { "Name": "SOS1_E_crest_005", "Code": null, "Northing": 305352.10562, "Easting": -33806.94101, "Elevation": 745.97894, "source_file": "20260318_SOS1_shpfile points.shp", "group": "SOS1", "direction": "E", "type": "crest", "sequence": 5, "full_name": "SOS1_E_crest_005", "should_make_line": true }, "geometry": { "type": "Point", "coordinates": [ 533732.556089107645676, 7261894.084807516075671, 745.978941249111017 ] } },
{ "type": "Feature", "properties": { "Name": "SOS1_E_crest_006", "Code": null, "Northing": 305335.9303, "Easting": -33800.40669, "Elevation": 746.39251, "source_file": "20260318_SOS1_shpfile points.shp", "group": "SOS1", "direction": "E", "type": "crest", "sequence": 6, "full_name": "SOS1_E_crest_006", "should_make_line": true }, "geometry": { "type": "Point", "coordinates": [ 533726.024413048406132, 7261910.253576887771487, 746.392507086041178 ] } },
{ "type": "Feature", "properties": { "Name": "SOS1_E_crest_007", "Code": null, "Northing": 305325.8752, "Easting": -33796.13069, "Elevation": 746.6267, "source_file": "20260318_SOS1_shpfile points.shp", "group": "SOS1", "direction": "E", "type": "crest", "sequence": 7, "full_name": "SOS1_E_crest_007", "should_make_line": true }, "geometry": { "type": "Point", "coordinates": [ 533721.75014585594181, 7261920.304614474996924, 746.626702718487195 ] } },
{ "type": "Feature", "properties": { "Name": "SOS1_E_crest_008", "Code": null, "Northing": 305325.83519000001, "Easting": -33796.07511, "Elevation": 746.46606, "source_file": "20260318_SOS1_shpfile points.shp", "group": "SOS1", "direction": "E", "type": "crest", "sequence": 8, "full_name": "SOS1_E_crest_008", "should_make_line": true }, "geometry": { "type": "Point", "coordinates": [ 533721.694594128988683, 7261920.344602873548865, 746.466063574863824 ] } },
{ "type": "Feature", "properties": { "Name": "SOS1_E_crest_009", "Code": null, "Northing": 305316.1329, "Easting": -33791.77219, "Elevation": 746.503, "source_file": "20260318_SOS1_shpfile points.shp", "group": "SOS1", "direction": "E", "type": "crest", "sequence": 9, "full_name": "SOS1_E_crest_009", "should_make_line": true }, "geometry": { "type": "Point", "coordinates": [ 533717.393411559984088, 7261930.042965792119503, 746.503002861032428 ] } },
{ "type": "Feature", "properties": { "Name": "SOS1_E_crest_010", "Code": null, "Northing": 305297.26301, "Easting": -33782.09831, "Elevation": 746.54351, "source_file": "20260318_SOS1_shpfile points.shp", "group": "SOS1", "direction": "E", "type": "crest", "sequence": 10, "full_name": "SOS1_E_crest_010", "should_make_line": true }, "geometry": { "type": "Point", "coordinates": [ 533707.723445903975517, 7261948.905221638269722, 746.543512019548757 ] } },
{ "type": "Feature", "properties": { "Name": "SOS1_E_crest_011", "Code": null, "Northing": 305283.54525999998, "Easting": -33774.37957, "Elevation": 746.51898, "source_file": "20260318_SOS1_shpfile points.shp", "group": "SOS1", "direction": "E", "type": "crest", "sequence": 11, "full_name": "SOS1_E_crest_011", "should_make_line": true }, "geometry": { "type": "Point", "coordinates": [ 533700.007828692556359, 7261962.617422625422478, 746.518979419080779 ] } },
{ "type": "Feature", "properties": { "Name": "SOS1_E_crest_012", "Code": null, "Northing": 305279.16833000001, "Easting": -33771.81887, "Elevation": 746.49291, "source_file": "20260318_SOS1_shpfile points.shp", "group": "SOS1", "direction": "E", "type": "crest", "sequence": 12, "full_name": "SOS1_E_crest_012", "should_make_line": true }, "geometry": { "type": "Point", "coordinates": [ 533697.448165864916518, 7261966.992587295360863, 746.492913722666117 ] } },
{ "type": "Feature", "properties": { "Name": "SOS1_E_crest_013", "Code": null, "Northing": 305419.18868999998, "Easting": -33829.87792, "Elevation": 743.76821, "source_file": "20260318_SOS1_shpfile points.shp", "group": "SOS1", "direction": "E", "type": "crest", "sequence": 13, "full_name": "SOS1_E_crest_013", "should_make_line": true }, "geometry": { "type": "Point", "coordinates": [ 533755.483694794820622, 7261827.02887508738786, 743.768213400524928 ] } },
{ "type": "Feature", "properties": { "Name": "SOS1_E_crest_014", "Code": null, "Northing": 305427.88775, "Easting": -33833.70113, "Elevation": 743.26797, "source_file": "20260318_SOS1_shpfile points.shp", "group": "SOS1", "direction": "E", "type": "crest", "sequence": 14, "full_name": "SOS1_E_crest_014", "should_make_line": true }, "geometry": { "type": "Point", "coordinates": [ 533759.305352248484269, 7261818.333331847563386, 743.267970235505686 ] } },
{ "type": "Feature", "properties": { "Name": "SOS1_E_crest_015", "Code": null, "Northing": 305434.71927, "Easting": -33837.08185, "Elevation": 743.12985, "source_file": "20260318_SOS1_shpfile points.shp", "group": "SOS1", "direction": "E", "type": "crest", "sequence": 15, "full_name": "SOS1_E_crest_015", "should_make_line": true }, "geometry": { "type": "Point", "coordinates": [ 533762.684701905585825, 7261811.504578212276101, 743.12984650543865 ] } },
{ "type": "Feature", "properties": { "Name": "SOS1_E_crest_016", "Code": null, "Northing": 305439.78651000001, "Easting": -33840.25878, "Elevation": 742.95185, "source_file": "20260318_SOS1_shpfile points.shp", "group": "SOS1", "direction": "E", "type": "crest", "sequence": 16, "full_name": "SOS1_E_crest_016", "should_make_line": true }, "geometry": { "type": "Point", "coordinates": [ 533765.860348505317234, 7261806.439379472285509, 742.951854784776515 ] } },
{ "type": "Feature", "properties": { "Name": "SOS1_E_crest_017", "Code": null, "Northing": 305445.64451000001, "Easting": -33844.50449, "Elevation": 742.75802, "source_file": "20260318_SOS1_shpfile points.shp", "group": "SOS1", "direction": "E", "type": "crest", "sequence": 17, "full_name": "SOS1_E_crest_017", "should_make_line": true }, "geometry": { "type": "Point", "coordinates": [ 533770.104332143673673, 7261800.583750605583191, 742.758016002456543 ] } },
{ "type": "Feature", "properties": { "Name": "SOS1_E_crest_018", "Code": null, "Northing": 305451.36897000001, "Easting": -33849.74151, "Elevation": 742.53671, "source_file": "20260318_SOS1_shpfile points.shp", "group": "SOS1", "direction": "E", "type": "crest", "sequence": 18, "full_name": "SOS1_E_crest_018", "should_make_line": true }, "geometry": { "type": "Point", "coordinates": [ 533775.33923749672249, 7261794.861606691032648, 742.536707287246713 ] } },
{ "type": "Feature", "properties": { "Name": "SOS1_E_crest_019", "Code": null, "Northing": 305458.37793999998, "Easting": -33856.83162, "Elevation": 742.73827, "source_file": "20260318_SOS1_shpfile points.shp", "group": "SOS1", "direction": "E", "type": "crest", "sequence": 19, "full_name": "SOS1_E_crest_019", "should_make_line": true }, "geometry": { "type": "Point", "coordinates": [ 533782.426478303968906, 7261787.855470960959792, 742.738268706364011 ] } },
{ "type": "Feature", "properties": { "Name": "SOS1_E_crest_020", "Code": null, "Northing": 305462.00932999997, "Easting": -33861.29207, "Elevation": 742.89194, "source_file": "20260318_SOS1_shpfile points.shp", "group": "SOS1", "direction": "E", "type": "crest", "sequence": 20, "full_name": "SOS1_E_crest_020", "should_make_line": true }, "geometry": { "type": "Point", "coordinates": [ 533786.88512194424402, 7261784.22555928491056, 742.891935680107849 ] } },
{ "type": "Feature", "properties": { "Name": "SOS1_E_crest_021", "Code": null, "Northing": 305466.47152000002, "Easting": -33867.37049, "Elevation": 743.32371, "source_file": "20260318_SOS1_shpfile points.shp", "group": "SOS1", "direction": "E", "type": "crest", "sequence": 21, "full_name": "SOS1_E_crest_021", "should_make_line": true }, "geometry": { "type": "Point", "coordinates": [ 533792.961089954595082, 7261779.765167895704508, 743.323707578543463 ] } },
{ "type": "Feature", "properties": { "Name": "SOS1_E_crest_022", "Code": null, "Northing": 305470.57538, "Easting": -33873.65258, "Elevation": 743.93032, "source_file": "20260318_SOS1_shpfile points.shp", "group": "SOS1", "direction": "E", "type": "crest", "sequence": 22, "full_name": "SOS1_E_crest_022", "should_make_line": true }, "geometry": { "type": "Point", "coordinates": [ 533799.240644853911363, 7261775.662974455393851, 743.930318191134234 ] } },
{ "type": "Feature", "properties": { "Name": "SOS1_E_crest_023", "Code": null, "Northing": 305474.63746, "Easting": -33880.04619, "Elevation": 744.80389, "source_file": "20260318_SOS1_shpfile points.shp", "group": "SOS1", "direction": "E", "type": "crest", "sequence": 23, "full_name": "SOS1_E_crest_023", "should_make_line": true }, "geometry": { "type": "Point", "coordinates": [ 533805.631672538584098, 7261771.602545311674476, 744.803893125873174 ] } },
{ "type": "Feature", "properties": { "Name": "SOS1_E_crest_024", "Code": null, "Northing": 305478.13682999997, "Easting": -33887.07447, "Elevation": 745.25936, "source_file": "20260318_SOS1_shpfile points.shp", "group": "SOS1", "direction": "E", "type": "crest", "sequence": 24, "full_name": "SOS1_E_crest_024", "should_make_line": true }, "geometry": { "type": "Point", "coordinates": [ 533812.657111970009282, 7261768.104585643857718, 745.259356883567648 ] } },
{ "type": "Feature", "properties": { "Name": "SOS1_E_crest_025", "Code": null, "Northing": 305480.91323000001, "Easting": -33891.60038, "Elevation": 745.98546, "source_file": "20260318_SOS1_shpfile points.shp", "group": "SOS1", "direction": "E", "type": "crest", "sequence": 25, "full_name": "SOS1_E_crest_025", "should_make_line": true }, "geometry": { "type": "Point", "coordinates": [ 533817.181198931182735, 7261765.329316209070385, 745.985463485517243 ] } },
{ "type": "Feature", "properties": { "Name": "SOS1_E_crest_026", "Code": null, "Northing": 305484.69543999998, "Easting": -33898.47526, "Elevation": 746.75942, "source_file": "20260318_SOS1_shpfile points.shp", "group": "SOS1", "direction": "E", "type": "crest", "sequence": 26, "full_name": "SOS1_E_crest_026", "should_make_line": true }, "geometry": { "type": "Point", "coordinates": [ 533824.053310824325308, 7261761.548641958273947, 746.759418207619888 ] } },
{ "type": "Feature", "properties": { "Name": "SOS1_E_crest_027", "Code": null, "Northing": 305488.39084000001, "Easting": -33905.58163, "Elevation": 747.44454, "source_file": "20260318_SOS1_shpfile points.shp", "group": "SOS1", "direction": "E", "type": "crest", "sequence": 27, "full_name": "SOS1_E_crest_027", "should_make_line": true }, "geometry": { "type": "Point", "coordinates": [ 533831.156807604362257, 7261757.854735533706844, 747.444541745045285 ] } },
{ "type": "Feature", "properties": { "Name": "SOS1_E_crest_028", "Code": null, "Northing": 305491.84717000002, "Easting": -33912.11561, "Elevation": 748.1412, "source_file": "20260318_SOS1_shpfile points.shp", "group": "SOS1", "direction": "E", "type": "crest", "sequence": 28, "full_name": "SOS1_E_crest_028", "should_make_line": true }, "geometry": { "type": "Point", "coordinates": [ 533837.688156023272313, 7261754.399802476167679, 748.141195684989611 ] } },
{ "type": "Feature", "properties": { "Name": "SOS1_E_crest_029", "Code": null, "Northing": 305495.34211000003, "Easting": -33918.97828, "Elevation": 748.74831, "source_file": "20260318_SOS1_shpfile points.shp", "group": "SOS1", "direction": "E", "type": "crest", "sequence": 29, "full_name": "SOS1_E_crest_029", "should_make_line": true }, "geometry": { "type": "Point", "coordinates": [ 533844.548047044314444, 7261750.906284932978451, 748.748311869502572 ] } },
{ "type": "Feature", "properties": { "Name": "SOS1_E_crest_030", "Code": null, "Northing": 305497.66168999998, "Easting": -33923.62472, "Elevation": 749.15575, "source_file": "20260318_SOS1_shpfile points.shp", "group": "SOS1", "direction": "E", "type": "crest", "sequence": 30, "full_name": "SOS1_E_crest_030", "should_make_line": true }, "geometry": { "type": "Point", "coordinates": [ 533849.192610368714668, 7261748.587643787264824, 749.155750596437883 ] } },
{ "type": "Feature", "properties": { "Name": "SOS1_E_crest_031", "Code": null, "Northing": 305499.95623000001, "Easting": -33927.57477, "Elevation": 749.69282, "source_file": "20260318_SOS1_shpfile points.shp", "group": "SOS1", "direction": "E", "type": "crest", "sequence": 31, "full_name": "SOS1_E_crest_031", "should_make_line": true }, "geometry": { "type": "Point", "coordinates": [ 533853.141075751977041, 7261746.294034450314939, 749.692819833206499 ] } },
{ "type": "Feature", "properties": { "Name": "SOS1_E_crest_032", "Code": null, "Northing": 305502.5134, "Easting": -33932.58187, "Elevation": 750.19029, "source_file": "20260318_SOS1_shpfile points.shp", "group": "SOS1", "direction": "E", "type": "crest", "sequence": 32, "full_name": "SOS1_E_crest_032", "should_make_line": true }, "geometry": { "type": "Point", "coordinates": [ 533858.146151263616048, 7261743.737895414233208, 750.190294479570298 ] } },
{ "type": "Feature", "properties": { "Name": "SOS1_E_crest_033", "Code": null, "Northing": 305504.96191999997, "Easting": -33938.04005, "Elevation": 750.61056, "source_file": "20260318_SOS1_shpfile points.shp", "group": "SOS1", "direction": "E", "type": "crest", "sequence": 33, "full_name": "SOS1_E_crest_033", "should_make_line": true }, "geometry": { "type": "Point", "coordinates": [ 533863.602128122816794, 7261741.290370160713792, 750.610555158032412 ] } },
{ "type": "Feature", "properties": { "Name": "SOS1_E_crest_034", "Code": null, "Northing": 305507.57964000001, "Easting": -33943.34636, "Elevation": 751.14037, "source_file": "20260318_SOS1_shpfile points.shp", "group": "SOS1", "direction": "E", "type": "crest", "sequence": 34, "full_name": "SOS1_E_crest_034", "should_make_line": true }, "geometry": { "type": "Point", "coordinates": [ 533868.906290549784899, 7261738.673716997727752, 751.140369320005675 ] } },
{ "type": "Feature", "properties": { "Name": "SOS1_E_crest_035", "Code": null, "Northing": 305510.0944, "Easting": -33948.41138, "Elevation": 751.72934, "source_file": "20260318_SOS1_shpfile points.shp", "group": "SOS1", "direction": "E", "type": "crest", "sequence": 35, "full_name": "SOS1_E_crest_035", "should_make_line": true }, "geometry": { "type": "Point", "coordinates": [ 533873.969266987289302, 7261736.159971265122294, 751.729342830529049 ] } },
{ "type": "Feature", "properties": { "Name": "SOS1_E_crest_036", "Code": null, "Northing": 305512.82621000003, "Easting": -33954.64057, "Elevation": 752.20832, "source_file": "20260318_SOS1_shpfile points.shp", "group": "SOS1", "direction": "E", "type": "crest", "sequence": 36, "full_name": "SOS1_E_crest_036", "should_make_line": true }, "geometry": { "type": "Point", "coordinates": [ 533880.195942661724985, 7261733.429270210675895, 752.208323328021834 ] } },
{ "type": "Feature", "properties": { "Name": "SOS1_E_crest_037", "Code": null, "Northing": 305515.55722000002, "Easting": -33960.19285, "Elevation": 752.73742, "source_file": "20260318_SOS1_shpfile points.shp", "group": "SOS1", "direction": "E", "type": "crest", "sequence": 37, "full_name": "SOS1_E_crest_037", "should_make_line": true }, "geometry": { "type": "Point", "coordinates": [ 533885.745983554632403, 7261730.699367927387357, 752.737420422849596 ] } },
{ "type": "Feature", "properties": { "Name": "SOS1_E_crest_038", "Code": null, "Northing": 305518.0487, "Easting": -33965.79207, "Elevation": 753.26865, "source_file": "20260318_SOS1_shpfile points.shp", "group": "SOS1", "direction": "E", "type": "crest", "sequence": 38, "full_name": "SOS1_E_crest_038", "should_make_line": true }, "geometry": { "type": "Point", "coordinates": [ 533891.342942567076534, 7261728.208897364325821, 753.268653954308434 ] } },
{ "type": "Feature", "properties": { "Name": "SOS1_E_crest_039", "Code": null, "Northing": 305520.5714, "Easting": -33971.86039, "Elevation": 753.88434, "source_file": "20260318_SOS1_shpfile points.shp", "group": "SOS1", "direction": "E", "type": "crest", "sequence": 39, "full_name": "SOS1_E_crest_039", "should_make_line": true }, "geometry": { "type": "Point", "coordinates": [ 533897.408812274225056, 7261725.68721826095134, 753.88434044591645 ] } },
{ "type": "Feature", "properties": { "Name": "SOS1_E_crest_040", "Code": null, "Northing": 305522.89536999998, "Easting": -33977.78457, "Elevation": 754.42833, "source_file": "20260318_SOS1_shpfile points.shp", "group": "SOS1", "direction": "E", "type": "crest", "sequence": 40, "full_name": "SOS1_E_crest_040", "should_make_line": true }, "geometry": { "type": "Point", "coordinates": [ 533903.33060705428943, 7261723.364192418754101, 754.428325322789988 ] } },
{ "type": "Feature", "properties": { "Name": "SOS1_E_crest_041", "Code": null, "Northing": 305525.40408000001, "Easting": -33984.75945, "Elevation": 755.02946, "source_file": "20260318_SOS1_shpfile points.shp", "group": "SOS1", "direction": "E", "type": "crest", "sequence": 41, "full_name": "SOS1_E_crest_041", "should_make_line": true }, "geometry": { "type": "Point", "coordinates": [ 533910.302668519201688, 7261720.856502376496792, 755.02946482080938 ] } },
{ "type": "Feature", "properties": { "Name": "SOS1_E_crest_042", "Code": null, "Northing": 305527.50351000001, "Easting": -33990.39093, "Elevation": 755.65476, "source_file": "20260318_SOS1_shpfile points.shp", "group": "SOS1", "direction": "E", "type": "crest", "sequence": 42, "full_name": "SOS1_E_crest_042", "should_make_line": true }, "geometry": { "type": "Point", "coordinates": [ 533915.931876485119574, 7261718.757916521281004, 755.654760852843651 ] } },
{ "type": "Feature", "properties": { "Name": "SOS1_E_crest_043", "Code": null, "Northing": 305528.45061, "Easting": -33994.23473, "Elevation": 756.13069, "source_file": "20260318_SOS1_shpfile points.shp", "group": "SOS1", "direction": "E", "type": "crest", "sequence": 43, "full_name": "SOS1_E_crest_043", "should_make_line": true }, "geometry": { "type": "Point", "coordinates": [ 533919.774123865296133, 7261717.81120859272778, 756.130688429900601 ] } },
{ "type": "Feature", "properties": { "Name": "SOS1_E_crest_044", "Code": null, "Northing": 305530.50493, "Easting": -34000.80371, "Elevation": 756.8591, "source_file": "20260318_SOS1_shpfile points.shp", "group": "SOS1", "direction": "E", "type": "crest", "sequence": 44, "full_name": "SOS1_E_crest_044", "should_make_line": true }, "geometry": { "type": "Point", "coordinates": [ 533926.340452132862993, 7261715.757721591740847, 756.859097553019637 ] } },
{ "type": "Feature", "properties": { "Name": "SOS1_E_crest_045", "Code": null, "Northing": 305532.63843, "Easting": -34007.0049, "Elevation": 757.57279, "source_file": "20260318_SOS1_shpfile points.shp", "group": "SOS1", "direction": "E", "type": "crest", "sequence": 45, "full_name": "SOS1_E_crest_045", "should_make_line": true }, "geometry": { "type": "Point", "coordinates": [ 533932.539139355765656, 7261713.625081251375377, 757.572793111087094 ] } },
{ "type": "Feature", "properties": { "Name": "SOS1_E_crest_046", "Code": null, "Northing": 305534.87864000001, "Easting": -34014.18753, "Elevation": 758.2955, "source_file": "20260318_SOS1_shpfile points.shp", "group": "SOS1", "direction": "E", "type": "crest", "sequence": 46, "full_name": "SOS1_E_crest_046", "should_make_line": true }, "geometry": { "type": "Point", "coordinates": [ 533939.718877417733893, 7261711.385781101882458, 758.295499729503945 ] } },
{ "type": "Feature", "properties": { "Name": "SOS1_E_crest_047", "Code": null, "Northing": 305536.62182, "Easting": -34021.06461, "Elevation": 758.9066, "source_file": "20260318_SOS1_shpfile points.shp", "group": "SOS1", "direction": "E", "type": "crest", "sequence": 47, "full_name": "SOS1_E_crest_047", "should_make_line": true }, "geometry": { "type": "Point", "coordinates": [ 533946.593179179355502, 7261709.643314938992262, 758.906598885213043 ] } },
{ "type": "Feature", "properties": { "Name": "SOS1_E_crest_048", "Code": null, "Northing": 305538.1512, "Easting": -34028.08521, "Elevation": 759.6196, "source_file": "20260318_SOS1_shpfile points.shp", "group": "SOS1", "direction": "E", "type": "crest", "sequence": 48, "full_name": "SOS1_E_crest_048", "should_make_line": true }, "geometry": { "type": "Point", "coordinates": [ 533953.610942784580402, 7261708.11454944126308, 759.619601643766373 ] } },
{ "type": "Feature", "properties": { "Name": "SOS1_E_crest_049", "Code": null, "Northing": 305539.88666999998, "Easting": -34035.20324, "Elevation": 760.47558, "source_file": "20260318_SOS1_shpfile points.shp", "group": "SOS1", "direction": "E", "type": "crest", "sequence": 49, "full_name": "SOS1_E_crest_049", "should_make_line": true }, "geometry": { "type": "Point", "coordinates": [ 533960.726101492298767, 7261706.379786021076143, 760.475584050726638 ] } },
{ "type": "Feature", "properties": { "Name": "SOS1_E_crest_050", "Code": null, "Northing": 305541.68167000002, "Easting": -34043.13563, "Elevation": 761.26626, "source_file": "20260318_SOS1_shpfile points.shp", "group": "SOS1", "direction": "E", "type": "crest", "sequence": 50, "full_name": "SOS1_E_crest_050", "should_make_line": true }, "geometry": { "type": "Point", "coordinates": [ 533968.655290890717879, 7261704.585511825978756, 761.266261293651155 ] } },
{ "type": "Feature", "properties": { "Name": "SOS1_E_crest_051", "Code": null, "Northing": 305543.53027, "Easting": -34051.37425, "Elevation": 762.21287, "source_file": "20260318_SOS1_shpfile points.shp", "group": "SOS1", "direction": "E", "type": "crest", "sequence": 51, "full_name": "SOS1_E_crest_051", "should_make_line": true }, "geometry": { "type": "Point", "coordinates": [ 533976.890589713701047, 7261702.737668580375612, 762.212870714669634 ] } },
{ "type": "Feature", "properties": { "Name": "SOS1_E_crest_052", "Code": null, "Northing": 305544.74533000001, "Easting": -34057.76025, "Elevation": 762.778, "source_file": "20260318_SOS1_shpfile points.shp", "group": "SOS1", "direction": "E", "type": "crest", "sequence": 52, "full_name": "SOS1_E_crest_052", "should_make_line": true }, "geometry": { "type": "Point", "coordinates": [ 533983.274008395150304, 7261701.523102237842977, 762.778002767593875 ] } },
{ "type": "Feature", "properties": { "Name": "SOS1_E_crest_053", "Code": null, "Northing": 305546.49891000002, "Easting": -34066.34022, "Elevation": 763.60671, "source_file": "20260318_SOS1_shpfile points.shp", "group": "SOS1", "direction": "E", "type": "crest", "sequence": 53, "full_name": "SOS1_E_crest_053", "should_make_line": true }, "geometry": { "type": "Point", "coordinates": [ 533991.850511726574041, 7261699.770234418101609, 763.60670916218919 ] } },
{ "type": "Feature", "properties": { "Name": "SOS1_E_crest_054", "Code": null, "Northing": 305548.28853999998, "Easting": -34074.03603, "Elevation": 764.40542, "source_file": "20260318_SOS1_shpfile points.shp", "group": "SOS1", "direction": "E", "type": "crest", "sequence": 54, "full_name": "SOS1_E_crest_054", "should_make_line": true }, "geometry": { "type": "Point", "coordinates": [ 533999.543220011750236, 7261697.981332615017891, 764.405420093853763 ] } },
{ "type": "Feature", "properties": { "Name": "SOS1_E_crest_055", "Code": null, "Northing": 305550.09475, "Easting": -34083.01813, "Elevation": 765.15474, "source_file": "20260318_SOS1_shpfile points.shp", "group": "SOS1", "direction": "E", "type": "crest", "sequence": 55, "full_name": "SOS1_E_crest_055", "should_make_line": true }, "geometry": { "type": "Point", "coordinates": [ 534008.521696665673517, 7261696.175850208848715, 765.154738119212084 ] } },
{ "type": "Feature", "properties": { "Name": "SOS1_E_crest_056", "Code": null, "Northing": 305551.86741000001, "Easting": -34093.1115, "Elevation": 765.99046, "source_file": "20260318_SOS1_shpfile points.shp", "group": "SOS1", "direction": "E", "type": "crest", "sequence": 56, "full_name": "SOS1_E_crest_056", "should_make_line": true }, "geometry": { "type": "Point", "coordinates": [ 534018.610981338424608, 7261694.403915304690599, 765.990460754881951 ] } },
{ "type": "Feature", "properties": { "Name": "SOS1_E_crest_057", "Code": null, "Northing": 305553.44503, "Easting": -34103.37134, "Elevation": 766.9522, "source_file": "20260318_SOS1_shpfile points.shp", "group": "SOS1", "direction": "E", "type": "crest", "sequence": 57, "full_name": "SOS1_E_crest_057", "should_make_line": true }, "geometry": { "type": "Point", "coordinates": [ 534028.866682564024813, 7261692.826936785131693, 766.952201745393495 ] } },
{ "type": "Feature", "properties": { "Name": "SOS1_E_crest_058", "Code": null, "Northing": 305554.37793999998, "Easting": -34110.08987, "Elevation": 767.51526, "source_file": "20260318_SOS1_shpfile points.shp", "group": "SOS1", "direction": "E", "type": "crest", "sequence": 58, "full_name": "SOS1_E_crest_058", "should_make_line": true }, "geometry": { "type": "Point", "coordinates": [ 534035.582501610624604, 7261691.894406846724451, 767.515262420585827 ] } },
{ "type": "Feature", "properties": { "Name": "SOS1_E_crest_059", "Code": null, "Northing": 305555.87669, "Easting": -34120.08085, "Elevation": 768.46798, "source_file": "20260318_SOS1_shpfile points.shp", "group": "SOS1", "direction": "E", "type": "crest", "sequence": 59, "full_name": "SOS1_E_crest_059", "should_make_line": true }, "geometry": { "type": "Point", "coordinates": [ 534045.569445685716346, 7261690.396260914392769, 768.467980165865015 ] } },
{ "type": "Feature", "properties": { "Name": "SOS1_E_crest_060", "Code": null, "Northing": 305556.76317, "Easting": -34126.8815, "Elevation": 769.11079, "source_file": "20260318_SOS1_shpfile points.shp", "group": "SOS1", "direction": "E", "type": "crest", "sequence": 60, "full_name": "SOS1_E_crest_060", "should_make_line": true }, "geometry": { "type": "Point", "coordinates": [ 534052.367348749772646, 7261689.510147890076041, 769.110789186816419 ] } },
{ "type": "Feature", "properties": { "Name": "SOS1_E_crest_061", "Code": null, "Northing": 305557.55125999998, "Easting": -34134.15682, "Elevation": 769.65719, "source_file": "20260318_SOS1_shpfile points.shp", "group": "SOS1", "direction": "E", "type": "crest", "sequence": 61, "full_name": "SOS1_E_crest_061", "should_make_line": true }, "geometry": { "type": "Point", "coordinates": [ 534059.639735979260877, 7261688.722380146384239, 769.657191159353943 ] } },
{ "type": "Feature", "properties": { "Name": "SOS1_E_crest_062", "Code": null, "Northing": 305558.57864999998, "Easting": -34140.84366, "Elevation": 770.09136, "source_file": "20260318_SOS1_shpfile points.shp", "group": "SOS1", "direction": "E", "type": "crest", "sequence": 62, "full_name": "SOS1_E_crest_062", "should_make_line": true }, "geometry": { "type": "Point", "coordinates": [ 534066.323877453687601, 7261687.695404073223472, 770.091357047012139 ] } },
{ "type": "Feature", "properties": { "Name": "SOS1_E_crest_063", "Code": null, "Northing": 305558.53084999998, "Easting": -34140.86603, "Elevation": 770.22335, "source_file": "20260318_SOS1_shpfile points.shp", "group": "SOS1", "direction": "E", "type": "crest", "sequence": 63, "full_name": "SOS1_E_crest_063", "should_make_line": true }, "geometry": { "type": "Point", "coordinates": [ 534066.346238238620572, 7261687.743181824684143, 770.22334594261531 ] } },
{ "type": "Feature", "properties": { "Name": "SOS1_E_crest_064", "Code": null, "Northing": 305559.77974000003, "Easting": -34147.94737, "Elevation": 770.80871, "source_file": "20260318_SOS1_shpfile points.shp", "group": "SOS1", "direction": "E", "type": "crest", "sequence": 64, "full_name": "SOS1_E_crest_064", "should_make_line": true }, "geometry": { "type": "Point", "coordinates": [ 534073.424719947623089, 7261686.494796251878142, 770.808707472996048 ] } },
{ "type": "Feature", "properties": { "Name": "SOS1_E_crest_065", "Code": null, "Northing": 305561.11356000003, "Easting": -34156.12541, "Elevation": 771.18843, "source_file": "20260318_SOS1_shpfile points.shp", "group": "SOS1", "direction": "E", "type": "crest", "sequence": 65, "full_name": "SOS1_E_crest_065", "should_make_line": true }, "geometry": { "type": "Point", "coordinates": [ 534081.599450733163394, 7261685.161523318849504, 771.188433447827379 ] } },
{ "type": "Feature", "properties": { "Name": "SOS1_E_crest_066", "Code": null, "Northing": 305563.0309, "Easting": -34163.13915, "Elevation": 771.7105, "source_file": "20260318_SOS1_shpfile points.shp", "group": "SOS1", "direction": "E", "type": "crest", "sequence": 66, "full_name": "SOS1_E_crest_066", "should_make_line": true }, "geometry": { "type": "Point", "coordinates": [ 534088.610355389886536, 7261683.244956598617136, 771.710502999163282 ] } },
{ "type": "Feature", "properties": { "Name": "SOS1_E_crest_067", "Code": null, "Northing": 305564.57056000002, "Easting": -34170.87849, "Elevation": 771.84655, "source_file": "20260318_SOS1_shpfile points.shp", "group": "SOS1", "direction": "E", "type": "crest", "sequence": 67, "full_name": "SOS1_E_crest_067", "should_make_line": true }, "geometry": { "type": "Point", "coordinates": [ 534096.346569402026944, 7261681.705922849476337, 771.846548598084382 ] } },
{ "type": "Feature", "properties": { "Name": "SOS1_E_crest_068", "Code": null, "Northing": 305566.08466, "Easting": -34177.09152, "Elevation": 772.17218, "source_file": "20260318_SOS1_shpfile points.shp", "group": "SOS1", "direction": "E", "type": "crest", "sequence": 68, "full_name": "SOS1_E_crest_068", "should_make_line": true }, "geometry": { "type": "Point", "coordinates": [ 534102.557084032450803, 7261680.19243492744863, 772.172178243400936 ] } },
{ "type": "Feature", "properties": { "Name": "SOS1_E_crest_069", "Code": null, "Northing": 305567.40232, "Easting": -34183.67973, "Elevation": 772.49277, "source_file": "20260318_SOS1_shpfile points.shp", "group": "SOS1", "direction": "E", "type": "crest", "sequence": 69, "full_name": "SOS1_E_crest_069", "should_make_line": true }, "geometry": { "type": "Point", "coordinates": [ 534109.142632333445363, 7261678.875315287150443, 772.492767591776555 ] } },
{ "type": "Feature", "properties": { "Name": "SOS1_E_crest_070", "Code": null, "Northing": 305568.21435000002, "Easting": -34189.98238, "Elevation": 772.63859, "source_file": "20260318_SOS1_shpfile points.shp", "group": "SOS1", "direction": "E", "type": "crest", "sequence": 70, "full_name": "SOS1_E_crest_070", "should_make_line": true }, "geometry": { "type": "Point", "coordinates": [ 534115.442740076570772, 7261678.06360783521086, 772.638589836159213 ] } },
{ "type": "Feature", "properties": { "Name": "SOS1_E_crest_071", "Code": null, "Northing": 305569.28856999998, "Easting": -34198.68878, "Elevation": 773.06232, "source_file": "20260318_SOS1_shpfile points.shp", "group": "SOS1", "direction": "E", "type": "crest", "sequence": 71, "full_name": "SOS1_E_crest_071", "should_make_line": true }, "geometry": { "type": "Point", "coordinates": [ 534124.14562308206223, 7261676.989825973287225, 773.062315498395378 ] } },
{ "type": "Feature", "properties": { "Name": "SOS1_E_crest_072", "Code": null, "Northing": 305570.3412, "Easting": -34206.79702, "Elevation": 773.61101, "source_file": "20260318_SOS1_shpfile points.shp", "group": "SOS1", "direction": "E", "type": "crest", "sequence": 72, "full_name": "SOS1_E_crest_072", "should_make_line": true }, "geometry": { "type": "Point", "coordinates": [ 534132.250578930252232, 7261675.937618434429169, 773.611012987484628 ] } },
{ "type": "Feature", "properties": { "Name": "SOS1_E_crest_073", "Code": null, "Northing": 305570.66418000002, "Easting": -34214.93298, "Elevation": 773.86176, "source_file": "20260318_SOS1_shpfile points.shp", "group": "SOS1", "direction": "E", "type": "crest", "sequence": 73, "full_name": "SOS1_E_crest_073", "should_make_line": true }, "geometry": { "type": "Point", "coordinates": [ 534140.383254594053142, 7261675.614779511466622, 773.861762269328551 ] } },
{ "type": "Feature", "properties": { "Name": "SOS1_E_crest_074", "Code": null, "Northing": 305571.14101000002, "Easting": -34223.04769, "Elevation": 774.27372, "source_file": "20260318_SOS1_shpfile points.shp", "group": "SOS1", "direction": "E", "type": "crest", "sequence": 74, "full_name": "SOS1_E_crest_074", "should_make_line": true }, "geometry": { "type": "Point", "coordinates": [ 534148.494681946351193, 7261675.138134814798832, 774.273722876143097 ] } },
{ "type": "Feature", "properties": { "Name": "SOS1_E_crest_075", "Code": null, "Northing": 305571.0039, "Easting": -34228.43723, "Elevation": 774.144, "source_file": "20260318_SOS1_shpfile points.shp", "group": "SOS1", "direction": "E", "type": "crest", "sequence": 75, "full_name": "SOS1_E_crest_075", "should_make_line": true }, "geometry": { "type": "Point", "coordinates": [ 534153.882038932410069, 7261675.275188399478793, 774.144003746921726 ] } },
{ "type": "Feature", "properties": { "Name": "SOS1_E_crest_076", "Code": null, "Northing": 305571.00486, "Easting": -34233.07155, "Elevation": 774.21478, "source_file": "20260318_SOS1_shpfile points.shp", "group": "SOS1", "direction": "E", "type": "crest", "sequence": 76, "full_name": "SOS1_E_crest_076", "should_make_line": true }, "geometry": { "type": "Point", "coordinates": [ 534158.514487946638837, 7261675.274229815229774, 774.21478352024053 ] } },
{ "type": "Feature", "properties": { "Name": "SOS1_E_crest_077", "Code": null, "Northing": 305571.92602999997, "Easting": -34237.94436, "Elevation": 774.59772, "source_file": "20260318_SOS1_shpfile points.shp", "group": "SOS1", "direction": "E", "type": "crest", "sequence": 77, "full_name": "SOS1_E_crest_077", "should_make_line": true }, "geometry": { "type": "Point", "coordinates": [ 534163.385334767168388, 7261674.353436890989542, 774.597724067507556 ] } },
{ "type": "Feature", "properties": { "Name": "SOS1_E_crest_078", "Code": null, "Northing": 305572.2125, "Easting": -34238.34085, "Elevation": 774.3427, "source_file": "20260318_SOS1_shpfile points.shp", "group": "SOS1", "direction": "E", "type": "crest", "sequence": 78, "full_name": "SOS1_E_crest_078", "should_make_line": true }, "geometry": { "type": "Point", "coordinates": [ 534163.781658885651268, 7261674.067082137800753, 774.34270275607696 ] } },
{ "type": "Feature", "properties": { "Name": "SOS1_E_crest_079", "Code": null, "Northing": 305576.24031999998, "Easting": -34246.2058, "Elevation": 773.29229, "source_file": "20260318_SOS1_shpfile points.shp", "group": "SOS1", "direction": "E", "type": "crest", "sequence": 79, "full_name": "SOS1_E_crest_079", "should_make_line": true }, "geometry": { "type": "Point", "coordinates": [ 534171.643409638316371, 7261670.040886715985835, 773.292287633636647 ] } },
{ "type": "Feature", "properties": { "Name": "SOS1_E_crest_080", "Code": null, "Northing": 305581.05488000001, "Easting": -34254.44613, "Elevation": 772.75187, "source_file": "20260318_SOS1_shpfile points.shp", "group": "SOS1", "direction": "E", "type": "crest", "sequence": 80, "full_name": "SOS1_E_crest_080", "should_make_line": true }, "geometry": { "type": "Point", "coordinates": [ 534179.880400144145824, 7261665.22827048972249, 772.751868987410035 ] } },
{ "type": "Feature", "properties": { "Name": "SOS1_E_crest_081", "Code": null, "Northing": 305585.40423, "Easting": -34262.33202, "Elevation": 772.03833, "source_file": "20260318_SOS1_shpfile points.shp", "group": "SOS1", "direction": "E", "type": "crest", "sequence": 81, "full_name": "SOS1_E_crest_081", "should_make_line": true }, "geometry": { "type": "Point", "coordinates": [ 534187.763097634073347, 7261660.880678748711944, 772.038333016783668 ] } },
{ "type": "Feature", "properties": { "Name": "SOS1_E_crest_082", "Code": null, "Northing": 305590.46519000002, "Easting": -34270.45814, "Elevation": 771.36057, "source_file": "20260318_SOS1_shpfile points.shp", "group": "SOS1", "direction": "E", "type": "crest", "sequence": 82, "full_name": "SOS1_E_crest_082", "should_make_line": true }, "geometry": { "type": "Point", "coordinates": [ 534195.885918972664513, 7261655.821766726672649, 771.360571703300366 ] } },
{ "type": "Feature", "properties": { "Name": "SOS1_E_crest_083", "Code": null, "Northing": 305595.53743000003, "Easting": -34279.17354, "Elevation": 770.7166, "source_file": "20260318_SOS1_shpfile points.shp", "group": "SOS1", "direction": "E", "type": "crest", "sequence": 83, "full_name": "SOS1_E_crest_083", "should_make_line": true }, "geometry": { "type": "Point", "coordinates": [ 534204.597790247760713, 7261650.751576657406986, 770.716595406719648 ] } },
{ "type": "Feature", "properties": { "Name": "SOS1_E_crest_084", "Code": null, "Northing": 305599.82650999998, "Easting": -34286.69022, "Elevation": 770.2089, "source_file": "20260318_SOS1_shpfile points.shp", "group": "SOS1", "direction": "E", "type": "crest", "sequence": 84, "full_name": "SOS1_E_crest_084", "should_make_line": true }, "geometry": { "type": "Point", "coordinates": [ 534212.111424710368738, 7261646.464227309450507, 770.208901870287946 ] } },
{ "type": "Feature", "properties": { "Name": "SOS1_E_crest_085", "Code": null, "Northing": 305604.10165000003, "Easting": -34294.10883, "Elevation": 769.67047, "source_file": "20260318_SOS1_shpfile points.shp", "group": "SOS1", "direction": "E", "type": "crest", "sequence": 85, "full_name": "SOS1_E_crest_085", "should_make_line": true }, "geometry": { "type": "Point", "coordinates": [ 534219.527022964903153, 7261642.190815913490951, 769.670473903528659 ] } },
{ "type": "Feature", "properties": { "Name": "SOS1_E_crest_086", "Code": null, "Northing": 305609.48829000001, "Easting": -34303.17388, "Elevation": 769.2202, "source_file": "20260318_SOS1_shpfile points.shp", "group": "SOS1", "direction": "E", "type": "crest", "sequence": 86, "full_name": "SOS1_E_crest_086", "should_make_line": true }, "geometry": { "type": "Point", "coordinates": [ 534228.588404456502758, 7261636.80635604634881, 769.220196634883337 ] } },
{ "type": "Feature", "properties": { "Name": "SOS1_E_crest_087", "Code": null, "Northing": 305614.25627000001, "Easting": -34310.66054, "Elevation": 768.91143, "source_file": "20260318_SOS1_shpfile points.shp", "group": "SOS1", "direction": "E", "type": "crest", "sequence": 87, "full_name": "SOS1_E_crest_087", "should_make_line": true }, "geometry": { "type": "Point", "coordinates": [ 534236.072030458366498, 7261632.040304436348379, 768.911428385140653 ] } },
{ "type": "Feature", "properties": { "Name": "SOS1_E_crest_088", "Code": null, "Northing": 305619.65654, "Easting": -34318.9153, "Elevation": 768.62188, "source_file": "20260318_SOS1_shpfile points.shp", "group": "SOS1", "direction": "E", "type": "crest", "sequence": 88, "full_name": "SOS1_E_crest_088", "should_make_line": true }, "geometry": { "type": "Point", "coordinates": [ 534244.323448495357297, 7261626.642221493646502, 768.621880008707535 ] } },
{ "type": "Feature", "properties": { "Name": "SOS1_E_crest_089", "Code": null, "Northing": 305624.82788, "Easting": -34326.91784, "Elevation": 768.21441, "source_file": "20260318_SOS1_shpfile points.shp", "group": "SOS1", "direction": "E", "type": "crest", "sequence": 89, "full_name": "SOS1_E_crest_089", "should_make_line": true }, "geometry": { "type": "Point", "coordinates": [ 534252.322747193276882, 7261621.472966933622956, 768.214411401560028 ] } },
{ "type": "Feature", "properties": { "Name": "SOS1_E_crest_090", "Code": null, "Northing": 305629.77711999998, "Easting": -34333.77458, "Elevation": 768.01755, "source_file": "20260318_SOS1_shpfile points.shp", "group": "SOS1", "direction": "E", "type": "crest", "sequence": 90, "full_name": "SOS1_E_crest_090", "should_make_line": true }, "geometry": { "type": "Point", "coordinates": [ 534259.17671068070922, 7261616.525730008259416, 768.017550807626662 ] } },
{ "type": "Feature", "properties": { "Name": "SOS1_E_crest_091", "Code": null, "Northing": 305634.91911999998, "Easting": -34341.29259, "Elevation": 767.59256, "source_file": "20260318_SOS1_shpfile points.shp", "group": "SOS1", "direction": "E", "type": "crest", "sequence": 91, "full_name": "SOS1_E_crest_091", "should_make_line": true }, "geometry": { "type": "Point", "coordinates": [ 534266.691669203923084, 7261611.385815204121172, 767.592557112942131 ] } },
{ "type": "Feature", "properties": { "Name": "SOS1_E_crest_092", "Code": null, "Northing": 305640.95127999998, "Easting": -34349.36965, "Elevation": 767.19525, "source_file": "20260318_SOS1_shpfile points.shp", "group": "SOS1", "direction": "E", "type": "crest", "sequence": 92, "full_name": "SOS1_E_crest_092", "should_make_line": true }, "geometry": { "type": "Point", "coordinates": [ 534274.765459153801203, 7261605.356094293296337, 767.195252186706512 ] } },
{ "type": "Feature", "properties": { "Name": "SOS1_E_crest_093", "Code": null, "Northing": 305647.00540999998, "Easting": -34356.36313, "Elevation": 767.01188, "source_file": "20260318_SOS1_shpfile points.shp", "group": "SOS1", "direction": "E", "type": "crest", "sequence": 93, "full_name": "SOS1_E_crest_093", "should_make_line": true }, "geometry": { "type": "Point", "coordinates": [ 534281.756111274589784, 7261599.30440709926188, 767.011878293368682 ] } },
{ "type": "Feature", "properties": { "Name": "SOS1_E_crest_094", "Code": null, "Northing": 305652.38966, "Easting": -34363.07106, "Elevation": 766.44863, "source_file": "20260318_SOS1_shpfile points.shp", "group": "SOS1", "direction": "E", "type": "crest", "sequence": 94, "full_name": "SOS1_E_crest_094", "should_make_line": true }, "geometry": { "type": "Point", "coordinates": [ 534288.461315120337531, 7261593.92233700491488, 766.448632546201566 ] } },
{ "type": "Feature", "properties": { "Name": "SOS1_E_crest_095", "Code": null, "Northing": 305657.88183000003, "Easting": -34370.55535, "Elevation": 765.38591, "source_file": "20260318_SOS1_shpfile points.shp", "group": "SOS1", "direction": "E", "type": "crest", "sequence": 95, "full_name": "SOS1_E_crest_095", "should_make_line": true }, "geometry": { "type": "Point", "coordinates": [ 534295.942567737190984, 7261588.432383237406611, 765.38591371593759 ] } },
{ "type": "Feature", "properties": { "Name": "SOS1_E_crest_096", "Code": null, "Northing": 305663.85335, "Easting": -34377.45072, "Elevation": 764.53572, "source_file": "20260318_SOS1_shpfile points.shp", "group": "SOS1", "direction": "E", "type": "crest", "sequence": 96, "full_name": "SOS1_E_crest_096", "should_make_line": true }, "geometry": { "type": "Point", "coordinates": [ 534302.83513882686384, 7261582.463278144598007, 764.535716039717158 ] } },
{ "type": "Feature", "properties": { "Name": "SOS1_E_crest_097", "Code": null, "Northing": 305670.54835, "Easting": -34385.45249, "Elevation": 763.02369, "source_file": "20260318_SOS1_shpfile points.shp", "group": "SOS1", "direction": "E", "type": "crest", "sequence": 97, "full_name": "SOS1_E_crest_097", "should_make_line": true }, "geometry": { "type": "Point", "coordinates": [ 534310.833652817411348, 7261575.770983174443245, 763.023693253858823 ] } },
{ "type": "Feature", "properties": { "Name": "SOS1_E_crest_098", "Code": null, "Northing": 305677.73429, "Easting": -34391.26921, "Elevation": 762.13855, "source_file": "20260318_SOS1_shpfile points.shp", "group": "SOS1", "direction": "E", "type": "crest", "sequence": 98, "full_name": "SOS1_E_crest_098", "should_make_line": true }, "geometry": { "type": "Point", "coordinates": [ 534316.648011035867967, 7261568.58794304728508, 762.138550058851365 ] } },
{ "type": "Feature", "properties": { "Name": "SOS1_E_crest_099", "Code": null, "Northing": 305685.74216999998, "Easting": -34394.3851, "Elevation": 762.6981, "source_file": "20260318_SOS1_shpfile points.shp", "group": "SOS1", "direction": "E", "type": "crest", "sequence": 99, "full_name": "SOS1_E_crest_099", "should_make_line": true }, "geometry": { "type": "Point", "coordinates": [ 534319.762652998557314, 7261560.583303793333471, 762.69810371834069 ] } },
{ "type": "Feature", "properties": { "Name": "SOS1_E_crest_100", "Code": null, "Northing": 305691.61559, "Easting": -34395.36696, "Elevation": 763.95432, "source_file": "20260318_SOS1_shpfile points.shp", "group": "SOS1", "direction": "E", "type": "crest", "sequence": 100, "full_name": "SOS1_E_crest_100", "should_make_line": true }, "geometry": { "type": "Point", "coordinates": [ 534320.744123276439495, 7261554.712271954864264, 763.95431552510604 ] } },
{ "type": "Feature", "properties": { "Name": "SOS1_E_crest_101", "Code": null, "Northing": 305697.09066, "Easting": -34396.13204, "Elevation": 765.16749, "source_file": "20260318_SOS1_shpfile points.shp", "group": "SOS1", "direction": "E", "type": "crest", "sequence": 101, "full_name": "SOS1_E_crest_101", "should_make_line": true }, "geometry": { "type": "Point", "coordinates": [ 534321.508908408111893, 7261549.239415030926466, 765.167488207483871 ] } },
{ "type": "Feature", "properties": { "Name": "SOS1_E_crest_102", "Code": null, "Northing": 305704.6239, "Easting": -34397.66257, "Elevation": 766.73863, "source_file": "20260318_SOS1_shpfile points.shp", "group": "SOS1", "direction": "E", "type": "crest", "sequence": 102, "full_name": "SOS1_E_crest_102", "should_make_line": true }, "geometry": { "type": "Point", "coordinates": [ 534323.038832981139421, 7261541.709232376888394, 766.738629930334696 ] } },
{ "type": "Feature", "properties": { "Name": "SOS1_E_crest_103", "Code": null, "Northing": 305710.01591000002, "Easting": -34398.2184, "Elevation": 767.82342, "source_file": "20260318_SOS1_shpfile points.shp", "group": "SOS1", "direction": "E", "type": "crest", "sequence": 103, "full_name": "SOS1_E_crest_103", "should_make_line": true }, "geometry": { "type": "Point", "coordinates": [ 534323.594453129568137, 7261536.319403141736984, 767.823415692852222 ] } },
{ "type": "Feature", "properties": { "Name": "SOS1_E_crest_104", "Code": null, "Northing": 305715.78331000003, "Easting": -34398.71908, "Elevation": 768.92207, "source_file": "20260318_SOS1_shpfile points.shp", "group": "SOS1", "direction": "E", "type": "crest", "sequence": 104, "full_name": "SOS1_E_crest_104", "should_make_line": true }, "geometry": { "type": "Point", "coordinates": [ 534324.094942120253108, 7261530.554346900433302, 768.922069651046854 ] } },
{ "type": "Feature", "properties": { "Name": "SOS1_E_crest_105", "Code": null, "Northing": 305722.91703999997, "Easting": -34399.11966, "Elevation": 770.01279, "source_file": "20260318_SOS1_shpfile points.shp", "group": "SOS1", "direction": "E", "type": "crest", "sequence": 105, "full_name": "SOS1_E_crest_105", "should_make_line": true }, "geometry": { "type": "Point", "coordinates": [ 534324.495365088572726, 7261523.423509249463677, 770.012793145578826 ] } },
{ "type": "Feature", "properties": { "Name": "SOS1_E_crest_106", "Code": null, "Northing": 305729.47366999998, "Easting": -34400.08701, "Elevation": 771.48548, "source_file": "20260318_SOS1_shpfile points.shp", "group": "SOS1", "direction": "E", "type": "crest", "sequence": 106, "full_name": "SOS1_E_crest_106", "should_make_line": true }, "geometry": { "type": "Point", "coordinates": [ 534325.462344085448422, 7261516.869537042453885, 771.485477383438024 ] } },
{ "type": "Feature", "properties": { "Name": "SOS1_E_crest_107", "Code": null, "Northing": 305737.12548, "Easting": -34399.68589, "Elevation": 771.7714, "source_file": "20260318_SOS1_shpfile points.shp", "group": "SOS1", "direction": "E", "type": "crest", "sequence": 107, "full_name": "SOS1_E_crest_107", "should_make_line": true }, "geometry": { "type": "Point", "coordinates": [ 534325.061381668434478, 7261509.22082307934761, 771.771400111294042 ] } },
{ "type": "Feature", "properties": { "Name": "SOS1_E_crest_108", "Code": null, "Northing": 305744.8108, "Easting": -34399.7102, "Elevation": 772.53086, "source_file": "20260318_SOS1_shpfile points.shp", "group": "SOS1", "direction": "E", "type": "crest", "sequence": 108, "full_name": "SOS1_E_crest_108", "should_make_line": true }, "geometry": { "type": "Point", "coordinates": [ 534325.085691160173155, 7261501.538612741976976, 772.530856410679235 ] } },
{ "type": "Feature", "properties": { "Name": "SOS1_E_crest_109", "Code": null, "Northing": 305753.07866, "Easting": -34399.20992, "Elevation": 773.14159, "source_file": "20260318_SOS1_shpfile points.shp", "group": "SOS1", "direction": "E", "type": "crest", "sequence": 109, "full_name": "SOS1_E_crest_109", "should_make_line": true }, "geometry": { "type": "Point", "coordinates": [ 534324.585625215666369, 7261493.274101410061121, 773.1415899411586 ] } },
{ "type": "Feature", "properties": { "Name": "SOS1_E_crest_110", "Code": null, "Northing": 305759.83658, "Easting": -34398.76828, "Elevation": 773.58755, "source_file": "20260318_SOS1_shpfile points.shp", "group": "SOS1", "direction": "E", "type": "crest", "sequence": 110, "full_name": "SOS1_E_crest_110", "should_make_line": true }, "geometry": { "type": "Point", "coordinates": [ 534324.144162316108122, 7261486.518917099572718, 773.587549045034962 ] } },
{ "type": "Feature", "properties": { "Name": "SOS1_E_crest_111", "Code": null, "Northing": 305759.8448, "Easting": -34398.81755, "Elevation": 773.37861, "source_file": "20260318_SOS1_shpfile points.shp", "group": "SOS1", "direction": "E", "type": "crest", "sequence": 111, "full_name": "SOS1_E_crest_111", "should_make_line": true }, "geometry": { "type": "Point", "coordinates": [ 534324.19341454631649, 7261486.510702254250646, 773.378609904569316 ] } },
{ "type": "Feature", "properties": { "Name": "SOS1_E_crest_112", "Code": null, "Northing": 305768.39815999998, "Easting": -34397.98313, "Elevation": 773.99276, "source_file": "20260318_SOS1_shpfile points.shp", "group": "SOS1", "direction": "E", "type": "crest", "sequence": 112, "full_name": "SOS1_E_crest_112", "should_make_line": true }, "geometry": { "type": "Point", "coordinates": [ 534323.35933319281321, 7261477.960800003260374, 773.992760977888452 ] } },
{ "type": "Feature", "properties": { "Name": "SOS1_E_crest_113", "Code": null, "Northing": 305775.45016000001, "Easting": -34397.26359, "Elevation": 774.23587, "source_file": "20260318_SOS1_shpfile points.shp", "group": "SOS1", "direction": "E", "type": "crest", "sequence": 113, "full_name": "SOS1_E_crest_113", "should_make_line": true }, "geometry": { "type": "Point", "coordinates": [ 534322.640087567968294, 7261470.911656362935901, 774.235868944506024 ] } },
{ "type": "Feature", "properties": { "Name": "SOS1_E_crest_114", "Code": null, "Northing": 305784.62802, "Easting": -34396.08981, "Elevation": 774.61036, "source_file": "20260318_SOS1_shpfile points.shp", "group": "SOS1", "direction": "E", "type": "crest", "sequence": 114, "full_name": "SOS1_E_crest_114", "should_make_line": true }, "geometry": { "type": "Point", "coordinates": [ 534321.466792070306838, 7261461.737513797357678, 774.610364247848224 ] } },
{ "type": "Feature", "properties": { "Name": "SOS1_E_crest_115", "Code": null, "Northing": 305793.40245, "Easting": -34395.11763, "Elevation": 774.82215, "source_file": "20260318_SOS1_shpfile points.shp", "group": "SOS1", "direction": "E", "type": "crest", "sequence": 115, "full_name": "SOS1_E_crest_115", "should_make_line": true }, "geometry": { "type": "Point", "coordinates": [ 534320.495003832736984, 7261452.966638090088964, 774.822153847042841 ] } },
{ "type": "Feature", "properties": { "Name": "SOS1_E_crest_116", "Code": null, "Northing": 305803.37060999998, "Easting": -34393.89341, "Elevation": 774.98852, "source_file": "20260318_SOS1_shpfile points.shp", "group": "SOS1", "direction": "E", "type": "crest", "sequence": 116, "full_name": "SOS1_E_crest_116", "should_make_line": true }, "geometry": { "type": "Point", "coordinates": [ 534319.271277745836414, 7261443.002513779327273, 774.988517860865954 ] } },
{ "type": "Feature", "properties": { "Name": "SOS1_E_crest_117", "Code": null, "Northing": 305811.8515, "Easting": -34392.73583, "Elevation": 775.12179, "source_file": "20260318_SOS1_shpfile points.shp", "group": "SOS1", "direction": "E", "type": "crest", "sequence": 117, "full_name": "SOS1_E_crest_117", "should_make_line": true }, "geometry": { "type": "Point", "coordinates": [ 534318.114168811705895, 7261434.525047496892512, 775.12179296221052 ] } },
{ "type": "Feature", "properties": { "Name": "SOS1_E_crest_118", "Code": null, "Northing": 305822.13609, "Easting": -34391.33952, "Elevation": 775.19685, "source_file": "20260318_SOS1_shpfile points.shp", "group": "SOS1", "direction": "E", "type": "crest", "sequence": 118, "full_name": "SOS1_E_crest_118", "should_make_line": true }, "geometry": { "type": "Point", "coordinates": [ 534316.718429102678783, 7261424.244627201929688, 775.196845167865831 ] } },
{ "type": "Feature", "properties": { "Name": "SOS1_E_crest_119", "Code": null, "Northing": 305831.32997999998, "Easting": -34389.98666, "Elevation": 775.18888, "source_file": "20260318_SOS1_shpfile points.shp", "group": "SOS1", "direction": "E", "type": "crest", "sequence": 119, "full_name": "SOS1_E_crest_119", "should_make_line": true }, "geometry": { "type": "Point", "coordinates": [ 534315.36611487774644, 7261415.054449496790767, 775.188875180229388 ] } },
{ "type": "Feature", "properties": { "Name": "SOS1_E_crest_120", "Code": null, "Northing": 305839.99705000001, "Easting": -34388.68388, "Elevation": 775.23525, "source_file": "20260318_SOS1_shpfile points.shp", "group": "SOS1", "direction": "E", "type": "crest", "sequence": 120, "full_name": "SOS1_E_crest_120", "should_make_line": true }, "geometry": { "type": "Point", "coordinates": [ 534314.063863709452562, 7261406.390892880037427, 775.235252154070508 ] } },
{ "type": "Feature", "properties": { "Name": "SOS1_E_crest_121", "Code": null, "Northing": 305849.77837999997, "Easting": -34387.29787, "Elevation": 775.30685, "source_file": "20260318_SOS1_shpfile points.shp", "group": "SOS1", "direction": "E", "type": "crest", "sequence": 121, "full_name": "SOS1_E_crest_121", "should_make_line": true }, "geometry": { "type": "Point", "coordinates": [ 534312.67841432755813, 7261396.613516164943576, 775.306850159047372 ] } },
{ "type": "Feature", "properties": { "Name": "SOS1_E_crest_122", "Code": null, "Northing": 305860.0357, "Easting": -34385.961, "Elevation": 775.60444, "source_file": "20260318_SOS1_shpfile points.shp", "group": "SOS1", "direction": "E", "type": "crest", "sequence": 122, "full_name": "SOS1_E_crest_122", "should_make_line": true }, "geometry": { "type": "Point", "coordinates": [ 534311.342084583593532, 7261386.360347721725702, 775.604437259318956 ] } },
{ "type": "Feature", "properties": { "Name": "SOS1_E_crest_123", "Code": null, "Northing": 305869.14837000001, "Easting": -34384.9638, "Elevation": 775.77186, "source_file": "20260318_SOS1_shpfile points.shp", "group": "SOS1", "direction": "E", "type": "crest", "sequence": 123, "full_name": "SOS1_E_crest_123", "should_make_line": true }, "geometry": { "type": "Point", "coordinates": [ 534310.345288444426842, 7261377.251364400610328, 775.77185561689862 ] } },
{ "type": "Feature", "properties": { "Name": "SOS1_E_crest_124", "Code": null, "Northing": 305878.27495, "Easting": -34384.03774, "Elevation": 776.14816, "source_file": "20260318_SOS1_shpfile points.shp", "group": "SOS1", "direction": "E", "type": "crest", "sequence": 124, "full_name": "SOS1_E_crest_124", "should_make_line": true }, "geometry": { "type": "Point", "coordinates": [ 534309.419605696690269, 7261368.128486629575491, 776.148164901222685 ] } },
{ "type": "Feature", "properties": { "Name": "SOS1_E_crest_125", "Code": null, "Northing": 305886.32857000001, "Easting": -34383.35161, "Elevation": 776.63204, "source_file": "20260318_SOS1_shpfile points.shp", "group": "SOS1", "direction": "E", "type": "crest", "sequence": 125, "full_name": "SOS1_E_crest_125", "should_make_line": true }, "geometry": { "type": "Point", "coordinates": [ 534308.733759097289294, 7261360.078126110136509, 776.632040711838727 ] } },
{ "type": "Feature", "properties": { "Name": "SOS1_E_crest_126", "Code": null, "Northing": 305895.02285000001, "Easting": -34383.02238, "Elevation": 777.23236, "source_file": "20260318_SOS1_shpfile points.shp", "group": "SOS1", "direction": "E", "type": "crest", "sequence": 126, "full_name": "SOS1_E_crest_126", "should_make_line": true }, "geometry": { "type": "Point", "coordinates": [ 534308.404665376991034, 7261351.387365136295557, 777.232362396023746 ] } },
{ "type": "Feature", "properties": { "Name": "SOS1_E_crest_127", "Code": null, "Northing": 305903.06246, "Easting": -34383.18711, "Elevation": 777.90347, "source_file": "20260318_SOS1_shpfile points.shp", "group": "SOS1", "direction": "E", "type": "crest", "sequence": 127, "full_name": "SOS1_E_crest_127", "should_make_line": true }, "geometry": { "type": "Point", "coordinates": [ 534308.56933660316281, 7261343.351010045036674, 777.903473044567704 ] } },
{ "type": "Feature", "properties": { "Name": "SOS1_E_crest_128", "Code": null, "Northing": 305910.64389000001, "Easting": -34383.65003, "Elevation": 778.7803, "source_file": "20260318_SOS1_shpfile points.shp", "group": "SOS1", "direction": "E", "type": "crest", "sequence": 128, "full_name": "SOS1_E_crest_128", "should_make_line": true }, "geometry": { "type": "Point", "coordinates": [ 534309.032077057869174, 7261335.772651057690382, 778.780301351115554 ] } },
{ "type": "Feature", "properties": { "Name": "SOS1_E_crest_129", "Code": null, "Northing": 305917.71223, "Easting": -34383.97754, "Elevation": 780.20469, "source_file": "20260318_SOS1_shpfile points.shp", "group": "SOS1", "direction": "E", "type": "crest", "sequence": 129, "full_name": "SOS1_E_crest_129", "should_make_line": true }, "geometry": { "type": "Point", "coordinates": [ 534309.359469024464488, 7261328.707174025475979, 780.204691090670622 ] } },
{ "type": "Feature", "properties": { "Name": "SOS1_E_crest_130", "Code": null, "Northing": 305917.68962000002, "Easting": -34384.01333, "Elevation": 780.15748, "source_file": "20260318_SOS1_shpfile points.shp", "group": "SOS1", "direction": "E", "type": "crest", "sequence": 130, "full_name": "SOS1_E_crest_130", "should_make_line": true }, "geometry": { "type": "Point", "coordinates": [ 534309.395246738684364, 7261328.729774394072592, 780.157477962198982 ] } },
{ "type": "Feature", "properties": { "Name": "SOS1_E_crest_131", "Code": null, "Northing": 305921.43994000001, "Easting": -34385.2254, "Elevation": 780.77846, "source_file": "20260318_SOS1_shpfile points.shp", "group": "SOS1", "direction": "E", "type": "crest", "sequence": 131, "full_name": "SOS1_E_crest_131", "should_make_line": true }, "geometry": { "type": "Point", "coordinates": [ 534310.606828365474939, 7261324.980972599238157, 780.778456748648068 ] } },
{ "type": "Feature", "properties": { "Name": "SOS1_E_crest_132", "Code": null, "Northing": 305925.69144999998, "Easting": -34387.68287, "Elevation": 781.15532, "source_file": "20260318_SOS1_shpfile points.shp", "group": "SOS1", "direction": "E", "type": "crest", "sequence": 132, "full_name": "SOS1_E_crest_132", "should_make_line": true }, "geometry": { "type": "Point", "coordinates": [ 534313.063312802813016, 7261320.731186887249351, 781.155321903787808 ] } },
{ "type": "Feature", "properties": { "Name": "SOS1_E_crest_133", "Code": null, "Northing": 305930.51199000003, "Easting": -34391.52428, "Elevation": 781.59832, "source_file": "20260318_SOS1_shpfile points.shp", "group": "SOS1", "direction": "E", "type": "crest", "sequence": 133, "full_name": "SOS1_E_crest_133", "should_make_line": true }, "geometry": { "type": "Point", "coordinates": [ 534316.903171701589599, 7261315.912605027668178, 781.59832099750588 ] } },
{ "type": "Feature", "properties": { "Name": "SOS1_E_crest_134", "Code": null, "Northing": 305934.62115000002, "Easting": -34395.9479, "Elevation": 781.92857, "source_file": "20260318_SOS1_shpfile points.shp", "group": "SOS1", "direction": "E", "type": "crest", "sequence": 134, "full_name": "SOS1_E_crest_134", "should_make_line": true }, "geometry": { "type": "Point", "coordinates": [ 534321.325004862272181, 7261311.805100180208683, 781.928570985860802 ] } },
{ "type": "Feature", "properties": { "Name": "SOS1_E_crest_135", "Code": null, "Northing": 305938.55047999998, "Easting": -34400.95756, "Elevation": 782.21656, "source_file": "20260318_SOS1_shpfile points.shp", "group": "SOS1", "direction": "E", "type": "crest", "sequence": 135, "full_name": "SOS1_E_crest_135", "should_make_line": true }, "geometry": { "type": "Point", "coordinates": [ 534326.3326448246371, 7261307.87736519984901, 782.216564635153759 ] } },
{ "type": "Feature", "properties": { "Name": "SOS1_E_crest_136", "Code": null, "Northing": 305940.50989, "Easting": -34403.57435, "Elevation": 782.24554, "source_file": "20260318_SOS1_shpfile points.shp", "group": "SOS1", "direction": "E", "type": "crest", "sequence": 136, "full_name": "SOS1_E_crest_136", "should_make_line": true }, "geometry": { "type": "Point", "coordinates": [ 534328.948375676292926, 7261305.918744029477239, 782.245536892283553 ] } },
{ "type": "Feature", "properties": { "Name": "SOS1_W2_CREST_00", "Code": null, "Northing": 305917.55208, "Easting": -34381.9954, "Elevation": 779.13215, "source_file": "20260318_SOS1_shpfile points.shp", "group": "SOS1", "direction": "W2", "type": "CREST", "sequence": 0, "full_name": "SOS1_W2_CREST_00", "should_make_line": true }, "geometry": { "type": "Point", "coordinates": [ 534307.378119285800494, 7261328.867253216914833, 779.132146762418529 ] } },
{ "type": "Feature", "properties": { "Name": "SOS1_W2_CREST_00", "Code": null, "Northing": 305919.39737999998, "Easting": -34378.64746, "Elevation": 777.46267, "source_file": "20260318_SOS1_shpfile points.shp", "group": "SOS1", "direction": "W2", "type": "CREST", "sequence": 0, "full_name": "SOS1_W2_CREST_00", "should_make_line": true }, "geometry": { "type": "Point", "coordinates": [ 534304.03151927376166, 7261327.02270149346441, 777.462671093959671 ] } },
{ "type": "Feature", "properties": { "Name": "SOS1_W2_CREST_00", "Code": null, "Northing": 305921.32272, "Easting": -34375.18115, "Elevation": 775.66863, "source_file": "20260318_SOS1_shpfile points.shp", "group": "SOS1", "direction": "W2", "type": "CREST", "sequence": 0, "full_name": "SOS1_W2_CREST_00", "should_make_line": true }, "geometry": { "type": "Point", "coordinates": [ 534300.5665986899985, 7261325.098127923905849, 775.668629776588773 ] } },
{ "type": "Feature", "properties": { "Name": "SOS1_W2_CREST_00", "Code": null, "Northing": 305922.92416, "Easting": -34371.92871, "Elevation": 773.96389, "source_file": "20260318_SOS1_shpfile points.shp", "group": "SOS1", "direction": "W2", "type": "CREST", "sequence": 0, "full_name": "SOS1_W2_CREST_00", "should_make_line": true }, "geometry": { "type": "Point", "coordinates": [ 534297.315453511895612, 7261323.497333955951035, 773.963886462250343 ] } },
{ "type": "Feature", "properties": { "Name": "SOS1_W2_CREST_00", "Code": null, "Northing": 305924.39207, "Easting": -34369.15046, "Elevation": 772.46261, "source_file": "20260318_SOS1_shpfile points.shp", "group": "SOS1", "direction": "W2", "type": "CREST", "sequence": 0, "full_name": "SOS1_W2_CREST_00", "should_make_line": true }, "geometry": { "type": "Point", "coordinates": [ 534294.538313724799082, 7261322.030008014291525, 772.462606631246672 ] } },
{ "type": "Feature", "properties": { "Name": "SOS1_W2_CREST_00", "Code": null, "Northing": 305926.09443, "Easting": -34366.08598, "Elevation": 770.79902, "source_file": "20260318_SOS1_shpfile points.shp", "group": "SOS1", "direction": "W2", "type": "CREST", "sequence": 0, "full_name": "SOS1_W2_CREST_00", "should_make_line": true }, "geometry": { "type": "Point", "coordinates": [ 534291.475052778259851, 7261320.328332842327654, 770.799022787733293 ] } },
{ "type": "Feature", "properties": { "Name": "SOS1_W2_CREST_00", "Code": null, "Northing": 305927.65415000002, "Easting": -34362.76714, "Elevation": 769.20808, "source_file": "20260318_SOS1_shpfile points.shp", "group": "SOS1", "direction": "W2", "type": "CREST", "sequence": 0, "full_name": "SOS1_W2_CREST_00", "should_make_line": true }, "geometry": { "type": "Point", "coordinates": [ 534288.157544766436331, 7261318.769236842170358, 769.208079882642096 ] } },
{ "type": "Feature", "properties": { "Name": "SOS1_W2_CREST_00", "Code": null, "Northing": 305929.65824000002, "Easting": -34358.74198, "Elevation": 767.14669, "source_file": "20260318_SOS1_shpfile points.shp", "group": "SOS1", "direction": "W2", "type": "CREST", "sequence": 0, "full_name": "SOS1_W2_CREST_00", "should_make_line": true }, "geometry": { "type": "Point", "coordinates": [ 534284.133992084767669, 7261316.765952239744365, 767.146693611460591 ] } },
{ "type": "Feature", "properties": { "Name": "SOS1_W2_CREST_00", "Code": null, "Northing": 305931.88762, "Easting": -34354.29988, "Elevation": 764.86463, "source_file": "20260318_SOS1_shpfile points.shp", "group": "SOS1", "direction": "W2", "type": "CREST", "sequence": 0, "full_name": "SOS1_W2_CREST_00", "should_make_line": true }, "geometry": { "type": "Point", "coordinates": [ 534279.693664363818243, 7261314.537467293441296, 764.864630184232283 ] } },
{ "type": "Feature", "properties": { "Name": "SOS1_W2_CREST_01", "Code": null, "Northing": 305934.78927000001, "Easting": -34349.37732, "Elevation": 762.29569, "source_file": "20260318_SOS1_shpfile points.shp", "group": "SOS1", "direction": "W2", "type": "CREST", "sequence": 1, "full_name": "SOS1_W2_CREST_01", "should_make_line": true }, "geometry": { "type": "Point", "coordinates": [ 534274.773067300207913, 7261311.636986803263426, 762.295692783445588 ] } },
{ "type": "Feature", "properties": { "Name": "SOS1_W2_CREST_01", "Code": null, "Northing": 305938.42891999998, "Easting": -34343.30242, "Elevation": 759.23384, "source_file": "20260318_SOS1_shpfile points.shp", "group": "SOS1", "direction": "W2", "type": "CREST", "sequence": 1, "full_name": "SOS1_W2_CREST_01", "should_make_line": true }, "geometry": { "type": "Point", "coordinates": [ 534268.700600627111271, 7261307.998798305168748, 759.233844231322223 ] } },
{ "type": "Feature", "properties": { "Name": "SOS1_W2_CREST_01", "Code": null, "Northing": 305941.61439, "Easting": -34337.97686, "Elevation": 756.42058, "source_file": "20260318_SOS1_shpfile points.shp", "group": "SOS1", "direction": "W2", "type": "CREST", "sequence": 1, "full_name": "SOS1_W2_CREST_01", "should_make_line": true }, "geometry": { "type": "Point", "coordinates": [ 534263.377160018426366, 7261304.814604669809341, 756.420580784192225 ] } },
{ "type": "Feature", "properties": { "Name": "SOS1_W2_CREST_01", "Code": null, "Northing": 305945.20419000002, "Easting": -34332.2689, "Elevation": 753.4798, "source_file": "20260318_SOS1_shpfile points.shp", "group": "SOS1", "direction": "W2", "type": "CREST", "sequence": 1, "full_name": "SOS1_W2_CREST_01", "should_make_line": true }, "geometry": { "type": "Point", "coordinates": [ 534257.671485679340549, 7261301.226242956705391, 753.479796990605223 ] } },
{ "type": "Feature", "properties": { "Name": "SOS1_W2_CREST_01", "Code": null, "Northing": 305949.01886000001, "Easting": -34326.07273, "Elevation": 750.38523, "source_file": "20260318_SOS1_shpfile points.shp", "group": "SOS1", "direction": "W2", "type": "CREST", "sequence": 1, "full_name": "SOS1_W2_CREST_01", "should_make_line": true }, "geometry": { "type": "Point", "coordinates": [ 534251.477786732022651, 7261297.413111275061965, 750.385233426443051 ] } },
{ "type": "Feature", "properties": { "Name": "SOS1_W2_CREST_01", "Code": null, "Northing": 305953.03326, "Easting": -34319.58557, "Elevation": 747.14794, "source_file": "20260318_SOS1_shpfile points.shp", "group": "SOS1", "direction": "W2", "type": "CREST", "sequence": 1, "full_name": "SOS1_W2_CREST_01", "should_make_line": true }, "geometry": { "type": "Point", "coordinates": [ 534244.993221501703374, 7261293.400323988869786, 747.147943287354792 ] } },
{ "type": "Feature", "properties": { "Name": "SOS1_W2_CREST_01", "Code": null, "Northing": 305956.8762, "Easting": -34313.41248, "Elevation": 744.04494, "source_file": "20260318_SOS1_shpfile points.shp", "group": "SOS1", "direction": "W2", "type": "CREST", "sequence": 1, "full_name": "SOS1_W2_CREST_01", "should_make_line": true }, "geometry": { "type": "Point", "coordinates": [ 534238.822600739076734, 7261289.558926364406943, 744.044938238457689 ] } },
{ "type": "Feature", "properties": { "Name": "SOS1_W2_CREST_01", "Code": null, "Northing": 305960.93208, "Easting": -34307.10983, "Elevation": 741.01143, "source_file": "20260318_SOS1_shpfile points.shp", "group": "SOS1", "direction": "W2", "type": "CREST", "sequence": 1, "full_name": "SOS1_W2_CREST_01", "should_make_line": true }, "geometry": { "type": "Point", "coordinates": [ 534232.522465467802249, 7261285.504674704745412, 741.011434361329975 ] } },
{ "type": "Feature", "properties": { "Name": "SOS1_W2_CREST_01", "Code": null, "Northing": 305964.90219, "Easting": -34301.236, "Elevation": 738.10617, "source_file": "20260318_SOS1_shpfile points.shp", "group": "SOS1", "direction": "W2", "type": "CREST", "sequence": 1, "full_name": "SOS1_W2_CREST_01", "should_make_line": true }, "geometry": { "type": "Point", "coordinates": [ 534226.650981333106756, 7261281.536167208105326, 738.106171633981376 ] } },
{ "type": "Feature", "properties": { "Name": "SOS1_W2_CREST_01", "Code": null, "Northing": 305969.39177, "Easting": -34294.38218, "Elevation": 734.80938, "source_file": "20260318_SOS1_shpfile points.shp", "group": "SOS1", "direction": "W2", "type": "CREST", "sequence": 1, "full_name": "SOS1_W2_CREST_01", "should_make_line": true }, "geometry": { "type": "Point", "coordinates": [ 534219.79990428534802, 7261277.04839345626533, 734.809375911803045 ] } },
{ "type": "Feature", "properties": { "Name": "SOS1_W2_CREST_02", "Code": null, "Northing": 305974.0444, "Easting": -34287.56265, "Elevation": 731.57887, "source_file": "20260318_SOS1_shpfile points.shp", "group": "SOS1", "direction": "W2", "type": "CREST", "sequence": 2, "full_name": "SOS1_W2_CREST_02", "should_make_line": true }, "geometry": { "type": "Point", "coordinates": [ 534212.983097518910654, 7261272.397631741128862, 731.578865932969848 ] } },
{ "type": "Feature", "properties": { "Name": "SOS1_W2_CREST_02", "Code": null, "Northing": 305978.20893000002, "Easting": -34281.34851, "Elevation": 728.60208, "source_file": "20260318_SOS1_shpfile points.shp", "group": "SOS1", "direction": "W2", "type": "CREST", "sequence": 2, "full_name": "SOS1_W2_CREST_02", "should_make_line": true }, "geometry": { "type": "Point", "coordinates": [ 534206.771446864935569, 7261268.234773624688387, 728.602076622056529 ] } },
{ "type": "Feature", "properties": { "Name": "SOS1_W2_CREST_02", "Code": null, "Northing": 305982.88999, "Easting": -34274.50577, "Elevation": 725.46809, "source_file": "20260318_SOS1_shpfile points.shp", "group": "SOS1", "direction": "W2", "type": "CREST", "sequence": 2, "full_name": "SOS1_W2_CREST_02", "should_make_line": true }, "geometry": { "type": "Point", "coordinates": [ 534199.931442083325237, 7261263.555601762607694, 725.468085168555376 ] } },
{ "type": "Feature", "properties": { "Name": "SOS1_W2_CREST_02", "Code": null, "Northing": 305987.66076, "Easting": -34267.70311, "Elevation": 722.33213, "source_file": "20260318_SOS1_shpfile points.shp", "group": "SOS1", "direction": "W2", "type": "CREST", "sequence": 2, "full_name": "SOS1_W2_CREST_02", "should_make_line": true }, "geometry": { "type": "Point", "coordinates": [ 534193.131507568527013, 7261258.786753492429852, 722.332134502711256 ] } },
{ "type": "Feature", "properties": { "Name": "SOS1_W2_CREST_02", "Code": null, "Northing": 305992.73933000001, "Easting": -34260.53865, "Elevation": 719.06125, "source_file": "20260318_SOS1_shpfile points.shp", "group": "SOS1", "direction": "W2", "type": "CREST", "sequence": 2, "full_name": "SOS1_W2_CREST_02", "should_make_line": true }, "geometry": { "type": "Point", "coordinates": [ 534185.969908650266007, 7261253.710226965136826, 719.061254699459482 ] } },
{ "type": "Feature", "properties": { "Name": "SOS1_W2_CREST_02", "Code": null, "Northing": 305997.45255, "Easting": -34254.29766, "Elevation": 716.28738, "source_file": "20260318_SOS1_shpfile points.shp", "group": "SOS1", "direction": "W2", "type": "CREST", "sequence": 2, "full_name": "SOS1_W2_CREST_02", "should_make_line": true }, "geometry": { "type": "Point", "coordinates": [ 534179.73141188849695, 7261248.998897777870297, 716.287379995782544 ] } },
{ "type": "Feature", "properties": { "Name": "SOS1_W2_CREST_02", "Code": null, "Northing": 306002.63192999997, "Easting": -34247.50185, "Elevation": 713.30802, "source_file": "20260318_SOS1_shpfile points.shp", "group": "SOS1", "direction": "W2", "type": "CREST", "sequence": 2, "full_name": "SOS1_W2_CREST_02", "should_make_line": true }, "geometry": { "type": "Point", "coordinates": [ 534172.938328901072964, 7261243.821601334959269, 713.308022233552606 ] } },
{ "type": "Feature", "properties": { "Name": "SOS1_W2_CREST_02", "Code": null, "Northing": 306002.59531, "Easting": -34247.40106, "Elevation": 713.09368, "source_file": "20260318_SOS1_shpfile points.shp", "group": "SOS1", "direction": "W2", "type": "CREST", "sequence": 2, "full_name": "SOS1_W2_CREST_02", "should_make_line": true }, "geometry": { "type": "Point", "coordinates": [ 534172.837579300976358, 7261243.858208471909165, 713.093684995488957 ] } },
{ "type": "Feature", "properties": { "Name": "SOS1_W2_CREST_02", "Code": null, "Northing": 306003.81316999998, "Easting": -34245.87271, "Elevation": 712.61052, "source_file": "20260318_SOS1_shpfile points.shp", "group": "SOS1", "direction": "W2", "type": "CREST", "sequence": 2, "full_name": "SOS1_W2_CREST_02", "should_make_line": true }, "geometry": { "type": "Point", "coordinates": [ 534171.309841251233593, 7261242.640840072184801, 712.610519030832506 ] } },
{ "type": "Feature", "properties": { "Name": "SOS1_W2_CREST_02", "Code": null, "Northing": 306008.99394999997, "Easting": -34239.31452, "Elevation": 709.71664, "source_file": "20260318_SOS1_shpfile points.shp", "group": "SOS1", "direction": "W2", "type": "CREST", "sequence": 2, "full_name": "SOS1_W2_CREST_02", "should_make_line": true }, "geometry": { "type": "Point", "coordinates": [ 534164.754275367013179, 7261237.462147533893585, 709.716635804553334 ] } },
{ "type": "Feature", "properties": { "Name": "SOS1_W2_CREST_03", "Code": null, "Northing": 306014.27633000002, "Easting": -34232.54215, "Elevation": 706.87417, "source_file": "20260318_SOS1_shpfile points.shp", "group": "SOS1", "direction": "W2", "type": "CREST", "sequence": 3, "full_name": "SOS1_W2_CREST_03", "should_make_line": true }, "geometry": { "type": "Point", "coordinates": [ 534157.984615610796027, 7261232.181896777823567, 706.874165443680567 ] } },
{ "type": "Feature", "properties": { "Name": "SOS1_W2_CREST_03", "Code": null, "Northing": 306019.33966, "Easting": -34226.1029, "Elevation": 704.24742, "source_file": "20260318_SOS1_shpfile points.shp", "group": "SOS1", "direction": "W2", "type": "CREST", "sequence": 3, "full_name": "SOS1_W2_CREST_03", "should_make_line": true }, "geometry": { "type": "Point", "coordinates": [ 534151.547947478131391, 7261227.120603639632463, 704.247424267245947 ] } },
{ "type": "Feature", "properties": { "Name": "SOS1_W2_CREST_03", "Code": null, "Northing": 306024.65156000003, "Easting": -34219.22884, "Elevation": 701.50049, "source_file": "20260318_SOS1_shpfile points.shp", "group": "SOS1", "direction": "W2", "type": "CREST", "sequence": 3, "full_name": "SOS1_W2_CREST_03", "should_make_line": true }, "geometry": { "type": "Point", "coordinates": [ 534144.676635165000334, 7261221.810844535939395, 701.500491012573548 ] } },
{ "type": "Feature", "properties": { "Name": "SOS1_W2_CREST_03", "Code": null, "Northing": 306029.26591999998, "Easting": -34213.2905, "Elevation": 699.15556, "source_file": "20260318_SOS1_shpfile points.shp", "group": "SOS1", "direction": "W2", "type": "CREST", "sequence": 3, "full_name": "SOS1_W2_CREST_03", "should_make_line": true }, "geometry": { "type": "Point", "coordinates": [ 534138.740674037951976, 7261217.198343018069863, 699.15555888801407 ] } },
{ "type": "Feature", "properties": { "Name": "SOS1_W2_CREST_03", "Code": null, "Northing": 306033.94295, "Easting": -34207.26521, "Elevation": 696.76136, "source_file": "20260318_SOS1_shpfile points.shp", "group": "SOS1", "direction": "W2", "type": "CREST", "sequence": 3, "full_name": "SOS1_W2_CREST_03", "should_make_line": true }, "geometry": { "type": "Point", "coordinates": [ 534132.7177993087098, 7261212.523196568712592, 696.761360366360805 ] } },
{ "type": "Feature", "properties": { "Name": "SOS1_W2_CREST_03", "Code": null, "Northing": 306039.86578, "Easting": -34199.61148, "Elevation": 693.77153, "source_file": "20260318_SOS1_shpfile points.shp", "group": "SOS1", "direction": "W2", "type": "CREST", "sequence": 3, "full_name": "SOS1_W2_CREST_03", "should_make_line": true }, "geometry": { "type": "Point", "coordinates": [ 534125.067139218444936, 7261206.602755439467728, 693.77153056755435 ] } },
{ "type": "Feature", "properties": { "Name": "SOS1_W2_CREST_03", "Code": null, "Northing": 306044.66467000003, "Easting": -34193.28912, "Elevation": 691.34412, "source_file": "20260318_SOS1_shpfile points.shp", "group": "SOS1", "direction": "W2", "type": "CREST", "sequence": 3, "full_name": "SOS1_W2_CREST_03", "should_make_line": true }, "geometry": { "type": "Point", "coordinates": [ 534118.747307470301166, 7261201.805798606947064, 691.344116590940303 ] } },
{ "type": "Feature", "properties": { "Name": "SOS1_W2_CREST_03", "Code": null, "Northing": 306049.88396000001, "Easting": -34186.58054, "Elevation": 688.85423, "source_file": "20260318_SOS1_shpfile points.shp", "group": "SOS1", "direction": "W2", "type": "CREST", "sequence": 3, "full_name": "SOS1_W2_CREST_03", "should_make_line": true }, "geometry": { "type": "Point", "coordinates": [ 534112.041420564753935, 7261196.588606011122465, 688.8542309357249 ] } },
{ "type": "Feature", "properties": { "Name": "SOS1_W2_CREST_03", "Code": null, "Northing": 306055.35974, "Easting": -34179.93568, "Elevation": 686.50097, "source_file": "20260318_SOS1_shpfile points.shp", "group": "SOS1", "direction": "W2", "type": "CREST", "sequence": 3, "full_name": "SOS1_W2_CREST_03", "should_make_line": true }, "geometry": { "type": "Point", "coordinates": [ 534105.399219977669418, 7261191.115037059411407, 686.500966562002759 ] } },
{ "type": "Feature", "properties": { "Name": "SOS1_W2_CREST_03", "Code": null, "Northing": 306061.61362000002, "Easting": -34172.59183, "Elevation": 683.96854, "source_file": "20260318_SOS1_shpfile points.shp", "group": "SOS1", "direction": "W2", "type": "CREST", "sequence": 3, "full_name": "SOS1_W2_CREST_03", "should_make_line": true }, "geometry": { "type": "Point", "coordinates": [ 534098.058319689123891, 7261184.863678622990847, 683.968543391233766 ] } },
{ "type": "Feature", "properties": { "Name": "SOS1_W2_CREST_04", "Code": null, "Northing": 306068.3786, "Easting": -34164.38753, "Elevation": 681.27318, "source_file": "20260318_SOS1_shpfile points.shp", "group": "SOS1", "direction": "W2", "type": "CREST", "sequence": 4, "full_name": "SOS1_W2_CREST_04", "should_make_line": true }, "geometry": { "type": "Point", "coordinates": [ 534089.857313565677032, 7261178.101427745074034, 681.273176933399668 ] } },
{ "type": "Feature", "properties": { "Name": "SOS1_W2_CREST_04", "Code": null, "Northing": 306074.44728000002, "Easting": -34156.96621, "Elevation": 678.89896, "source_file": "20260318_SOS1_shpfile points.shp", "group": "SOS1", "direction": "W2", "type": "CREST", "sequence": 4, "full_name": "SOS1_W2_CREST_04", "should_make_line": true }, "geometry": { "type": "Point", "coordinates": [ 534082.438974249409512, 7261172.035199508070946, 678.898955612015016 ] } },
{ "type": "Feature", "properties": { "Name": "SOS1_W2_CREST_04", "Code": null, "Northing": 306080.13241999998, "Easting": -34149.79565, "Elevation": 676.62896, "source_file": "20260318_SOS1_shpfile points.shp", "group": "SOS1", "direction": "W2", "type": "CREST", "sequence": 4, "full_name": "SOS1_W2_CREST_04", "should_make_line": true }, "geometry": { "type": "Point", "coordinates": [ 534075.271285468828864, 7261166.352348197251558, 676.628958057452905 ] } },
{ "type": "Feature", "properties": { "Name": "SOS1_W2_CREST_04", "Code": null, "Northing": 306089.03272999998, "Easting": -34138.16318, "Elevation": 673.11191, "source_file": "20260318_SOS1_shpfile points.shp", "group": "SOS1", "direction": "W2", "type": "CREST", "sequence": 4, "full_name": "SOS1_W2_CREST_04", "should_make_line": true }, "geometry": { "type": "Point", "coordinates": [ 534063.643490180140361, 7261157.455624721944332, 673.111914364492918 ] } },
{ "type": "Feature", "properties": { "Name": "SOS1_W2_CREST_04", "Code": null, "Northing": 306094.54168000002, "Easting": -34130.57497, "Elevation": 670.98652, "source_file": "20260318_SOS1_shpfile points.shp", "group": "SOS1", "direction": "W2", "type": "CREST", "sequence": 4, "full_name": "SOS1_W2_CREST_04", "should_make_line": true }, "geometry": { "type": "Point", "coordinates": [ 534056.058326250873506, 7261151.948898058384657, 670.986522324243424 ] } },
{ "type": "Feature", "properties": { "Name": "SOS1_W2_CREST_04", "Code": null, "Northing": 306099.84632000001, "Easting": -34122.95668, "Elevation": 668.80364, "source_file": "20260318_SOS1_shpfile points.shp", "group": "SOS1", "direction": "W2", "type": "CREST", "sequence": 4, "full_name": "SOS1_W2_CREST_04", "should_make_line": true }, "geometry": { "type": "Point", "coordinates": [ 534048.443096714210697, 7261146.646395931020379, 668.803639557783072 ] } },
{ "type": "Feature", "properties": { "Name": "SOS1_W2_CREST_04", "Code": null, "Northing": 306105.64888, "Easting": -34114.65284, "Elevation": 666.50952, "source_file": "20260318_SOS1_shpfile points.shp", "group": "SOS1", "direction": "W2", "type": "CREST", "sequence": 4, "full_name": "SOS1_W2_CREST_04", "should_make_line": true }, "geometry": { "type": "Point", "coordinates": [ 534040.142599762417376, 7261140.846176411956549, 666.509517646395693 ] } },
{ "type": "Feature", "properties": { "Name": "SOS1_W2_CREST_04", "Code": null, "Northing": 306112.65074000001, "Easting": -34105.23945, "Elevation": 664.08854, "source_file": "20260318_SOS1_shpfile points.shp", "group": "SOS1", "direction": "W2", "type": "CREST", "sequence": 4, "full_name": "SOS1_W2_CREST_04", "should_make_line": true }, "geometry": { "type": "Point", "coordinates": [ 534030.732989924727008, 7261133.847141465172172, 664.088535161196432 ] } },
{ "type": "Feature", "properties": { "Name": "SOS1_W2_CREST_04", "Code": null, "Northing": 306117.84574999998, "Easting": -34098.01099, "Elevation": 662.4364, "source_file": "20260318_SOS1_shpfile points.shp", "group": "SOS1", "direction": "W2", "type": "CREST", "sequence": 4, "full_name": "SOS1_W2_CREST_04", "should_make_line": true }, "geometry": { "type": "Point", "coordinates": [ 534023.50744206411764, 7261128.654232233762741, 662.436402820193621 ] } },
{ "type": "Feature", "properties": { "Name": "SOS1_W2_CREST_04", "Code": null, "Northing": 306123.49608000001, "Easting": -34089.79032, "Elevation": 660.49414, "source_file": "20260318_SOS1_shpfile points.shp", "group": "SOS1", "direction": "W2", "type": "CREST", "sequence": 4, "full_name": "SOS1_W2_CREST_04", "should_make_line": true }, "geometry": { "type": "Point", "coordinates": [ 534015.290072219446301, 7261123.00617678463459, 660.494135792725956 ] } },
{ "type": "Feature", "properties": { "Name": "SOS1_W2_CREST_05", "Code": null, "Northing": 306129.0139, "Easting": -34080.90616, "Elevation": 658.50417, "source_file": "20260318_SOS1_shpfile points.shp", "group": "SOS1", "direction": "W2", "type": "CREST", "sequence": 5, "full_name": "SOS1_W2_CREST_05", "should_make_line": true }, "geometry": { "type": "Point", "coordinates": [ 534006.409488775301725, 7261117.490584603510797, 658.504174549501613 ] } },
{ "type": "Feature", "properties": { "Name": "SOS1_W2_CREST_05", "Code": null, "Northing": 306133.01268, "Easting": -34074.02288, "Elevation": 656.98211, "source_file": "20260318_SOS1_shpfile points.shp", "group": "SOS1", "direction": "W2", "type": "CREST", "sequence": 5, "full_name": "SOS1_W2_CREST_05", "should_make_line": true }, "geometry": { "type": "Point", "coordinates": [ 533999.528977377340198, 7261113.493415923789144, 656.982111278554839 ] } },
{ "type": "Feature", "properties": { "Name": "SOS1_W2_CREST_05", "Code": null, "Northing": 306138.37582000002, "Easting": -34064.71886, "Elevation": 655.05109, "source_file": "20260318_SOS1_shpfile points.shp", "group": "SOS1", "direction": "W2", "type": "CREST", "sequence": 5, "full_name": "SOS1_W2_CREST_05", "should_make_line": true }, "geometry": { "type": "Point", "coordinates": [ 533990.228701464133337, 7261108.132446214556694, 655.051088151411705 ] } },
{ "type": "Feature", "properties": { "Name": "SOS1_W2_CREST_05", "Code": null, "Northing": 306142.74913000001, "Easting": -34056.20009, "Elevation": 653.38083, "source_file": "20260318_SOS1_shpfile points.shp", "group": "SOS1", "direction": "W2", "type": "CREST", "sequence": 5, "full_name": "SOS1_W2_CREST_05", "should_make_line": true }, "geometry": { "type": "Point", "coordinates": [ 533981.713364535360597, 7261103.760899284854531, 653.380832347420323 ] } },
{ "type": "Feature", "properties": { "Name": "SOS1_W2_CREST_05", "Code": null, "Northing": 306146.6294, "Easting": -34048.36147, "Elevation": 651.76321, "source_file": "20260318_SOS1_shpfile points.shp", "group": "SOS1", "direction": "W2", "type": "CREST", "sequence": 5, "full_name": "SOS1_W2_CREST_05", "should_make_line": true }, "geometry": { "type": "Point", "coordinates": [ 533973.877895042998716, 7261099.882192982360721, 651.763208251862352 ] } },
{ "type": "Feature", "properties": { "Name": "SOS1_W2_CREST_05", "Code": null, "Northing": 306150.4967, "Easting": -34040.71968, "Elevation": 650.47668, "source_file": "20260318_SOS1_shpfile points.shp", "group": "SOS1", "direction": "W2", "type": "CREST", "sequence": 5, "full_name": "SOS1_W2_CREST_05", "should_make_line": true }, "geometry": { "type": "Point", "coordinates": [ 533966.239190990338102, 7261096.01645346544683, 650.476682536852195 ] } },
{ "type": "Feature", "properties": { "Name": "SOS1_W2_CREST_05", "Code": null, "Northing": 306153.01418, "Easting": -34034.88511, "Elevation": 649.43027, "source_file": "20260318_SOS1_shpfile points.shp", "group": "SOS1", "direction": "W2", "type": "CREST", "sequence": 5, "full_name": "SOS1_W2_CREST_05", "should_make_line": true }, "geometry": { "type": "Point", "coordinates": [ 533960.406966820009984, 7261093.499983327463269, 649.430270242751817 ] } },
{ "type": "Feature", "properties": { "Name": "SOS1_W2_CREST_05", "Code": null, "Northing": 306156.95908, "Easting": -34028.02082, "Elevation": 648.51006, "source_file": "20260318_SOS1_shpfile points.shp", "group": "SOS1", "direction": "W2", "type": "CREST", "sequence": 5, "full_name": "SOS1_W2_CREST_05", "should_make_line": true }, "geometry": { "type": "Point", "coordinates": [ 533953.545445759547874, 7261089.556680245324969, 648.510061476679311 ] } },
{ "type": "Feature", "properties": { "Name": "SOS1_W2_CREST_05", "Code": null, "Northing": 306161.29181000002, "Easting": -34020.21065, "Elevation": 647.61215, "source_file": "20260318_SOS1_shpfile points.shp", "group": "SOS1", "direction": "W2", "type": "CREST", "sequence": 5, "full_name": "SOS1_W2_CREST_05", "should_make_line": true }, "geometry": { "type": "Point", "coordinates": [ 533945.738422614871524, 7261085.225698662921786, 647.612147614740024 ] } },
{ "type": "Feature", "properties": { "Name": "SOS1_W2_CREST_05", "Code": null, "Northing": 306164.78470999998, "Easting": -34013.67655, "Elevation": 646.91534, "source_file": "20260318_SOS1_shpfile points.shp", "group": "SOS1", "direction": "W2", "type": "CREST", "sequence": 5, "full_name": "SOS1_W2_CREST_05", "should_make_line": true }, "geometry": { "type": "Point", "coordinates": [ 533939.206961032468826, 7261081.734212810173631, 646.915337796540257 ] } },
{ "type": "Feature", "properties": { "Name": "SOS1_W2_CREST_06", "Code": null, "Northing": 306169.39094000001, "Easting": -34004.86475, "Elevation": 646.07675, "source_file": "20260318_SOS1_shpfile points.shp", "group": "SOS1", "direction": "W2", "type": "CREST", "sequence": 6, "full_name": "SOS1_W2_CREST_06", "should_make_line": true }, "geometry": { "type": "Point", "coordinates": [ 533930.398721294128336, 7261077.129840473644435, 646.076746431036781 ] } },
{ "type": "Feature", "properties": { "Name": "SOS1_W2_CREST_06", "Code": null, "Northing": 306173.53212, "Easting": -33995.98007, "Elevation": 645.29022, "source_file": "20260318_SOS1_shpfile points.shp", "group": "SOS1", "direction": "W2", "type": "CREST", "sequence": 6, "full_name": "SOS1_W2_CREST_06", "should_make_line": true }, "geometry": { "type": "Point", "coordinates": [ 533921.517632328555919, 7261072.990331286564469, 645.290220643193607 ] } },
{ "type": "Feature", "properties": { "Name": "SOS1_W2_CREST_06", "Code": null, "Northing": 306177.15834999998, "Easting": -33987.35293, "Elevation": 644.43364, "source_file": "20260318_SOS1_shpfile points.shp", "group": "SOS1", "direction": "W2", "type": "CREST", "sequence": 6, "full_name": "SOS1_W2_CREST_06", "should_make_line": true }, "geometry": { "type": "Point", "coordinates": [ 533912.89397028228268, 7261069.365571049973369, 644.433643763887517 ] } },
{ "type": "Feature", "properties": { "Name": "SOS1_W2_CREST_06", "Code": null, "Northing": 306180.18855999998, "Easting": -33979.57464, "Elevation": 643.70096, "source_file": "20260318_SOS1_shpfile points.shp", "group": "SOS1", "direction": "W2", "type": "CREST", "sequence": 6, "full_name": "SOS1_W2_CREST_06", "should_make_line": true }, "geometry": { "type": "Point", "coordinates": [ 533905.118822400690988, 7261066.336580190807581, 643.700964367881852 ] } },
{ "type": "Feature", "properties": { "Name": "SOS1_N_bowl_001", "Code": null, "Northing": 306179.3181, "Easting": -33975.6578, "Elevation": 642.22405, "source_file": "20260318_SOS1_shpfile points.shp", "group": "SOS1", "direction": "N", "type": "bowl", "sequence": 1, "full_name": "SOS1_N_bowl_001", "should_make_line": true }, "geometry": { "type": "Point", "coordinates": [ 533901.203546370612457, 7261067.206690282560885, 642.224045443944647 ] } },
{ "type": "Feature", "properties": { "Name": "SOS1_N_bowl_002", "Code": null, "Northing": 306176.1648, "Easting": -33974.13356, "Elevation": 640.23084, "source_file": "20260318_SOS1_shpfile points.shp", "group": "SOS1", "direction": "N", "type": "bowl", "sequence": 2, "full_name": "SOS1_N_bowl_002", "should_make_line": true }, "geometry": { "type": "Point", "coordinates": [ 533899.679906233213842, 7261070.358700132928789, 640.230843912700266 ] } },
{ "type": "Feature", "properties": { "Name": "SOS1_N_bowl_003", "Code": null, "Northing": 306170.2658, "Easting": -33971.13672, "Elevation": 636.31589, "source_file": "20260318_SOS1_shpfile points.shp", "group": "SOS1", "direction": "N", "type": "bowl", "sequence": 3, "full_name": "SOS1_N_bowl_003", "should_make_line": true }, "geometry": { "type": "Point", "coordinates": [ 533896.684236063621938, 7261076.255304089747369, 636.315887800802557 ] } },
{ "type": "Feature", "properties": { "Name": "SOS1_N_bowl_004", "Code": null, "Northing": 306163.08343, "Easting": -33967.31939, "Elevation": 631.54596, "source_file": "20260318_SOS1_shpfile points.shp", "group": "SOS1", "direction": "N", "type": "bowl", "sequence": 4, "full_name": "SOS1_N_bowl_004", "should_make_line": true }, "geometry": { "type": "Point", "coordinates": [ 533892.868406092748046, 7261083.434744697064161, 631.545959746091739 ] } },
{ "type": "Feature", "properties": { "Name": "SOS1_N_bowl_005", "Code": null, "Northing": 306152.98151000001, "Easting": -33961.52404, "Elevation": 624.78239, "source_file": "20260318_SOS1_shpfile points.shp", "group": "SOS1", "direction": "N", "type": "bowl", "sequence": 5, "full_name": "SOS1_N_bowl_005", "should_make_line": true }, "geometry": { "type": "Point", "coordinates": [ 533887.075335708796047, 7261093.532559985294938, 624.782391449920397 ] } },
{ "type": "Feature", "properties": { "Name": "SOS1_N_bowl_006", "Code": null, "Northing": 306135.74122000003, "Easting": -33952.47474, "Elevation": 613.8464, "source_file": "20260318_SOS1_shpfile points.shp", "group": "SOS1", "direction": "N", "type": "bowl", "sequence": 6, "full_name": "SOS1_N_bowl_006", "should_make_line": true }, "geometry": { "type": "Point", "coordinates": [ 533878.029587958939373, 7261110.765828799456358, 613.846401783298688 ] } },
{ "type": "Feature", "properties": { "Name": "SOS1_N_bowl_007", "Code": null, "Northing": 306127.4267, "Easting": -33947.48264, "Elevation": 609.05548, "source_file": "20260318_SOS1_shpfile points.shp", "group": "SOS1", "direction": "N", "type": "bowl", "sequence": 7, "full_name": "SOS1_N_bowl_007", "should_make_line": true }, "geometry": { "type": "Point", "coordinates": [ 533873.039460790809244, 7261119.076974073424935, 609.055482209792672 ] } },
{ "type": "Feature", "properties": { "Name": "SOS1_N_bowl_008", "Code": null, "Northing": 306117.96274, "Easting": -33943.41135, "Elevation": 604.53687, "source_file": "20260318_SOS1_shpfile points.shp", "group": "SOS1", "direction": "N", "type": "bowl", "sequence": 8, "full_name": "SOS1_N_bowl_008", "should_make_line": true }, "geometry": { "type": "Point", "coordinates": [ 533868.969773235265166, 7261128.537090551108122, 604.536874812276437 ] } },
{ "type": "Feature", "properties": { "Name": "SOS1_N_bowl_009", "Code": null, "Northing": 306103.11414000002, "Easting": -33933.03539, "Elevation": 598.25106, "source_file": "20260318_SOS1_shpfile points.shp", "group": "SOS1", "direction": "N", "type": "bowl", "sequence": 9, "full_name": "SOS1_N_bowl_009", "should_make_line": true }, "geometry": { "type": "Point", "coordinates": [ 533858.597946434631012, 7261143.379654073156416, 598.251056059209077 ] } },
{ "type": "Feature", "properties": { "Name": "SOS1_N_bowl_010", "Code": null, "Northing": 306090.58281, "Easting": -33921.76455, "Elevation": 593.73023, "source_file": "20260318_SOS1_shpfile points.shp", "group": "SOS1", "direction": "N", "type": "bowl", "sequence": 10, "full_name": "SOS1_N_bowl_010", "should_make_line": true }, "geometry": { "type": "Point", "coordinates": [ 533847.33162290987093, 7261155.905897437594831, 593.730233884861377 ] } },
{ "type": "Feature", "properties": { "Name": "SOS1_N_bowl_011", "Code": null, "Northing": 306052.53512999997, "Easting": -33880.54513, "Elevation": 583.98683, "source_file": "20260318_SOS1_shpfile points.shp", "group": "SOS1", "direction": "N", "type": "bowl", "sequence": 11, "full_name": "SOS1_N_bowl_011", "should_make_line": true }, "geometry": { "type": "Point", "coordinates": [ 533806.128774900222197, 7261193.93814885802567, 583.986832812708599 ] } },
{ "type": "Feature", "properties": { "Name": "SOS1_N_bowl_012", "Code": null, "Northing": 306036.28992000001, "Easting": -33862.30201, "Elevation": 581.09157, "source_file": "20260318_SOS1_shpfile points.shp", "group": "SOS1", "direction": "N", "type": "bowl", "sequence": 12, "full_name": "SOS1_N_bowl_012", "should_make_line": true }, "geometry": { "type": "Point", "coordinates": [ 533787.89301127102226, 7261210.176778100430965, 581.091574069897547 ] } },
{ "type": "Feature", "properties": { "Name": "SOS1_N_bowl_013", "Code": null, "Northing": 306017.5632, "Easting": -33844.22935, "Elevation": 578.14585, "source_file": "20260318_SOS1_shpfile points.shp", "group": "SOS1", "direction": "N", "type": "bowl", "sequence": 13, "full_name": "SOS1_N_bowl_013", "should_make_line": true }, "geometry": { "type": "Point", "coordinates": [ 533769.82764019316528, 7261228.895912945270538, 578.145847592441669 ] } },
{ "type": "Feature", "properties": { "Name": "SOS1_N_bowl_014", "Code": null, "Northing": 305999.44471000001, "Easting": -33823.65847, "Elevation": 575.78009, "source_file": "20260318_SOS1_shpfile points.shp", "group": "SOS1", "direction": "N", "type": "bowl", "sequence": 14, "full_name": "SOS1_N_bowl_014", "should_make_line": true }, "geometry": { "type": "Point", "coordinates": [ 533749.265054026385769, 7261247.007060286588967, 575.780087554849501 ] } },
{ "type": "Feature", "properties": { "Name": "SOS1_N_bowl_015", "Code": null, "Northing": 305984.83496000001, "Easting": -33805.97196, "Elevation": 574.26315, "source_file": "20260318_SOS1_shpfile points.shp", "group": "SOS1", "direction": "N", "type": "bowl", "sequence": 15, "full_name": "SOS1_N_bowl_015", "should_make_line": true }, "geometry": { "type": "Point", "coordinates": [ 533731.585687755490653, 7261261.610889231786132, 574.263146375710221 ] } },
{ "type": "Feature", "properties": { "Name": "SOS1_N_bowl_016", "Code": null, "Northing": 305965.91498, "Easting": -33784.05087, "Elevation": 572.43795, "source_file": "20260318_SOS1_shpfile points.shp", "group": "SOS1", "direction": "N", "type": "bowl", "sequence": 16, "full_name": "SOS1_N_bowl_016", "should_make_line": true }, "geometry": { "type": "Point", "coordinates": [ 533709.673450397676788, 7261280.523205157369375, 572.437949360156153 ] } },
{ "type": "Feature", "properties": { "Name": "SOS1_N_bowl_017", "Code": null, "Northing": 305947.32688000001, "Easting": -33762.64719, "Elevation": 570.50714, "source_file": "20260318_SOS1_shpfile points.shp", "group": "SOS1", "direction": "N", "type": "bowl", "sequence": 17, "full_name": "SOS1_N_bowl_017", "should_make_line": true }, "geometry": { "type": "Point", "coordinates": [ 533688.278414230793715, 7261299.103783506900072, 570.507141490822505 ] } },
{ "type": "Feature", "properties": { "Name": "SOS1_N_bowl_018", "Code": null, "Northing": 305926.36914000002, "Easting": -33743.97523, "Elevation": 567.6409, "source_file": "20260318_SOS1_shpfile points.shp", "group": "SOS1", "direction": "N", "type": "bowl", "sequence": 18, "full_name": "SOS1_N_bowl_018", "should_make_line": true }, "geometry": { "type": "Point", "coordinates": [ 533669.613979087793268, 7261320.053027600981295, 567.640900352488984 ] } },
{ "type": "Feature", "properties": { "Name": "SOS1_N_bowl_019", "Code": null, "Northing": 305910.20038, "Easting": -33729.05011, "Elevation": 565.8548, "source_file": "20260318_SOS1_shpfile points.shp", "group": "SOS1", "direction": "N", "type": "bowl", "sequence": 19, "full_name": "SOS1_N_bowl_019", "should_make_line": true }, "geometry": { "type": "Point", "coordinates": [ 533654.694876354536973, 7261336.215240936726332, 565.854795697433133 ] } },
{ "type": "Feature", "properties": { "Name": "SOS1_N_bowl_020", "Code": null, "Northing": 305880.33296000003, "Easting": -33698.96982, "Elevation": 565.80707, "source_file": "20260318_SOS1_shpfile points.shp", "group": "SOS1", "direction": "N", "type": "bowl", "sequence": 20, "full_name": "SOS1_N_bowl_020", "should_make_line": true }, "geometry": { "type": "Point", "coordinates": [ 533624.626759249134921, 7261366.070572566241026, 565.807070007550692 ] } },
{ "type": "Feature", "properties": { "Name": "SOS1_N_bowl_021", "Code": null, "Northing": 305865.58334999997, "Easting": -33681.23619, "Elevation": 565.8054, "source_file": "20260318_SOS1_shpfile points.shp", "group": "SOS1", "direction": "N", "type": "bowl", "sequence": 21, "full_name": "SOS1_N_bowl_021", "should_make_line": true }, "geometry": { "type": "Point", "coordinates": [ 533606.900300779030658, 7261380.814223339781165, 565.805397526532829 ] } },
{ "type": "Feature", "properties": { "Name": "SOS1_N_bowl_022", "Code": null, "Northing": 305837.35959000001, "Easting": -33647.26681, "Elevation": 566.01108, "source_file": "20260318_SOS1_shpfile points.shp", "group": "SOS1", "direction": "N", "type": "bowl", "sequence": 22, "full_name": "SOS1_N_bowl_022", "should_make_line": true }, "geometry": { "type": "Point", "coordinates": [ 533572.944673203863204, 7261409.026558447629213, 566.011079617165819 ] } },
{ "type": "Feature", "properties": { "Name": "SOS1_N_bowl_023", "Code": null, "Northing": 305809.46545000002, "Easting": -33613.71038, "Elevation": 566.25022, "source_file": "20260318_SOS1_shpfile points.shp", "group": "SOS1", "direction": "N", "type": "bowl", "sequence": 23, "full_name": "SOS1_N_bowl_023", "should_make_line": true }, "geometry": { "type": "Point", "coordinates": [ 533539.401819857652299, 7261436.909410357475281, 566.25021666144039 ] } },
{ "type": "Feature", "properties": { "Name": "SOS1_N_bowl_024", "Code": null, "Northing": 305791.40535999998, "Easting": -33592.84443, "Elevation": 566.09106, "source_file": "20260318_SOS1_shpfile points.shp", "group": "SOS1", "direction": "N", "type": "bowl", "sequence": 24, "full_name": "SOS1_N_bowl_024", "should_make_line": true }, "geometry": { "type": "Point", "coordinates": [ 533518.544314012862742, 7261454.962196290493011, 566.091061393300947 ] } },
{ "type": "Feature", "properties": { "Name": "SOS1_N_bowl_025", "Code": null, "Northing": 305741.64632, "Easting": -33546.69792, "Elevation": 565.90679, "source_file": "20260318_SOS1_shpfile points.shp", "group": "SOS1", "direction": "N", "type": "bowl", "sequence": 25, "full_name": "SOS1_N_bowl_025", "should_make_line": true }, "geometry": { "type": "Point", "coordinates": [ 533472.416478459374048, 7261504.70109872892499, 565.90678538997588 ] } },
{ "type": "Feature", "properties": { "Name": "SOS1_N_bowl_026", "Code": null, "Northing": 305722.33362, "Easting": -33540.58222, "Elevation": 566.12587, "source_file": "20260318_SOS1_shpfile points.shp", "group": "SOS1", "direction": "N", "type": "bowl", "sequence": 26, "full_name": "SOS1_N_bowl_026", "should_make_line": true }, "geometry": { "type": "Point", "coordinates": [ 533466.303250471013598, 7261524.005991032347083, 566.125872128834772 ] } },
{ "type": "Feature", "properties": { "Name": "SOS1_N_bowl_027", "Code": null, "Northing": 305689.28969000001, "Easting": -33526.08319, "Elevation": 566.3574, "source_file": "20260318_SOS1_shpfile points.shp", "group": "SOS1", "direction": "N", "type": "bowl", "sequence": 27, "full_name": "SOS1_N_bowl_027", "should_make_line": true }, "geometry": { "type": "Point", "coordinates": [ 533451.810090659651905, 7261557.036549707874656, 566.357399365068773 ] } },
{ "type": "Feature", "properties": { "Name": "SOS1_N_bowl_028", "Code": null, "Northing": 305663.79332, "Easting": -33481.37295, "Elevation": 567.33258, "source_file": "20260318_SOS1_shpfile points.shp", "group": "SOS1", "direction": "N", "type": "bowl", "sequence": 28, "full_name": "SOS1_N_bowl_028", "should_make_line": true }, "geometry": { "type": "Point", "coordinates": [ 533407.117950118728913, 7261582.522608699277043, 567.332577708542431 ] } },
{ "type": "Feature", "properties": { "Name": "SOS1_N_bowl_029", "Code": null, "Northing": 305666.06642, "Easting": -33412.51966, "Elevation": 563.23755, "source_file": "20260318_SOS1_shpfile points.shp", "group": "SOS1", "direction": "N", "type": "bowl", "sequence": 29, "full_name": "SOS1_N_bowl_029", "should_make_line": true }, "geometry": { "type": "Point", "coordinates": [ 533338.292479978641495, 7261580.250406391918659, 563.237547127622634 ] } },
{ "type": "Feature", "properties": { "Name": "SOS1_N_bowl_030", "Code": null, "Northing": 305651.08696, "Easting": -33389.12519, "Elevation": 565.04784, "source_file": "20260318_SOS1_shpfile points.shp", "group": "SOS1", "direction": "N", "type": "bowl", "sequence": 30, "full_name": "SOS1_N_bowl_030", "should_make_line": true }, "geometry": { "type": "Point", "coordinates": [ 533314.90749880601652, 7261595.223819028586149, 565.047842247767335 ] } },
{ "type": "Feature", "properties": { "Name": "SOS1_N_bowl_031", "Code": null, "Northing": 305645.23297000001, "Easting": -33379.3642, "Elevation": 565.99132, "source_file": "20260318_SOS1_shpfile points.shp", "group": "SOS1", "direction": "N", "type": "bowl", "sequence": 31, "full_name": "SOS1_N_bowl_031", "should_make_line": true }, "geometry": { "type": "Point", "coordinates": [ 533305.150462203077041, 7261601.075439100153744, 565.991321848716098 ] } },
{ "type": "Feature", "properties": { "Name": "SOS1_N_bowl_032", "Code": null, "Northing": 305643.19497000001, "Easting": -33374.45246, "Elevation": 566.53414, "source_file": "20260318_SOS1_shpfile points.shp", "group": "SOS1", "direction": "N", "type": "bowl", "sequence": 32, "full_name": "SOS1_N_bowl_032", "should_make_line": true }, "geometry": { "type": "Point", "coordinates": [ 533300.240712950238958, 7261603.112620687112212, 566.534136568811846 ] } },
{ "type": "Feature", "properties": { "Name": "SOS1_N_bowl_033", "Code": null, "Northing": 305640.13581000001, "Easting": -33368.95784, "Elevation": 567.34311, "source_file": "20260318_SOS1_shpfile points.shp", "group": "SOS1", "direction": "N", "type": "bowl", "sequence": 33, "full_name": "SOS1_N_bowl_033", "should_make_line": true }, "geometry": { "type": "Point", "coordinates": [ 533294.748330268543214, 7261606.170537965372205, 567.343106318007472 ] } },
{ "type": "Feature", "properties": { "Name": "SOS1_N_bowl_034", "Code": null, "Northing": 305637.80148999998, "Easting": -33359.71124, "Elevation": 568.3783, "source_file": "20260318_SOS1_shpfile points.shp", "group": "SOS1", "direction": "N", "type": "bowl", "sequence": 34, "full_name": "SOS1_N_bowl_034", "should_make_line": true }, "geometry": { "type": "Point", "coordinates": [ 533285.505479064537212, 7261608.503919188864529, 568.378303465376916 ] } },
{ "type": "Feature", "properties": { "Name": "SOS1_N_bowl_035", "Code": null, "Northing": 305633.82899000001, "Easting": -33349.62476, "Elevation": 569.80432, "source_file": "20260318_SOS1_shpfile points.shp", "group": "SOS1", "direction": "N", "type": "bowl", "sequence": 35, "full_name": "SOS1_N_bowl_035", "should_make_line": true }, "geometry": { "type": "Point", "coordinates": [ 533275.423092723358423, 7261612.474819332361221, 569.804322781161886 ] } },
{ "type": "Feature", "properties": { "Name": "SOS1_N_bowl_036", "Code": null, "Northing": 305628.91511, "Easting": -33342.50371, "Elevation": 570.99598, "source_file": "20260318_SOS1_shpfile points.shp", "group": "SOS1", "direction": "N", "type": "bowl", "sequence": 36, "full_name": "SOS1_N_bowl_036", "should_make_line": true }, "geometry": { "type": "Point", "coordinates": [ 533268.304937747889198, 7261617.386718146502972, 570.995983044404738 ] } },
{ "type": "Feature", "properties": { "Name": "SOS1_N_bowl_037", "Code": null, "Northing": 305624.40291, "Easting": -33334.50126, "Elevation": 572.37104, "source_file": "20260318_SOS1_shpfile points.shp", "group": "SOS1", "direction": "N", "type": "bowl", "sequence": 37, "full_name": "SOS1_N_bowl_037", "should_make_line": true }, "geometry": { "type": "Point", "coordinates": [ 533260.305741395335644, 7261621.897098967805505, 572.371043749412252 ] } },
{ "type": "Feature", "properties": { "Name": "SOS1_N_bowl_038", "Code": null, "Northing": 305620.20731000003, "Easting": -33328.65416, "Elevation": 573.62349, "source_file": "20260318_SOS1_shpfile points.shp", "group": "SOS1", "direction": "N", "type": "bowl", "sequence": 38, "full_name": "SOS1_N_bowl_038", "should_make_line": true }, "geometry": { "type": "Point", "coordinates": [ 533254.461017427965999, 7261626.091000044718385, 573.623494164425097 ] } },
{ "type": "Feature", "properties": { "Name": "SOS1_N_bowl_039", "Code": null, "Northing": 305616.40287, "Easting": -33321.69686, "Elevation": 574.87045, "source_file": "20260318_SOS1_shpfile points.shp", "group": "SOS1", "direction": "N", "type": "bowl", "sequence": 39, "full_name": "SOS1_N_bowl_039", "should_make_line": true }, "geometry": { "type": "Point", "coordinates": [ 533247.50655170227401, 7261629.893901757895947, 574.870449891293447 ] } },
{ "type": "Feature", "properties": { "Name": "SOS1_N_bowl_040", "Code": null, "Northing": 305612.81533000001, "Easting": -33316.37341, "Elevation": 576.06906, "source_file": "20260318_SOS1_shpfile points.shp", "group": "SOS1", "direction": "N", "type": "bowl", "sequence": 40, "full_name": "SOS1_N_bowl_040", "should_make_line": true }, "geometry": { "type": "Point", "coordinates": [ 533242.185261366073973, 7261633.479996059089899, 576.069064319319523 ] } },
{ "type": "Feature", "properties": { "Name": "SOS1_N_bowl_041", "Code": null, "Northing": 305604.35327999998, "Easting": -33305.89222, "Elevation": 578.87955, "source_file": "20260318_SOS1_shpfile points.shp", "group": "SOS1", "direction": "N", "type": "bowl", "sequence": 41, "full_name": "SOS1_N_bowl_041", "should_make_line": true }, "geometry": { "type": "Point", "coordinates": [ 533231.708348218235187, 7261641.938638562336564, 578.8795542501216 ] } },
{ "type": "Feature", "properties": { "Name": "SOS1_N_bowl_042", "Code": null, "Northing": 305592.97726999997, "Easting": -33295.11263, "Elevation": 582.33148, "source_file": "20260318_SOS1_shpfile points.shp", "group": "SOS1", "direction": "N", "type": "bowl", "sequence": 42, "full_name": "SOS1_N_bowl_042", "should_make_line": true }, "geometry": { "type": "Point", "coordinates": [ 533220.93315132020507, 7261653.310052372515202, 582.331477518820975 ] } },
{ "type": "Feature", "properties": { "Name": "SOS1_N_bowl_043", "Code": null, "Northing": 305585.11810999998, "Easting": -33287.38172, "Elevation": 584.82742, "source_file": "20260318_SOS1_shpfile points.shp", "group": "SOS1", "direction": "N", "type": "bowl", "sequence": 43, "full_name": "SOS1_N_bowl_043", "should_make_line": true }, "geometry": { "type": "Point", "coordinates": [ 533213.205395977245644, 7261661.166047492995858, 584.827418902179147 ] } },
{ "type": "Feature", "properties": { "Name": "SOS1_N_bowl_044", "Code": null, "Northing": 305580.17076000001, "Easting": -33281.91431, "Elevation": 586.47442, "source_file": "20260318_SOS1_shpfile points.shp", "group": "SOS1", "direction": "N", "type": "bowl", "sequence": 44, "full_name": "SOS1_N_bowl_044", "should_make_line": true }, "geometry": { "type": "Point", "coordinates": [ 533207.740208860603161, 7261666.111392231658101, 586.474424933361092 ] } },
{ "type": "Feature", "properties": { "Name": "SOS1_N_bowl_045", "Code": null, "Northing": 305572.2285, "Easting": -33273.07126, "Elevation": 589.38004, "source_file": "20260318_SOS1_shpfile points.shp", "group": "SOS1", "direction": "N", "type": "bowl", "sequence": 45, "full_name": "SOS1_N_bowl_045", "should_make_line": true }, "geometry": { "type": "Point", "coordinates": [ 533198.900771949673072, 7261674.050451776012778, 589.38003588973811 ] } },
{ "type": "Feature", "properties": { "Name": "SOS1_N_bowl_046", "Code": null, "Northing": 305567.6391, "Easting": -33265.94714, "Elevation": 591.2874, "source_file": "20260318_SOS1_shpfile points.shp", "group": "SOS1", "direction": "N", "type": "bowl", "sequence": 46, "full_name": "SOS1_N_bowl_046", "should_make_line": true }, "geometry": { "type": "Point", "coordinates": [ 533191.77955431852024, 7261678.638000411912799, 591.28740196677586 ] } },
{ "type": "Feature", "properties": { "Name": "SOS1_N_bowl_047", "Code": null, "Northing": 305564.38538, "Easting": -33261.79645, "Elevation": 592.52856, "source_file": "20260318_SOS1_shpfile points.shp", "group": "SOS1", "direction": "N", "type": "bowl", "sequence": 47, "full_name": "SOS1_N_bowl_047", "should_make_line": true }, "geometry": { "type": "Point", "coordinates": [ 533187.630556982941926, 7261681.890412754379213, 592.528555219091913 ] } },
{ "type": "Feature", "properties": { "Name": "SOS1_N_bowl_048", "Code": null, "Northing": 305556.53039000003, "Easting": -33251.15055, "Elevation": 595.445, "source_file": "20260318_SOS1_shpfile points.shp", "group": "SOS1", "direction": "N", "type": "bowl", "sequence": 48, "full_name": "SOS1_N_bowl_048", "should_make_line": true }, "geometry": { "type": "Point", "coordinates": [ 533176.98899319046177, 7261689.742235964164138, 595.445001825758482 ] } },
{ "type": "Feature", "properties": { "Name": "SOS1_N_bowl_049", "Code": null, "Northing": 305550.02623000002, "Easting": -33241.76638, "Elevation": 597.43226, "source_file": "20260318_SOS1_shpfile points.shp", "group": "SOS1", "direction": "N", "type": "bowl", "sequence": 49, "full_name": "SOS1_N_bowl_049", "should_make_line": true }, "geometry": { "type": "Point", "coordinates": [ 533167.608643891522661, 7261696.243767332285643, 597.432264984734616 ] } },
{ "type": "Feature", "properties": { "Name": "SOS1_N_bowl_050", "Code": null, "Northing": 305538.4556, "Easting": -33223.33295, "Elevation": 600.88675, "source_file": "20260318_SOS1_shpfile points.shp", "group": "SOS1", "direction": "N", "type": "bowl", "sequence": 50, "full_name": "SOS1_N_bowl_050", "should_make_line": true }, "geometry": { "type": "Point", "coordinates": [ 533149.182703799568117, 7261707.809730472043157, 600.886749237833328 ] } },
{ "type": "Feature", "properties": { "Name": "SOS1_N_bowl_051", "Code": null, "Northing": 305532.06653000001, "Easting": -33215.91813, "Elevation": 603.04721, "source_file": "20260318_SOS1_shpfile points.shp", "group": "SOS1", "direction": "N", "type": "bowl", "sequence": 51, "full_name": "SOS1_N_bowl_051", "should_make_line": true }, "geometry": { "type": "Point", "coordinates": [ 533141.77090248989407, 7261714.196224338375032, 603.047210091479201 ] } },
{ "type": "Feature", "properties": { "Name": "SOS1_N_bowl_052", "Code": null, "Northing": 305527.69895, "Easting": -33209.79668, "Elevation": 604.67412, "source_file": "20260318_SOS1_shpfile points.shp", "group": "SOS1", "direction": "N", "type": "bowl", "sequence": 52, "full_name": "SOS1_N_bowl_052", "should_make_line": true }, "geometry": { "type": "Point", "coordinates": [ 533135.651950900559314, 7261718.562039847485721, 604.674120911374757 ] } },
{ "type": "Feature", "properties": { "Name": "SOS1_N_bowl_053", "Code": null, "Northing": 305527.68426000001, "Easting": -33209.80465, "Elevation": 604.66529, "source_file": "20260318_SOS1_shpfile points.shp", "group": "SOS1", "direction": "N", "type": "bowl", "sequence": 53, "full_name": "SOS1_N_bowl_053", "should_make_line": true }, "geometry": { "type": "Point", "coordinates": [ 533135.659918871708214, 7261718.576723353005946, 604.665292310971154 ] } },
{ "type": "Feature", "properties": { "Name": "SOS1_N_bowl_054", "Code": null, "Northing": 305522.79617, "Easting": -33199.32585, "Elevation": 606.94476, "source_file": "20260318_SOS1_shpfile points.shp", "group": "SOS1", "direction": "N", "type": "bowl", "sequence": 54, "full_name": "SOS1_N_bowl_054", "should_make_line": true }, "geometry": { "type": "Point", "coordinates": [ 533125.185381199349649, 7261723.46284618973732, 606.944764636816672 ] } },
{ "type": "Feature", "properties": { "Name": "SOS1_N_bowl_055", "Code": null, "Northing": 305520.09048999997, "Easting": -33191.7507, "Elevation": 608.35694, "source_file": "20260318_SOS1_shpfile points.shp", "group": "SOS1", "direction": "N", "type": "bowl", "sequence": 55, "full_name": "SOS1_N_bowl_055", "should_make_line": true }, "geometry": { "type": "Point", "coordinates": [ 533117.613310418091714, 7261726.16743429005146, 608.356936162651095 ] } },
{ "type": "Feature", "properties": { "Name": "SOS1_N_bowl_056", "Code": null, "Northing": 305514.92073000001, "Easting": -33182.62443, "Elevation": 610.59709, "source_file": "20260318_SOS1_shpfile points.shp", "group": "SOS1", "direction": "N", "type": "bowl", "sequence": 56, "full_name": "SOS1_N_bowl_056", "should_make_line": true }, "geometry": { "type": "Point", "coordinates": [ 533108.490751327946782, 7261731.335112118162215, 610.597093640445564 ] } },
{ "type": "Feature", "properties": { "Name": "SOS1_N_bowl_057", "Code": null, "Northing": 305510.31417000003, "Easting": -33170.0949, "Elevation": 612.71525, "source_file": "20260318_SOS1_shpfile points.shp", "group": "SOS1", "direction": "N", "type": "bowl", "sequence": 57, "full_name": "SOS1_N_bowl_057", "should_make_line": true }, "geometry": { "type": "Point", "coordinates": [ 533095.966309417970479, 7261735.939814941957593, 612.71524810495066 ] } },
{ "type": "Feature", "properties": { "Name": "SOS1_N_bowl_058", "Code": null, "Northing": 305507.0908, "Easting": -33162.53402, "Elevation": 613.96463, "source_file": "20260318_SOS1_shpfile points.shp", "group": "SOS1", "direction": "N", "type": "bowl", "sequence": 58, "full_name": "SOS1_N_bowl_058", "should_make_line": true }, "geometry": { "type": "Point", "coordinates": [ 533088.408507323008962, 7261739.161880621686578, 613.964629213362628 ] } },
{ "type": "Feature", "properties": { "Name": "SOS1_N_bowl_059", "Code": null, "Northing": 305501.35028999997, "Easting": -33149.25057, "Elevation": 616.27169, "source_file": "20260318_SOS1_shpfile points.shp", "group": "SOS1", "direction": "N", "type": "bowl", "sequence": 59, "full_name": "SOS1_N_bowl_059", "should_make_line": true }, "geometry": { "type": "Point", "coordinates": [ 533075.130457933060825, 7261744.900077914819121, 616.271687696952199 ] } },
{ "type": "Feature", "properties": { "Name": "SOS1_N_bowl_060", "Code": null, "Northing": 305491.35456000001, "Easting": -33134.73674, "Elevation": 619.73733, "source_file": "20260318_SOS1_shpfile points.shp", "group": "SOS1", "direction": "N", "type": "bowl", "sequence": 60, "full_name": "SOS1_N_bowl_060", "should_make_line": true }, "geometry": { "type": "Point", "coordinates": [ 533060.622528404579498, 7261754.891780338250101, 619.73733204109169 ] } },
{ "type": "Feature", "properties": { "Name": "SOS1_N_bowl_061", "Code": null, "Northing": 305482.53647, "Easting": -33123.0051, "Elevation": 622.51172, "source_file": "20260318_SOS1_shpfile points.shp", "group": "SOS1", "direction": "N", "type": "bowl", "sequence": 61, "full_name": "SOS1_N_bowl_061", "should_make_line": true }, "geometry": { "type": "Point", "coordinates": [ 533048.895668093580753, 7261763.706307165324688, 622.511719882603074 ] } },
{ "type": "Feature", "properties": { "Name": "SOS1_N_bowl_062", "Code": null, "Northing": 305475.317, "Easting": -33112.44433, "Elevation": 624.51588, "source_file": "20260318_SOS1_shpfile points.shp", "group": "SOS1", "direction": "N", "type": "bowl", "sequence": 62, "full_name": "SOS1_N_bowl_062", "should_make_line": true }, "geometry": { "type": "Point", "coordinates": [ 533038.339188874815591, 7261770.922866279259324, 624.515883602946701 ] } },
{ "type": "Feature", "properties": { "Name": "SOS1_N_bowl_063", "Code": null, "Northing": 305469.22095, "Easting": -33105.97078, "Elevation": 626.39053, "source_file": "20260318_SOS1_shpfile points.shp", "group": "SOS1", "direction": "N", "type": "bowl", "sequence": 63, "full_name": "SOS1_N_bowl_063", "should_make_line": true }, "geometry": { "type": "Point", "coordinates": [ 533031.868283104617149, 7261777.016452424228191, 626.390533577206384 ] } },
{ "type": "Feature", "properties": { "Name": "SOS1_N_bowl_064", "Code": null, "Northing": 305460.05799, "Easting": -33097.47315, "Elevation": 629.29023, "source_file": "20260318_SOS1_shpfile points.shp", "group": "SOS1", "direction": "N", "type": "bowl", "sequence": 64, "full_name": "SOS1_N_bowl_064", "should_make_line": true }, "geometry": { "type": "Point", "coordinates": [ 533023.374117209808901, 7261786.17572202719748, 629.290228221332882 ] } },
{ "type": "Feature", "properties": { "Name": "SOS1_N_bowl_065", "Code": null, "Northing": 305451.45776999998, "Easting": -33088.36761, "Elevation": 631.9144, "source_file": "20260318_SOS1_shpfile points.shp", "group": "SOS1", "direction": "N", "type": "bowl", "sequence": 65, "full_name": "SOS1_N_bowl_065", "should_make_line": true }, "geometry": { "type": "Point", "coordinates": [ 533014.272290620836429, 7261794.772465657442808, 631.914395574414016 ] } },
{ "type": "Feature", "properties": { "Name": "SOS1_N_bowl_066", "Code": null, "Northing": 305445.30315, "Easting": -33078.88745, "Elevation": 633.46296, "source_file": "20260318_SOS1_shpfile points.shp", "group": "SOS1", "direction": "N", "type": "bowl", "sequence": 66, "full_name": "SOS1_N_bowl_066", "should_make_line": true }, "geometry": { "type": "Point", "coordinates": [ 533004.795979380840436, 7261800.924600046128035, 633.462956046907379 ] } },
{ "type": "Feature", "properties": { "Name": "SOS1_N_bowl_067", "Code": null, "Northing": 305440.76121000003, "Easting": -33072.70809, "Elevation": 635.22998, "source_file": "20260318_SOS1_shpfile points.shp", "group": "SOS1", "direction": "N", "type": "bowl", "sequence": 67, "full_name": "SOS1_N_bowl_067", "should_make_line": true }, "geometry": { "type": "Point", "coordinates": [ 532998.619141416973434, 7261805.464715087786317, 635.229976470678935 ] } },
{ "type": "Feature", "properties": { "Name": "SOS1_N_bowl_068", "Code": null, "Northing": 305437.45028, "Easting": -33068.26171, "Elevation": 636.56146, "source_file": "20260318_SOS1_shpfile points.shp", "group": "SOS1", "direction": "N", "type": "bowl", "sequence": 68, "full_name": "SOS1_N_bowl_068", "should_make_line": true }, "geometry": { "type": "Point", "coordinates": [ 532994.174569018185139, 7261808.774302622303367, 636.561461147824502 ] } },
{ "type": "Feature", "properties": { "Name": "SOS1_N_bowl_069", "Code": null, "Northing": 305428.26879, "Easting": -33074.19089, "Elevation": 639.39729, "source_file": "20260318_SOS1_shpfile points.shp", "group": "SOS1", "direction": "N", "type": "bowl", "sequence": 69, "full_name": "SOS1_N_bowl_069", "should_make_line": true }, "geometry": { "type": "Point", "coordinates": [ 533000.101379233645275, 7261817.952092276886106, 639.397286510940944 ] } },
{ "type": "Feature", "properties": { "Name": "SOS1_N_bowl_070", "Code": null, "Northing": 305415.585, "Easting": -33080.28075, "Elevation": 643.25021, "source_file": "20260318_SOS1_shpfile points.shp", "group": "SOS1", "direction": "N", "type": "bowl", "sequence": 70, "full_name": "SOS1_N_bowl_070", "should_make_line": true }, "geometry": { "type": "Point", "coordinates": [ 533006.188813447370194, 7261830.63075933791697, 643.250206054447062 ] } },
{ "type": "Feature", "properties": { "Name": "SOS1_N_bowl_071", "Code": null, "Northing": 305406.65882999997, "Easting": -33078.02258, "Elevation": 646.58743, "source_file": "20260318_SOS1_shpfile points.shp", "group": "SOS1", "direction": "N", "type": "bowl", "sequence": 71, "full_name": "SOS1_N_bowl_071", "should_make_line": true }, "geometry": { "type": "Point", "coordinates": [ 533003.931593017885461, 7261839.553333926014602, 646.587427184182957 ] } },
{ "type": "Feature", "properties": { "Name": "SOS1_N_bowl_072", "Code": null, "Northing": 305400.36799, "Easting": -33072.32702, "Elevation": 649.10526, "source_file": "20260318_SOS1_shpfile points.shp", "group": "SOS1", "direction": "N", "type": "bowl", "sequence": 72, "full_name": "SOS1_N_bowl_072", "should_make_line": true }, "geometry": { "type": "Point", "coordinates": [ 532998.238358824397437, 7261845.841630657203496, 649.105263111162913 ] } },
{ "type": "Feature", "properties": { "Name": "SOS1_N_bowl_073", "Code": null, "Northing": 305390.31293000001, "Easting": -33069.20101, "Elevation": 652.63135, "source_file": "20260318_SOS1_shpfile points.shp", "group": "SOS1", "direction": "N", "type": "bowl", "sequence": 73, "full_name": "SOS1_N_bowl_073", "should_make_line": true }, "geometry": { "type": "Point", "coordinates": [ 532995.113656569854356, 7261855.892640504054725, 652.631351478755732 ] } },
{ "type": "Feature", "properties": { "Name": "SOS1_N_bowl_074", "Code": null, "Northing": 305385.41454000003, "Easting": -33072.35641, "Elevation": 654.13497, "source_file": "20260318_SOS1_shpfile points.shp", "group": "SOS1", "direction": "N", "type": "bowl", "sequence": 74, "full_name": "SOS1_N_bowl_074", "should_make_line": true }, "geometry": { "type": "Point", "coordinates": [ 532998.26779252581764, 7261860.789055919274688, 654.134965621845367 ] } },
{ "type": "Feature", "properties": { "Name": "SOS1_N_bowl_075", "Code": null, "Northing": 305380.21456, "Easting": -33075.36901, "Elevation": 655.79966, "source_file": "20260318_SOS1_shpfile points.shp", "group": "SOS1", "direction": "N", "type": "bowl", "sequence": 75, "full_name": "SOS1_N_bowl_075", "should_make_line": true }, "geometry": { "type": "Point", "coordinates": [ 533001.279188398970291, 7261865.986935164779425, 655.79966366594499 ] } },
{ "type": "Feature", "properties": { "Name": "SOS1_N_bowl_076", "Code": null, "Northing": 305372.04864, "Easting": -33078.40569, "Elevation": 658.41278, "source_file": "20260318_SOS1_shpfile points.shp", "group": "SOS1", "direction": "N", "type": "bowl", "sequence": 76, "full_name": "SOS1_N_bowl_076", "should_make_line": true }, "geometry": { "type": "Point", "coordinates": [ 533004.31466998544056, 7261874.149557828903198, 658.412778200427397 ] } },
{ "type": "Feature", "properties": { "Name": "SOS1_W_CREST_180", "Code": null, "Northing": 305372.04842000001, "Easting": -33078.41766, "Elevation": 658.31182, "source_file": "20260318_SOS1_shpfile points.shp", "group": "SOS1", "direction": "W", "type": "CREST", "sequence": 180, "full_name": "SOS1_W_CREST_180", "should_make_line": true }, "geometry": { "type": "Point", "coordinates": [ 533004.326632841606624, 7261874.149780285544693, 658.311816763858019 ] } },
{ "type": "Feature", "properties": { "Name": "SOS1_N_001", "Code": null, "Northing": 304313.75123, "Easting": -33613.53575, "Elevation": 568.61005, "source_file": "20260317sos points.shp", "group": "SOS1", "direction": "Unknown", "type": "Unknown", "sequence": 0, "full_name": "SOS1_N_001", "should_make_line": false }, "geometry": { "type": "Point", "coordinates": [ 533539.227316318661906, 7262932.018399748951197, 568.610054192419398 ] } },
{ "type": "Feature", "properties": { "Name": "SOS1_N_CREST001", "Code": null, "Northing": 304313.77013000002, "Easting": -33613.48571, "Elevation": 568.63865, "source_file": "20260317sos points.shp", "group": "SOS1", "direction": "N", "type": "CREST", "sequence": 1, "full_name": "SOS1_N_CREST001", "should_make_line": true }, "geometry": { "type": "Point", "coordinates": [ 533539.177297659451142, 7262931.999508799985051, 568.638649910554363 ] } },
{ "type": "Feature", "properties": { "Name": "SOS1_N_CREST002", "Code": null, "Northing": 304314.09590999997, "Easting": -33613.60925, "Elevation": 568.73321, "source_file": "20260317sos points.shp", "group": "SOS1", "direction": "N", "type": "CREST", "sequence": 2, "full_name": "SOS1_N_CREST002", "should_make_line": true }, "geometry": { "type": "Point", "coordinates": [ 533539.300786701380275, 7262931.67386469617486, 568.733213837129142 ] } },
{ "type": "Feature", "properties": { "Name": "SOS1_N_CREST003", "Code": null, "Northing": 304314.60352, "Easting": -33613.8926, "Elevation": 568.68187, "source_file": "20260317sos points.shp", "group": "SOS1", "direction": "N", "type": "CREST", "sequence": 3, "full_name": "SOS1_N_CREST003", "should_make_line": true }, "geometry": { "type": "Point", "coordinates": [ 533539.584019469795749, 7262931.166454317048192, 568.68186689647348 ] } },
{ "type": "Feature", "properties": { "Name": "SOS1_N_CREST004", "Code": null, "Northing": 304314.60913, "Easting": -33613.88346, "Elevation": 568.70107, "source_file": "20260317sos points.shp", "group": "SOS1", "direction": "N", "type": "CREST", "sequence": 4, "full_name": "SOS1_N_CREST004", "should_make_line": true }, "geometry": { "type": "Point", "coordinates": [ 533539.574881531530991, 7262931.160848688334227, 568.701065444911933 ] } },
{ "type": "Feature", "properties": { "Name": "SOS1_N_CREST005", "Code": null, "Northing": 304315.47206, "Easting": -33614.19519, "Elevation": 568.79922, "source_file": "20260317sos points.shp", "group": "SOS1", "direction": "N", "type": "CREST", "sequence": 5, "full_name": "SOS1_N_CREST005", "should_make_line": true }, "geometry": { "type": "Point", "coordinates": [ 533539.886486354167573, 7262930.29826926253736, 568.799219298414187 ] } },
{ "type": "Feature", "properties": { "Name": "SOS1_N_CREST006", "Code": null, "Northing": 304315.52541, "Easting": -33614.21906, "Elevation": 568.79743, "source_file": "20260317sos points.shp", "group": "SOS1", "direction": "N", "type": "CREST", "sequence": 6, "full_name": "SOS1_N_CREST006", "should_make_line": true }, "geometry": { "type": "Point", "coordinates": [ 533539.910351580940187, 7262930.244942141696811, 568.797428851374093 ] } },
{ "type": "Feature", "properties": { "Name": "SOS1_N_CREST007", "Code": null, "Northing": 304316.49284000002, "Easting": -33614.5141, "Elevation": 568.8691, "source_file": "20260317sos points.shp", "group": "SOS1", "direction": "N", "type": "CREST", "sequence": 7, "full_name": "SOS1_N_CREST007", "should_make_line": true }, "geometry": { "type": "Point", "coordinates": [ 533540.205269079771824, 7262929.27789930254221, 568.869097658023975 ] } },
{ "type": "Feature", "properties": { "Name": "SOS1_N_CREST008", "Code": null, "Northing": 304316.60093999997, "Easting": -33614.55986, "Elevation": 568.94105, "source_file": "20260317sos points.shp", "group": "SOS1", "direction": "N", "type": "CREST", "sequence": 8, "full_name": "SOS1_N_CREST008", "should_make_line": true }, "geometry": { "type": "Point", "coordinates": [ 533540.251009504660033, 7262929.169847218319774, 568.941050246816758 ] } },
{ "type": "Feature", "properties": { "Name": "SOS1_N_CREST009", "Code": null, "Northing": 304318.03154, "Easting": -33615.0415, "Elevation": 569.04699, "source_file": "20260317sos points.shp", "group": "SOS1", "direction": "N", "type": "CREST", "sequence": 9, "full_name": "SOS1_N_CREST009", "should_make_line": true }, "geometry": { "type": "Point", "coordinates": [ 533540.73246024211403, 7262927.739825842902064, 569.046987710020971 ] } },
{ "type": "Feature", "properties": { "Name": "SOS1_N_CREST010", "Code": null, "Northing": 304318.54775000003, "Easting": -33615.11259, "Elevation": 569.24871, "source_file": "20260317sos points.shp", "group": "SOS1", "direction": "N", "type": "CREST", "sequence": 10, "full_name": "SOS1_N_CREST010", "should_make_line": true }, "geometry": { "type": "Point", "coordinates": [ 533540.803526143892668, 7262927.223827546462417, 569.248709101219447 ] } },
{ "type": "Feature", "properties": { "Name": "SOS1_N_CREST011", "Code": null, "Northing": 304319.73115000001, "Easting": -33615.43091, "Elevation": 569.28969, "source_file": "20260317sos points.shp", "group": "SOS1", "direction": "N", "type": "CREST", "sequence": 11, "full_name": "SOS1_N_CREST011", "should_make_line": true }, "geometry": { "type": "Point", "coordinates": [ 533541.121713532600552, 7262926.04089829325676, 569.289686819214126 ] } },
{ "type": "Feature", "properties": { "Name": "SOS1_N_CREST012", "Code": null, "Northing": 304321.36755999998, "Easting": -33615.7992, "Elevation": 569.47166, "source_file": "20260317sos points.shp", "group": "SOS1", "direction": "N", "type": "CREST", "sequence": 12, "full_name": "SOS1_N_CREST012", "should_make_line": true }, "geometry": { "type": "Point", "coordinates": [ 533541.489858444780111, 7262924.405157227069139, 569.471658247569508 ] } },
{ "type": "Feature", "properties": { "Name": "SOS1_N_CREST013", "Code": null, "Northing": 304323.38828999997, "Easting": -33616.4277, "Elevation": 569.68703, "source_file": "20260317sos points.shp", "group": "SOS1", "direction": "N", "type": "CREST", "sequence": 13, "full_name": "SOS1_N_CREST013", "should_make_line": true }, "geometry": { "type": "Point", "coordinates": [ 533542.118110111448914, 7262922.385246153920889, 569.687025026957485 ] } },
{ "type": "Feature", "properties": { "Name": "SOS1_N_CREST014", "Code": null, "Northing": 304325.18185, "Easting": -33617.12154, "Elevation": 569.87739, "source_file": "20260317sos points.shp", "group": "SOS1", "direction": "N", "type": "CREST", "sequence": 14, "full_name": "SOS1_N_CREST014", "should_make_line": true }, "geometry": { "type": "Point", "coordinates": [ 533542.811669127084315, 7262920.592411188408732, 569.877387774373801 ] } },
{ "type": "Feature", "properties": { "Name": "SOS1_N_CREST015", "Code": null, "Northing": 304328.02597000002, "Easting": -33618.06669, "Elevation": 570.27656, "source_file": "20260317sos points.shp", "group": "SOS1", "direction": "N", "type": "CREST", "sequence": 15, "full_name": "SOS1_N_CREST015", "should_make_line": true }, "geometry": { "type": "Point", "coordinates": [ 533543.756436031544581, 7262917.749438790604472, 570.276559857988218 ] } },
{ "type": "Feature", "properties": { "Name": "SOS1_N_CREST016", "Code": null, "Northing": 304328.01312999998, "Easting": -33618.05439, "Elevation": 570.27397, "source_file": "20260317sos points.shp", "group": "SOS1", "direction": "N", "type": "CREST", "sequence": 16, "full_name": "SOS1_N_CREST016", "should_make_line": true }, "geometry": { "type": "Point", "coordinates": [ 533543.744147895253263, 7262917.762277108617127, 570.273966616849748 ] } },
{ "type": "Feature", "properties": { "Name": "SOS1_N_CREST017", "Code": null, "Northing": 304330.9343, "Easting": -33619.09798, "Elevation": 570.81199, "source_file": "20260317sos points.shp", "group": "SOS1", "direction": "N", "type": "CREST", "sequence": 17, "full_name": "SOS1_N_CREST017", "should_make_line": true }, "geometry": { "type": "Point", "coordinates": [ 533544.787314065848477, 7262914.84228827804327, 570.811993991140298 ] } },
{ "type": "Feature", "properties": { "Name": "SOS1_N_CREST018", "Code": null, "Northing": 304333.19986, "Easting": -33619.59525, "Elevation": 571.26291, "source_file": "20260317sos points.shp", "group": "SOS1", "direction": "N", "type": "CREST", "sequence": 18, "full_name": "SOS1_N_CREST018", "should_make_line": true }, "geometry": { "type": "Point", "coordinates": [ 533545.284389092121273, 7262912.577650276944041, 571.26291368371767 ] } },
{ "type": "Feature", "properties": { "Name": "SOS1_N_CREST019", "Code": null, "Northing": 304335.33734000003, "Easting": -33620.23689, "Elevation": 571.7111, "source_file": "20260317sos points.shp", "group": "SOS1", "direction": "N", "type": "CREST", "sequence": 19, "full_name": "SOS1_N_CREST019", "should_make_line": true }, "geometry": { "type": "Point", "coordinates": [ 533545.92577308579348, 7262910.441033236682415, 571.711099785242368 ] } },
{ "type": "Feature", "properties": { "Name": "SOS1_N_CREST020", "Code": null, "Northing": 304337.04521000001, "Easting": -33620.54298, "Elevation": 572.16001, "source_file": "20260317sos points.shp", "group": "SOS1", "direction": "N", "type": "CREST", "sequence": 20, "full_name": "SOS1_N_CREST020", "should_make_line": true }, "geometry": { "type": "Point", "coordinates": [ 533546.231745168217458, 7262908.73386163637042, 572.160012719429687 ] } },
{ "type": "Feature", "properties": { "Name": "SOS1_N_CREST021", "Code": null, "Northing": 304339.09073, "Easting": -33621.02645, "Elevation": 572.5644, "source_file": "20260317sos points.shp", "group": "SOS1", "direction": "N", "type": "CREST", "sequence": 21, "full_name": "SOS1_N_CREST021", "should_make_line": true }, "geometry": { "type": "Point", "coordinates": [ 533546.715021571028046, 7262906.689167791046202, 572.564400412749137 ] } },
{ "type": "Feature", "properties": { "Name": "SOS1_N_CREST022", "Code": null, "Northing": 304341.1143, "Easting": -33621.50998, "Elevation": 573.01345, "source_file": "20260317sos points.shp", "group": "SOS1", "direction": "N", "type": "CREST", "sequence": 22, "full_name": "SOS1_N_CREST022", "should_make_line": true }, "geometry": { "type": "Point", "coordinates": [ 533547.198364044190384, 7262904.666420247405767, 573.013454509028293 ] } },
{ "type": "Feature", "properties": { "Name": "SOS1_N_CREST023", "Code": null, "Northing": 304343.41645999998, "Easting": -33622.02029, "Elevation": 573.51093, "source_file": "20260317sos points.shp", "group": "SOS1", "direction": "N", "type": "CREST", "sequence": 23, "full_name": "SOS1_N_CREST023", "should_make_line": true }, "geometry": { "type": "Point", "coordinates": [ 533547.708466171636246, 7262902.365190928801894, 573.510928770814303 ] } },
{ "type": "Feature", "properties": { "Name": "SOS1_N_CREST024", "Code": null, "Northing": 304345.7201, "Easting": -33622.53564, "Elevation": 574.01037, "source_file": "20260317sos points.shp", "group": "SOS1", "direction": "N", "type": "CREST", "sequence": 24, "full_name": "SOS1_N_CREST024", "should_make_line": true }, "geometry": { "type": "Point", "coordinates": [ 533548.223617770592682, 7262900.062483889050782, 574.010372425813443 ] } },
{ "type": "Feature", "properties": { "Name": "SOS1_N_CREST025", "Code": null, "Northing": 304348.08323, "Easting": -33623.01544, "Elevation": 574.57141, "source_file": "20260317sos points.shp", "group": "SOS1", "direction": "N", "type": "CREST", "sequence": 25, "full_name": "SOS1_N_CREST025", "should_make_line": true }, "geometry": { "type": "Point", "coordinates": [ 533548.703230620711111, 7262897.700310807675123, 574.5714086432165 ] } },
{ "type": "Feature", "properties": { "Name": "SOS1_N_CREST026", "Code": null, "Northing": 304350.25166000001, "Easting": -33623.50602, "Elevation": 575.09102, "source_file": "20260317sos points.shp", "group": "SOS1", "direction": "N", "type": "CREST", "sequence": 26, "full_name": "SOS1_N_CREST026", "should_make_line": true }, "geometry": { "type": "Point", "coordinates": [ 533549.193619254278019, 7262895.532764719799161, 575.091015893274061 ] } },
{ "type": "Feature", "properties": { "Name": "SOS1_N_CREST027", "Code": null, "Northing": 304352.73854, "Easting": -33624.00842, "Elevation": 575.65203, "source_file": "20260317sos points.shp", "group": "SOS1", "direction": "N", "type": "CREST", "sequence": 27, "full_name": "SOS1_N_CREST027", "should_make_line": true }, "geometry": { "type": "Point", "coordinates": [ 533549.695818129810505, 7262893.04689684510231, 575.652025766373981 ] } },
{ "type": "Feature", "properties": { "Name": "SOS1_N_CREST028", "Code": null, "Northing": 304355.38168, "Easting": -33624.63848, "Elevation": 576.29859, "source_file": "20260317sos points.shp", "group": "SOS1", "direction": "N", "type": "CREST", "sequence": 28, "full_name": "SOS1_N_CREST028", "should_make_line": true }, "geometry": { "type": "Point", "coordinates": [ 533550.325625515310094, 7262890.4048254461959, 576.298590917010415 ] } },
{ "type": "Feature", "properties": { "Name": "SOS1_N_02", "Code": null, "Northing": 304356.91277, "Easting": -33624.9042, "Elevation": 576.6407, "source_file": "20260317sos points.shp", "group": "SOS1", "direction": "Unknown", "type": "Unknown", "sequence": 0, "full_name": "SOS1_N_02", "should_make_line": false }, "geometry": { "type": "Point", "coordinates": [ 533550.591245871735737, 7262888.874350281432271, 576.640702064760944 ] } },
{ "type": "Feature", "properties": { "Name": "SOS1_N_CREST029", "Code": null, "Northing": 304358.19225999998, "Easting": -33625.27251, "Elevation": 576.90098, "source_file": "20260317sos points.shp", "group": "SOS1", "direction": "N", "type": "CREST", "sequence": 29, "full_name": "SOS1_N_CREST029", "should_make_line": true }, "geometry": { "type": "Point", "coordinates": [ 533550.959404067951255, 7262887.595385458320379, 576.900980796834688 ] } },
{ "type": "Feature", "properties": { "Name": "SOS1_N_CREST030", "Code": null, "Northing": 304360.5585, "Easting": -33625.76965, "Elevation": 577.4091, "source_file": "20260317sos points.shp", "group": "SOS1", "direction": "N", "type": "CREST", "sequence": 30, "full_name": "SOS1_N_CREST030", "should_make_line": true }, "geometry": { "type": "Point", "coordinates": [ 533551.456354444846511, 7262885.230099904350936, 577.40909558271062 ] } },
{ "type": "Feature", "properties": { "Name": "SOS1_N_CREST031", "Code": null, "Northing": 304362.82883999997, "Easting": -33626.35093, "Elevation": 577.97397, "source_file": "20260317sos points.shp", "group": "SOS1", "direction": "N", "type": "CREST", "sequence": 31, "full_name": "SOS1_N_CREST031", "should_make_line": true }, "geometry": { "type": "Point", "coordinates": [ 533552.03740001283586, 7262882.960682747885585, 577.973969481130666 ] } },
{ "type": "Feature", "properties": { "Name": "SOS1_N_CREST032", "Code": null, "Northing": 304365.01958999998, "Easting": -33626.85262, "Elevation": 578.49382, "source_file": "20260317sos points.shp", "group": "SOS1", "direction": "N", "type": "CREST", "sequence": 32, "full_name": "SOS1_N_CREST032", "should_make_line": true }, "geometry": { "type": "Point", "coordinates": [ 533552.538898120168597, 7262880.77081994805485, 578.493824857224354 ] } },
{ "type": "Feature", "properties": { "Name": "SOS1_N_CREST033", "Code": null, "Northing": 304367.33587000001, "Easting": -33627.47127, "Elevation": 579.00574, "source_file": "20260317sos points.shp", "group": "SOS1", "direction": "N", "type": "CREST", "sequence": 33, "full_name": "SOS1_N_CREST033", "should_make_line": true }, "geometry": { "type": "Point", "coordinates": [ 533553.157300590770319, 7262878.45547935180366, 579.00573516958741 ] } },
{ "type": "Feature", "properties": { "Name": "SOS1_N_CREST034", "Code": null, "Northing": 304369.74803999998, "Easting": -33628.10544, "Elevation": 579.62729, "source_file": "20260317sos points.shp", "group": "SOS1", "direction": "N", "type": "CREST", "sequence": 34, "full_name": "SOS1_N_CREST034", "should_make_line": true }, "geometry": { "type": "Point", "coordinates": [ 533553.79122217989061, 7262876.044292652979493, 579.627289157631935 ] } },
{ "type": "Feature", "properties": { "Name": "SOS1_N_CREST035", "Code": null, "Northing": 304371.88386, "Easting": -33628.62177, "Elevation": 580.17861, "source_file": "20260317sos points.shp", "group": "SOS1", "direction": "N", "type": "CREST", "sequence": 35, "full_name": "SOS1_N_CREST035", "should_make_line": true }, "geometry": { "type": "Point", "coordinates": [ 533554.307349449023604, 7262873.909337022341788, 580.178613254446987 ] } },
{ "type": "Feature", "properties": { "Name": "SOS1_N_CREST036", "Code": null, "Northing": 304374.4603, "Easting": -33629.3603, "Elevation": 580.72766, "source_file": "20260317sos points.shp", "group": "SOS1", "direction": "N", "type": "CREST", "sequence": 36, "full_name": "SOS1_N_CREST036", "should_make_line": true }, "geometry": { "type": "Point", "coordinates": [ 533555.045584202511236, 7262871.333935029804707, 580.727656423945859 ] } },
{ "type": "Feature", "properties": { "Name": "SOS1_N_CREST037", "Code": null, "Northing": 304377.28927000001, "Easting": -33630.07782, "Elevation": 581.46448, "source_file": "20260317sos points.shp", "group": "SOS1", "direction": "N", "type": "CREST", "sequence": 37, "full_name": "SOS1_N_CREST037", "should_make_line": true }, "geometry": { "type": "Point", "coordinates": [ 533555.762821341049857, 7262868.506113167852163, 581.464480045922073 ] } },
{ "type": "Feature", "properties": { "Name": "SOS1_N_CREST038", "Code": null, "Northing": 304379.46133000002, "Easting": -33630.67332, "Elevation": 581.9995, "source_file": "20260317sos points.shp", "group": "SOS1", "direction": "N", "type": "CREST", "sequence": 38, "full_name": "SOS1_N_CREST038", "should_make_line": true }, "geometry": { "type": "Point", "coordinates": [ 533556.358079527388327, 7262866.334934961982071, 581.999502102524502 ] } },
{ "type": "Feature", "properties": { "Name": "SOS1_N_CREST039", "Code": null, "Northing": 304381.91064000002, "Easting": -33631.34616, "Elevation": 582.57948, "source_file": "20260317sos points.shp", "group": "SOS1", "direction": "N", "type": "CREST", "sequence": 39, "full_name": "SOS1_N_CREST039", "should_make_line": true }, "geometry": { "type": "Point", "coordinates": [ 533557.030656599090435, 7262863.886622628197074, 582.579483669987439 ] } },
{ "type": "Feature", "properties": { "Name": "SOS1_N_CREST040", "Code": null, "Northing": 304383.97731, "Easting": -33631.80925, "Elevation": 583.18197, "source_file": "20260317sos points.shp", "group": "SOS1", "direction": "N", "type": "CREST", "sequence": 40, "full_name": "SOS1_N_CREST040", "should_make_line": true }, "geometry": { "type": "Point", "coordinates": [ 533557.493564534932375, 7262861.820787217468023, 583.181967890127794 ] } },
{ "type": "Feature", "properties": { "Name": "SOS1_N_CREST041", "Code": null, "Northing": 304386.17612000002, "Easting": -33632.51839, "Elevation": 583.68728, "source_file": "20260317sos points.shp", "group": "SOS1", "direction": "N", "type": "CREST", "sequence": 41, "full_name": "SOS1_N_CREST041", "should_make_line": true }, "geometry": { "type": "Point", "coordinates": [ 533558.202428031945601, 7262859.62287075445056, 583.687275430208388 ] } },
{ "type": "Feature", "properties": { "Name": "SOS1_N_CREST042", "Code": null, "Northing": 304388.84891, "Easting": -33633.25083, "Elevation": 584.38469, "source_file": "20260317sos points.shp", "group": "SOS1", "direction": "N", "type": "CREST", "sequence": 42, "full_name": "SOS1_N_CREST042", "should_make_line": true }, "geometry": { "type": "Point", "coordinates": [ 533558.934570349403657, 7262856.951163753867149, 584.384693693951704 ] } },
{ "type": "Feature", "properties": { "Name": "SOS1_N_CREST043", "Code": null, "Northing": 304391.12816999998, "Easting": -33634.0118, "Elevation": 584.89182, "source_file": "20260317sos points.shp", "group": "SOS1", "direction": "N", "type": "CREST", "sequence": 43, "full_name": "SOS1_N_CREST043", "should_make_line": true }, "geometry": { "type": "Point", "coordinates": [ 533559.695242736139335, 7262854.672833072021604, 584.891817664180508 ] } },
{ "type": "Feature", "properties": { "Name": "SOS1_N_CREST044", "Code": null, "Northing": 304393.48836000002, "Easting": -33634.63336, "Elevation": 585.50575, "source_file": "20260317sos points.shp", "group": "SOS1", "direction": "N", "type": "CREST", "sequence": 44, "full_name": "SOS1_N_CREST044", "should_make_line": true }, "geometry": { "type": "Point", "coordinates": [ 533560.316553197219037, 7262852.313592610880733, 585.505750676777325 ] } },
{ "type": "Feature", "properties": { "Name": "SOS1_N_CREST045", "Code": null, "Northing": 304395.66752999998, "Easting": -33635.28858, "Elevation": 585.98233, "source_file": "20260317sos points.shp", "group": "SOS1", "direction": "N", "type": "CREST", "sequence": 45, "full_name": "SOS1_N_CREST045", "should_make_line": true }, "geometry": { "type": "Point", "coordinates": [ 533560.971520008286461, 7262850.135310180485249, 585.98232875039389 ] } },
{ "type": "Feature", "properties": { "Name": "SOS1_N_CREST046", "Code": null, "Northing": 304397.46655999997, "Easting": -33635.861, "Elevation": 586.36872, "source_file": "20260317sos points.shp", "group": "SOS1", "direction": "N", "type": "CREST", "sequence": 46, "full_name": "SOS1_N_CREST046", "should_make_line": true }, "geometry": { "type": "Point", "coordinates": [ 533561.543707853415981, 7262848.337013744749129, 586.36872088384996 ] } },
{ "type": "Feature", "properties": { "Name": "SOS1_N_CREST047", "Code": null, "Northing": 304399.54073000001, "Easting": -33636.53108, "Elevation": 586.95873, "source_file": "20260317sos points.shp", "group": "SOS1", "direction": "N", "type": "CREST", "sequence": 47, "full_name": "SOS1_N_CREST047", "should_make_line": true }, "geometry": { "type": "Point", "coordinates": [ 533562.213523667887785, 7262846.263678785413504, 586.958729163626231 ] } },
{ "type": "Feature", "properties": { "Name": "SOS1_N_CREST048", "Code": null, "Northing": 304401.47524, "Easting": -33637.12088, "Elevation": 587.40006, "source_file": "20260317sos points.shp", "group": "SOS1", "direction": "N", "type": "CREST", "sequence": 48, "full_name": "SOS1_N_CREST048", "should_make_line": true }, "geometry": { "type": "Point", "coordinates": [ 533562.803088985849172, 7262844.329958071000874, 587.400058139215275 ] } },
{ "type": "Feature", "properties": { "Name": "SOS1_N_003", "Code": null, "Northing": 304402.43235000002, "Easting": -33637.41631, "Elevation": 587.63211, "source_file": "20260317sos points.shp", "group": "SOS1", "direction": "Unknown", "type": "Unknown", "sequence": 0, "full_name": "SOS1_N_003", "should_make_line": false }, "geometry": { "type": "Point", "coordinates": [ 533563.098406979232095, 7262843.373237237334251, 587.632111039125675 ] } },
{ "type": "Feature", "properties": { "Name": "SOS1_N_CREST049", "Code": null, "Northing": 304403.52499000001, "Easting": -33637.81358, "Elevation": 587.86447, "source_file": "20260317sos points.shp", "group": "SOS1", "direction": "N", "type": "CREST", "sequence": 49, "full_name": "SOS1_N_CREST049", "should_make_line": true }, "geometry": { "type": "Point", "coordinates": [ 533563.495511851389892, 7262842.281031182035804, 587.864474689733811 ] } },
{ "type": "Feature", "properties": { "Name": "SOS1_N_CREST050", "Code": null, "Northing": 304405.69111999997, "Easting": -33638.59585, "Elevation": 588.36379, "source_file": "20260317sos points.shp", "group": "SOS1", "direction": "N", "type": "CREST", "sequence": 50, "full_name": "SOS1_N_CREST050", "should_make_line": true }, "geometry": { "type": "Point", "coordinates": [ 533564.27747339697089, 7262840.115780993364751, 588.363790999544449 ] } },
{ "type": "Feature", "properties": { "Name": "SOS1_N_CREST051", "Code": null, "Northing": 304408.38837, "Easting": -33639.37779, "Elevation": 588.96613, "source_file": "20260317sos points.shp", "group": "SOS1", "direction": "N", "type": "CREST", "sequence": 51, "full_name": "SOS1_N_CREST051", "should_make_line": true }, "geometry": { "type": "Point", "coordinates": [ 533565.059105416643433, 7262837.419624602422118, 588.966125172990587 ] } },
{ "type": "Feature", "properties": { "Name": "SOS1_N_CREST052", "Code": null, "Northing": 304410.87237, "Easting": -33640.26294, "Elevation": 589.5652, "source_file": "20260317sos points.shp", "group": "SOS1", "direction": "N", "type": "CREST", "sequence": 52, "full_name": "SOS1_N_CREST052", "should_make_line": true }, "geometry": { "type": "Point", "coordinates": [ 533565.943897302029654, 7262834.936636241152883, 589.565198064983178 ] } },
{ "type": "Feature", "properties": { "Name": "SOS1_N_CREST053", "Code": null, "Northing": 304414.0152, "Easting": -33640.03205, "Elevation": 590.12322, "source_file": "20260317sos points.shp", "group": "SOS1", "direction": "N", "type": "CREST", "sequence": 53, "full_name": "SOS1_N_CREST053", "should_make_line": true }, "geometry": { "type": "Point", "coordinates": [ 533565.713113112258725, 7262831.795081211254001, 590.12321948604199 ] } },
{ "type": "Feature", "properties": { "Name": "SOS1_N_CREST054", "Code": null, "Northing": 304413.33224000002, "Easting": -33641.13905, "Elevation": 590.19394, "source_file": "20260317sos points.shp", "group": "SOS1", "direction": "N", "type": "CREST", "sequence": 54, "full_name": "SOS1_N_CREST054", "should_make_line": true }, "geometry": { "type": "Point", "coordinates": [ 533566.819656955660321, 7262832.477766631171107, 590.193940318430123 ] } },
{ "type": "Feature", "properties": { "Name": "SOS1_N_CREST055", "Code": null, "Northing": 304415.58006000001, "Easting": -33641.96026, "Elevation": 590.72814, "source_file": "20260317sos points.shp", "group": "SOS1", "direction": "N", "type": "CREST", "sequence": 55, "full_name": "SOS1_N_CREST055", "should_make_line": true }, "geometry": { "type": "Point", "coordinates": [ 533567.640545006841421, 7262830.230850204825401, 590.728136368443074 ] } },
{ "type": "Feature", "properties": { "Name": "SOS1_N_CREST056", "Code": null, "Northing": 304418.17965000001, "Easting": -33642.87657, "Elevation": 591.29564, "source_file": "20260317sos points.shp", "group": "SOS1", "direction": "N", "type": "CREST", "sequence": 56, "full_name": "SOS1_N_CREST056", "should_make_line": true }, "geometry": { "type": "Point", "coordinates": [ 533568.556493595126085, 7262827.632315778173506, 591.295636265089001 ] } },
{ "type": "Feature", "properties": { "Name": "SOS1_N_CREST057", "Code": null, "Northing": 304420.10183, "Easting": -33643.47559, "Elevation": 591.83001, "source_file": "20260317sos points.shp", "group": "SOS1", "direction": "N", "type": "CREST", "sequence": 57, "full_name": "SOS1_N_CREST057", "should_make_line": true }, "geometry": { "type": "Point", "coordinates": [ 533569.155271402560174, 7262825.710920246317983, 591.83000868560714 ] } },
{ "type": "Feature", "properties": { "Name": "SOS1_N_CREST058", "Code": null, "Northing": 304422.62235999998, "Easting": -33644.45604, "Elevation": 592.38097, "source_file": "20260317sos points.shp", "group": "SOS1", "direction": "N", "type": "CREST", "sequence": 58, "full_name": "SOS1_N_CREST058", "should_make_line": true }, "geometry": { "type": "Point", "coordinates": [ 533570.135334674851038, 7262823.19141336157918, 592.380971230952241 ] } },
{ "type": "Feature", "properties": { "Name": "SOS1_N_CREST059", "Code": null, "Northing": 304425.9054, "Easting": -33645.51354, "Elevation": 593.0555, "source_file": "20260317sos points.shp", "group": "SOS1", "direction": "N", "type": "CREST", "sequence": 59, "full_name": "SOS1_N_CREST059", "should_make_line": true }, "geometry": { "type": "Point", "coordinates": [ 533571.192411540076137, 7262819.909703309647739, 593.055500216697169 ] } },
{ "type": "Feature", "properties": { "Name": "SOS1_N_CREST060", "Code": null, "Northing": 304428.47275999998, "Easting": -33646.39963, "Elevation": 593.63654, "source_file": "20260317sos points.shp", "group": "SOS1", "direction": "N", "type": "CREST", "sequence": 60, "full_name": "SOS1_N_CREST060", "should_make_line": true }, "geometry": { "type": "Point", "coordinates": [ 533572.078151635592803, 7262817.343379642814398, 593.636538955129026 ] } },
{ "type": "Feature", "properties": { "Name": "SOS1_N_CREST061", "Code": null, "Northing": 304431.61774999998, "Easting": -33647.39021, "Elevation": 594.29911, "source_file": "20260317sos points.shp", "group": "SOS1", "direction": "N", "type": "CREST", "sequence": 61, "full_name": "SOS1_N_CREST061", "should_make_line": true }, "geometry": { "type": "Point", "coordinates": [ 533573.068332006107084, 7262814.199661919847131, 594.299111846012124 ] } },
{ "type": "Feature", "properties": { "Name": "SOS1_N_CREST062", "Code": null, "Northing": 304433.98514, "Easting": -33648.23165, "Elevation": 594.85281, "source_file": "20260317sos points.shp", "group": "SOS1", "direction": "N", "type": "CREST", "sequence": 62, "full_name": "SOS1_N_CREST062", "should_make_line": true }, "geometry": { "type": "Point", "coordinates": [ 533573.909436242771335, 7262811.83323871716857, 594.852809356900934 ] } },
{ "type": "Feature", "properties": { "Name": "SOS1_N_CREST063", "Code": null, "Northing": 304436.98147, "Easting": -33649.08424, "Elevation": 595.59537, "source_file": "20260317sos points.shp", "group": "SOS1", "direction": "N", "type": "CREST", "sequence": 63, "full_name": "SOS1_N_CREST063", "should_make_line": true }, "geometry": { "type": "Point", "coordinates": [ 533574.761692425236106, 7262808.838120921514928, 595.595374815091532 ] } },
{ "type": "Feature", "properties": { "Name": "SOS1_N_004", "Code": null, "Northing": 304438.19682000001, "Easting": -33649.48388, "Elevation": 595.79609, "source_file": "20260317sos points.shp", "group": "SOS1", "direction": "Unknown", "type": "Unknown", "sequence": 0, "full_name": "SOS1_N_004", "should_make_line": false }, "geometry": { "type": "Point", "coordinates": [ 533575.161170656094328, 7262807.623264187015593, 595.796087750236666 ] } },
{ "type": "Feature", "properties": { "Name": "SOS1_N_CREST064", "Code": null, "Northing": 304439.01114999998, "Easting": -33649.79747, "Elevation": 596.01033, "source_file": "20260317sos points.shp", "group": "SOS1", "direction": "N", "type": "CREST", "sequence": 64, "full_name": "SOS1_N_CREST064", "should_make_line": true }, "geometry": { "type": "Point", "coordinates": [ 533575.474639261141419, 7262806.809264602139592, 596.010325923827509 ] } },
{ "type": "Feature", "properties": { "Name": "SOS1_N_CREST065", "Code": null, "Northing": 304440.80956999998, "Easting": -33650.41172, "Elevation": 596.43604, "source_file": "20260317sos points.shp", "group": "SOS1", "direction": "N", "type": "CREST", "sequence": 65, "full_name": "SOS1_N_CREST065", "should_make_line": true }, "geometry": { "type": "Point", "coordinates": [ 533576.088641441194341, 7262805.011574063450098, 596.436041147380024 ] } },
{ "type": "Feature", "properties": { "Name": "SOS1_N_CREST066", "Code": null, "Northing": 304442.95562999998, "Easting": -33651.06648, "Elevation": 596.94838, "source_file": "20260317sos points.shp", "group": "SOS1", "direction": "N", "type": "CREST", "sequence": 66, "full_name": "SOS1_N_CREST066", "should_make_line": true }, "geometry": { "type": "Point", "coordinates": [ 533576.743138500954956, 7262802.866381866857409, 596.948379518295155 ] } },
{ "type": "Feature", "properties": { "Name": "SOS1_N_CREST067", "Code": null, "Northing": 304445.01688000001, "Easting": -33651.69552, "Elevation": 597.44875, "source_file": "20260317sos points.shp", "group": "SOS1", "direction": "N", "type": "CREST", "sequence": 67, "full_name": "SOS1_N_CREST067", "should_make_line": true }, "geometry": { "type": "Point", "coordinates": [ 533577.371933860355057, 7262800.805968360975385, 597.448748171302441 ] } },
{ "type": "Feature", "properties": { "Name": "SOS1_N_CREST068", "Code": null, "Northing": 304447.59008, "Easting": -33652.50276, "Elevation": 598.02825, "source_file": "20260317sos points.shp", "group": "SOS1", "direction": "N", "type": "CREST", "sequence": 68, "full_name": "SOS1_N_CREST068", "should_make_line": true }, "geometry": { "type": "Point", "coordinates": [ 533578.178855607286096, 7262798.233807945623994, 598.028249172532924 ] } },
{ "type": "Feature", "properties": { "Name": "SOS1_N_CREST069", "Code": null, "Northing": 304450.14067, "Easting": -33653.37847, "Elevation": 598.73392, "source_file": "20260317sos points.shp", "group": "SOS1", "direction": "N", "type": "CREST", "sequence": 69, "full_name": "SOS1_N_CREST069", "should_make_line": true }, "geometry": { "type": "Point", "coordinates": [ 533579.054215287440456, 7262795.684256886132061, 598.733918623156342 ] } },
{ "type": "Feature", "properties": { "Name": "SOS1_N_CREST070", "Code": null, "Northing": 304452.69402, "Easting": -33654.00429, "Elevation": 599.35759, "source_file": "20260317sos points.shp", "group": "SOS1", "direction": "N", "type": "CREST", "sequence": 70, "full_name": "SOS1_N_CREST070", "should_make_line": true }, "geometry": { "type": "Point", "coordinates": [ 533579.67979271709919, 7262793.131944793276489, 599.357590546750657 ] } },
{ "type": "Feature", "properties": { "Name": "SOS1_N_CREST071", "Code": null, "Northing": 304454.96064, "Easting": -33654.5733, "Elevation": 599.88577, "source_file": "20260317sos points.shp", "group": "SOS1", "direction": "N", "type": "CREST", "sequence": 71, "full_name": "SOS1_N_CREST071", "should_make_line": true }, "geometry": { "type": "Point", "coordinates": [ 533580.248576596030034, 7262790.866242283955216, 599.885768139156653 ] } },
{ "type": "Feature", "properties": { "Name": "SOS1_N_CREST072", "Code": null, "Northing": 304456.92482000001, "Easting": -33655.02945, "Elevation": 600.37269, "source_file": "20260317sos points.shp", "group": "SOS1", "direction": "N", "type": "CREST", "sequence": 72, "full_name": "SOS1_N_CREST072", "should_make_line": true }, "geometry": { "type": "Point", "coordinates": [ 533580.70454551151488, 7262788.902857917360961, 600.372693867488465 ] } },
{ "type": "Feature", "properties": { "Name": "SOS1_N_CREST073", "Code": null, "Northing": 304458.81485999998, "Easting": -33655.52901, "Elevation": 600.85591, "source_file": "20260317sos points.shp", "group": "SOS1", "direction": "N", "type": "CREST", "sequence": 73, "full_name": "SOS1_N_CREST073", "should_make_line": true }, "geometry": { "type": "Point", "coordinates": [ 533581.203901673550718, 7262787.013584831729531, 600.855905256570964 ] } },
{ "type": "Feature", "properties": { "Name": "SOS1_N_CREST074", "Code": null, "Northing": 304460.98737, "Easting": -33656.16756, "Elevation": 601.41113, "source_file": "20260317sos points.shp", "group": "SOS1", "direction": "N", "type": "CREST", "sequence": 74, "full_name": "SOS1_N_CREST074", "should_make_line": true }, "geometry": { "type": "Point", "coordinates": [ 533581.842204580898397, 7262784.841955387033522, 601.411127408577954 ] } },
{ "type": "Feature", "properties": { "Name": "SOS1_N_CREST075", "Code": null, "Northing": 304463.57432000001, "Easting": -33656.76191, "Elevation": 602.07933, "source_file": "20260317sos points.shp", "group": "SOS1", "direction": "N", "type": "CREST", "sequence": 75, "full_name": "SOS1_N_CREST075", "should_make_line": true }, "geometry": { "type": "Point", "coordinates": [ 533582.436315947910771, 7262782.256059621460736, 602.079331163730785 ] } },
{ "type": "Feature", "properties": { "Name": "SOS1_N_CREST076", "Code": null, "Northing": 304465.76091000001, "Easting": -33657.39056, "Elevation": 602.61334, "source_file": "20260317sos points.shp", "group": "SOS1", "direction": "N", "type": "CREST", "sequence": 76, "full_name": "SOS1_N_CREST076", "should_make_line": true }, "geometry": { "type": "Point", "coordinates": [ 533583.064724341500551, 7262780.07035360019654, 602.613342953368601 ] } },
{ "type": "Feature", "properties": { "Name": "SOS1_N_CREST077", "Code": null, "Northing": 304468.63432999997, "Easting": -33658.07924, "Elevation": 603.2992, "source_file": "20260317sos points.shp", "group": "SOS1", "direction": "N", "type": "CREST", "sequence": 77, "full_name": "SOS1_N_CREST077", "should_make_line": true }, "geometry": { "type": "Point", "coordinates": [ 533583.753125821589492, 7262777.198094645515084, 603.299195755679648 ] } },
{ "type": "Feature", "properties": { "Name": "SOS1_N_CREST078", "Code": null, "Northing": 304471.57366, "Easting": -33658.42346, "Elevation": 603.86799, "source_file": "20260317sos points.shp", "group": "SOS1", "direction": "N", "type": "CREST", "sequence": 78, "full_name": "SOS1_N_CREST078", "should_make_line": true }, "geometry": { "type": "Point", "coordinates": [ 533584.097210819483735, 7262774.259959853254259, 603.867986582305321 ] } },
{ "type": "Feature", "properties": { "Name": "SOS1_N_CREST079", "Code": null, "Northing": 304471.10391000001, "Easting": -33658.74774, "Elevation": 603.8224, "source_file": "20260317sos points.shp", "group": "SOS1", "direction": "N", "type": "CREST", "sequence": 79, "full_name": "SOS1_N_CREST079", "should_make_line": true }, "geometry": { "type": "Point", "coordinates": [ 533584.421360350912437, 7262774.729513354599476, 603.822396451008103 ] } },
{ "type": "Feature", "properties": { "Name": "SOS1_N_CREST080", "Code": null, "Northing": 304473.7065, "Easting": -33659.45276, "Elevation": 604.40833, "source_file": "20260317sos points.shp", "group": "SOS1", "direction": "N", "type": "CREST", "sequence": 80, "full_name": "SOS1_N_CREST080", "should_make_line": true }, "geometry": { "type": "Point", "coordinates": [ 533585.126100529101677, 7262772.127984905615449, 604.408328755060097 ] } },
{ "type": "Feature", "properties": { "Name": "SOS1_N_CREST081", "Code": null, "Northing": 304476.16943000001, "Easting": -33660.10456, "Elevation": 604.9452, "source_file": "20260317sos points.shp", "group": "SOS1", "direction": "N", "type": "CREST", "sequence": 81, "full_name": "SOS1_N_CREST081", "should_make_line": true }, "geometry": { "type": "Point", "coordinates": [ 533585.777647329261526, 7262769.666047859936953, 604.945197362951603 ] } },
{ "type": "Feature", "properties": { "Name": "SOS1_N_CREST082", "Code": null, "Northing": 304478.71602, "Easting": -33660.69768, "Elevation": 605.56342, "source_file": "20260317sos points.shp", "group": "SOS1", "direction": "N", "type": "CREST", "sequence": 82, "full_name": "SOS1_N_CREST082", "should_make_line": true }, "geometry": { "type": "Point", "coordinates": [ 533586.370529517298564, 7262767.120489630848169, 605.563423076769936 ] } },
{ "type": "Feature", "properties": { "Name": "SOS1_N_CREST083", "Code": null, "Northing": 304480.79408999998, "Easting": -33661.19627, "Elevation": 606.05054, "source_file": "20260317sos points.shp", "group": "SOS1", "direction": "N", "type": "CREST", "sequence": 83, "full_name": "SOS1_N_CREST083", "should_make_line": true }, "geometry": { "type": "Point", "coordinates": [ 533586.868920660577714, 7262765.043271685019135, 606.050536772110831 ] } },
{ "type": "Feature", "properties": { "Name": "SOS1_N_CREST084", "Code": null, "Northing": 304482.73147, "Easting": -33661.66247, "Elevation": 606.58824, "source_file": "20260317sos points.shp", "group": "SOS1", "direction": "N", "type": "CREST", "sequence": 84, "full_name": "SOS1_N_CREST084", "should_make_line": true }, "geometry": { "type": "Point", "coordinates": [ 533587.334945477894507, 7262763.106672442518175, 606.588243979261961 ] } },
{ "type": "Feature", "properties": { "Name": "SOS1_N_CREST085", "Code": null, "Northing": 304484.63616, "Easting": -33662.11851, "Elevation": 607.00095, "source_file": "20260317sos points.shp", "group": "SOS1", "direction": "N", "type": "CREST", "sequence": 85, "full_name": "SOS1_N_CREST085", "should_make_line": true }, "geometry": { "type": "Point", "coordinates": [ 533587.790797316352837, 7262761.202750939875841, 607.000948235076748 ] } },
{ "type": "Feature", "properties": { "Name": "SOS1_N_CREST086", "Code": null, "Northing": 304487.56243, "Easting": -33662.58176, "Elevation": 607.71649, "source_file": "20260317sos points.shp", "group": "SOS1", "direction": "N", "type": "CREST", "sequence": 86, "full_name": "SOS1_N_CREST086", "should_make_line": true }, "geometry": { "type": "Point", "coordinates": [ 533588.253875184804201, 7262758.2776765730232, 607.71648971811851 ] } },
{ "type": "Feature", "properties": { "Name": "SOS1_N_CREST087", "Code": null, "Northing": 304489.34732, "Easting": -33662.90701, "Elevation": 608.17791, "source_file": "20260317sos points.shp", "group": "SOS1", "direction": "N", "type": "CREST", "sequence": 87, "full_name": "SOS1_N_CREST087", "should_make_line": true }, "geometry": { "type": "Point", "coordinates": [ 533588.578993709990755, 7262756.493506759405136, 608.177911397267508 ] } },
{ "type": "Feature", "properties": { "Name": "SOS1_N_05", "Code": null, "Northing": 304490.6189, "Easting": -33663.13931, "Elevation": 608.43831, "source_file": "20260317sos points.shp", "group": "SOS1", "direction": "Unknown", "type": "Unknown", "sequence": 0, "full_name": "SOS1_N_05", "should_make_line": false }, "geometry": { "type": "Point", "coordinates": [ 533588.811205629259348, 7262755.222442023456097, 608.438305318306561 ] } },
{ "type": "Feature", "properties": { "Name": "SOS1_N_CREST088", "Code": null, "Northing": 304491.27, "Easting": -33663.21146, "Elevation": 608.59248, "source_file": "20260317sos points.shp", "group": "SOS1", "direction": "N", "type": "CREST", "sequence": 88, "full_name": "SOS1_N_CREST088", "should_make_line": true }, "geometry": { "type": "Point", "coordinates": [ 533588.883324212976731, 7262754.571608079597354, 608.592483619297923 ] } },
{ "type": "Feature", "properties": { "Name": "SOS1_N_CREST089", "Code": null, "Northing": 304493.57691, "Easting": -33663.68447, "Elevation": 609.15526, "source_file": "20260317sos points.shp", "group": "SOS1", "direction": "N", "type": "CREST", "sequence": 89, "full_name": "SOS1_N_CREST089", "should_make_line": true }, "geometry": { "type": "Point", "coordinates": [ 533589.356146012665704, 7262752.265632761642337, 609.155264031073671 ] } },
{ "type": "Feature", "properties": { "Name": "SOS1_N_CREST090", "Code": null, "Northing": 304496.0693, "Easting": -33664.02008, "Elevation": 609.76058, "source_file": "20260317sos points.shp", "group": "SOS1", "direction": "N", "type": "CREST", "sequence": 90, "full_name": "SOS1_N_CREST090", "should_make_line": true }, "geometry": { "type": "Point", "coordinates": [ 533589.691631379420869, 7262749.774252884089947, 609.760578243613281 ] } },
{ "type": "Feature", "properties": { "Name": "SOS1_N_CREST091", "Code": null, "Northing": 304498.24628000002, "Easting": -33664.41826, "Elevation": 610.3494, "source_file": "20260317sos points.shp", "group": "SOS1", "direction": "N", "type": "CREST", "sequence": 91, "full_name": "SOS1_N_CREST091", "should_make_line": true }, "geometry": { "type": "Point", "coordinates": [ 533590.08965854474809, 7262747.598155344836414, 610.349404122635519 ] } },
{ "type": "Feature", "properties": { "Name": "SOS1_N_CREST092", "Code": null, "Northing": 304500.14328000002, "Easting": -33664.58315, "Elevation": 610.92885, "source_file": "20260317sos points.shp", "group": "SOS1", "direction": "N", "type": "CREST", "sequence": 92, "full_name": "SOS1_N_CREST092", "should_make_line": true }, "geometry": { "type": "Point", "coordinates": [ 533590.254485699348152, 7262745.701923176646233, 610.928850389001127 ] } },
{ "type": "Feature", "properties": { "Name": "SOS1_N_CREST093", "Code": null, "Northing": 304500.2218, "Easting": -33664.61492, "Elevation": 610.95916, "source_file": "20260317sos points.shp", "group": "SOS1", "direction": "N", "type": "CREST", "sequence": 93, "full_name": "SOS1_N_CREST093", "should_make_line": true }, "geometry": { "type": "Point", "coordinates": [ 533590.286239474546164, 7262745.623440071940422, 610.95916282839039 ] } },
{ "type": "Feature", "properties": { "Name": "SOS1_N_CREST094", "Code": null, "Northing": 304502.23364, "Easting": -33664.90234, "Elevation": 611.4192, "source_file": "20260317sos points.shp", "group": "SOS1", "direction": "N", "type": "CREST", "sequence": 94, "full_name": "SOS1_N_CREST094", "should_make_line": true }, "geometry": { "type": "Point", "coordinates": [ 533590.573549277964048, 7262743.612408827990294, 611.419197332881254 ] } },
{ "type": "Feature", "properties": { "Name": "SOS1_N_CREST095", "Code": null, "Northing": 304504.62134999997, "Easting": -33665.19503, "Elevation": 612.01867, "source_file": "20260317sos points.shp", "group": "SOS1", "direction": "N", "type": "CREST", "sequence": 95, "full_name": "SOS1_N_CREST095", "should_make_line": true }, "geometry": { "type": "Point", "coordinates": [ 533590.866130731534213, 7262741.225673906505108, 612.018673582592555 ] } },
{ "type": "Feature", "properties": { "Name": "SOS1_N_CREST096", "Code": null, "Northing": 304506.62975999998, "Easting": -33665.55, "Elevation": 612.50239, "source_file": "20260317sos points.shp", "group": "SOS1", "direction": "N", "type": "CREST", "sequence": 96, "full_name": "SOS1_N_CREST096", "should_make_line": true }, "geometry": { "type": "Point", "coordinates": [ 533591.220952858799137, 7262739.21807546634227, 612.502394851306576 ] } },
{ "type": "Feature", "properties": { "Name": "SOS1_N_CREST097", "Code": null, "Northing": 304506.62057000003, "Easting": -33665.55438, "Elevation": 612.5009, "source_file": "20260317sos points.shp", "group": "SOS1", "direction": "N", "type": "CREST", "sequence": 97, "full_name": "SOS1_N_CREST097", "should_make_line": true }, "geometry": { "type": "Point", "coordinates": [ 533591.225336658651941, 7262739.227258939296007, 612.500902691309079 ] } },
{ "type": "Feature", "properties": { "Name": "SOS1_N_CREST098", "Code": null, "Northing": 304509.76786999998, "Easting": -33665.91346, "Elevation": 613.2795, "source_file": "20260317sos points.shp", "group": "SOS1", "direction": "N", "type": "CREST", "sequence": 98, "full_name": "SOS1_N_CREST098", "should_make_line": true }, "geometry": { "type": "Point", "coordinates": [ 533591.584276261273772, 7262736.08124141767621, 613.279498054470878 ] } },
{ "type": "Feature", "properties": { "Name": "SOS1_N_CREST099", "Code": null, "Northing": 304512.63364999997, "Easting": -33666.12844, "Elevation": 614.10109, "source_file": "20260317sos points.shp", "group": "SOS1", "direction": "N", "type": "CREST", "sequence": 99, "full_name": "SOS1_N_CREST099", "should_make_line": true }, "geometry": { "type": "Point", "coordinates": [ 533591.799183034920134, 7262733.216620855033398, 614.10108501362231 ] } },
{ "type": "Feature", "properties": { "Name": "SOS1_N_CREST100", "Code": null, "Northing": 304514.48841, "Easting": -33666.31629, "Elevation": 614.66469, "source_file": "20260317sos points.shp", "group": "SOS1", "direction": "N", "type": "CREST", "sequence": 100, "full_name": "SOS1_N_CREST100", "should_make_line": true }, "geometry": { "type": "Point", "coordinates": [ 533591.986963247647509, 7262731.362607194110751, 614.664687955917771 ] } },
{ "type": "Feature", "properties": { "Name": "SOS1_N_006", "Code": null, "Northing": 304515.82405, "Easting": -33666.33117, "Elevation": 614.9524, "source_file": "20260317sos points.shp", "group": "SOS1", "direction": "Unknown", "type": "Unknown", "sequence": 0, "full_name": "SOS1_N_006", "should_make_line": false }, "geometry": { "type": "Point", "coordinates": [ 533592.001835183938965, 7262730.027511870488524, 614.952399922401582 ] } },
{ "type": "Feature", "properties": { "Name": "SOS1_N_CREST101", "Code": null, "Northing": 304516.92754, "Easting": -33666.40371, "Elevation": 615.22216, "source_file": "20260317sos points.shp", "group": "SOS1", "direction": "N", "type": "CREST", "sequence": 101, "full_name": "SOS1_N_CREST101", "should_make_line": true }, "geometry": { "type": "Point", "coordinates": [ 533592.0743465682026, 7262728.924474196508527, 615.222156511683352 ] } },
{ "type": "Feature", "properties": { "Name": "SOS1_N_CREST102", "Code": null, "Northing": 304519.20036999998, "Easting": -33666.59573, "Elevation": 615.82888, "source_file": "20260317sos points.shp", "group": "SOS1", "direction": "N", "type": "CREST", "sequence": 102, "full_name": "SOS1_N_CREST102", "should_make_line": true }, "geometry": { "type": "Point", "coordinates": [ 533592.266302462317981, 7262726.652565357275307, 615.828883372288146 ] } },
{ "type": "Feature", "properties": { "Name": "SOS1_N_CREST103", "Code": null, "Northing": 304521.22839, "Easting": -33666.67946, "Elevation": 616.38412, "source_file": "20260317sos points.shp", "group": "SOS1", "direction": "N", "type": "CREST", "sequence": 103, "full_name": "SOS1_N_CREST103", "should_make_line": true }, "geometry": { "type": "Point", "coordinates": [ 533592.350000742590055, 7262724.625369872897863, 616.384122721572112 ] } },
{ "type": "Feature", "properties": { "Name": "SOS1_N_CREST104", "Code": null, "Northing": 304522.93277999997, "Easting": -33666.84115, "Elevation": 616.73654, "source_file": "20260317sos points.shp", "group": "SOS1", "direction": "N", "type": "CREST", "sequence": 104, "full_name": "SOS1_N_CREST104", "should_make_line": true }, "geometry": { "type": "Point", "coordinates": [ 533592.511628510081209, 7262722.92166212759912, 616.736539190866438 ] } },
{ "type": "Feature", "properties": { "Name": "SOS1_N_CREST105", "Code": null, "Northing": 304525.34282999998, "Easting": -33666.9706, "Elevation": 617.29412, "source_file": "20260317sos points.shp", "group": "SOS1", "direction": "N", "type": "CREST", "sequence": 105, "full_name": "SOS1_N_CREST105", "should_make_line": true }, "geometry": { "type": "Point", "coordinates": [ 533592.64103008271195, 7262720.512597749009728, 617.294119140140424 ] } },
{ "type": "Feature", "properties": { "Name": "SOS1_N_CREST106", "Code": null, "Northing": 304527.56192000001, "Easting": -33667.22113, "Elevation": 617.84608, "source_file": "20260317sos points.shp", "group": "SOS1", "direction": "N", "type": "CREST", "sequence": 106, "full_name": "SOS1_N_CREST106", "should_make_line": true }, "geometry": { "type": "Point", "coordinates": [ 533592.891464485903271, 7262718.294403146952391, 617.846075789325482 ] } },
{ "type": "Feature", "properties": { "Name": "SOS1_N_CREST107", "Code": null, "Northing": 304529.69893000001, "Easting": -33667.4623, "Elevation": 618.31331, "source_file": "20260317sos points.shp", "group": "SOS1", "direction": "N", "type": "CREST", "sequence": 107, "full_name": "SOS1_N_CREST107", "should_make_line": true }, "geometry": { "type": "Point", "coordinates": [ 533593.132542541949078, 7262716.158263918012381, 618.313309262955272 ] } },
{ "type": "Feature", "properties": { "Name": "SOS1_N_CREST108", "Code": null, "Northing": 304531.88859, "Easting": -33667.66775, "Elevation": 618.81348, "source_file": "20260317sos points.shp", "group": "SOS1", "direction": "N", "type": "CREST", "sequence": 108, "full_name": "SOS1_N_CREST108", "should_make_line": true }, "geometry": { "type": "Point", "coordinates": [ 533593.337915057898499, 7262713.969484463334084, 618.813480510973704 ] } },
{ "type": "Feature", "properties": { "Name": "SOS1_N_CREST109", "Code": null, "Northing": 304533.53801000002, "Easting": -33667.81198, "Elevation": 619.16972, "source_file": "20260317sos points.shp", "group": "SOS1", "direction": "N", "type": "CREST", "sequence": 109, "full_name": "SOS1_N_CREST109", "should_make_line": true }, "geometry": { "type": "Point", "coordinates": [ 533593.482089790864848, 7262712.32073581404984, 619.169715135253455 ] } },
{ "type": "Feature", "properties": { "Name": "SOS1_N_CREST110", "Code": null, "Northing": 304535.27421, "Easting": -33668.01674, "Elevation": 619.49711, "source_file": "20260317sos points.shp", "group": "SOS1", "direction": "N", "type": "CREST", "sequence": 110, "full_name": "SOS1_N_CREST110", "should_make_line": true }, "geometry": { "type": "Point", "coordinates": [ 533593.686767988954671, 7262710.585242850705981, 619.49711167538328 ] } },
{ "type": "Feature", "properties": { "Name": "SOS1_N_CREST111", "Code": null, "Northing": 304536.97864, "Easting": -33668.2437, "Elevation": 619.95851, "source_file": "20260317sos points.shp", "group": "SOS1", "direction": "N", "type": "CREST", "sequence": 111, "full_name": "SOS1_N_CREST111", "should_make_line": true }, "geometry": { "type": "Point", "coordinates": [ 533593.913640492595732, 7262708.881505722180009, 619.958506639102438 ] } },
{ "type": "Feature", "properties": { "Name": "SOS1_N_CREST112", "Code": null, "Northing": 304538.72924000002, "Easting": -33668.44568, "Elevation": 620.2645, "source_file": "20260317sos points.shp", "group": "SOS1", "direction": "N", "type": "CREST", "sequence": 112, "full_name": "SOS1_N_CREST112", "should_make_line": true }, "geometry": { "type": "Point", "coordinates": [ 533594.115541402134113, 7262707.131614860147238, 620.264500849530009 ] } },
{ "type": "Feature", "properties": { "Name": "SOS1_N_CREST113", "Code": null, "Northing": 304540.57729, "Easting": -33668.682, "Elevation": 620.67742, "source_file": "20260317sos points.shp", "group": "SOS1", "direction": "N", "type": "CREST", "sequence": 113, "full_name": "SOS1_N_CREST113", "should_make_line": true }, "geometry": { "type": "Point", "coordinates": [ 533594.351773941423744, 7262705.28430703189224, 620.677415503607904 ] } },
{ "type": "Feature", "properties": { "Name": "SOS1_N_CREST114", "Code": null, "Northing": 304542.25147999998, "Easting": -33668.86637, "Elevation": 621.02772, "source_file": "20260317sos points.shp", "group": "SOS1", "direction": "N", "type": "CREST", "sequence": 114, "full_name": "SOS1_N_CREST114", "should_make_line": true }, "geometry": { "type": "Point", "coordinates": [ 533594.536068745190278, 7262703.610801579430699, 621.027716832380179 ] } },
{ "type": "Feature", "properties": { "Name": "SOS1_N_CREST115", "Code": null, "Northing": 304544.26606, "Easting": -33669.12628, "Elevation": 621.42218, "source_file": "20260317sos points.shp", "group": "SOS1", "direction": "N", "type": "CREST", "sequence": 115, "full_name": "SOS1_N_CREST115", "should_make_line": true }, "geometry": { "type": "Point", "coordinates": [ 533594.79587680392433, 7262701.597031820565462, 621.422180775478409 ] } },
{ "type": "Feature", "properties": { "Name": "SOS1_N_CREST116", "Code": null, "Northing": 304546.71766999998, "Easting": -33669.42879, "Elevation": 621.95076, "source_file": "20260317sos points.shp", "group": "SOS1", "direction": "N", "type": "CREST", "sequence": 116, "full_name": "SOS1_N_CREST116", "should_make_line": true }, "geometry": { "type": "Point", "coordinates": [ 533595.098272720002569, 7262699.146423330530524, 621.950757012327472 ] } },
{ "type": "Feature", "properties": { "Name": "SOS1_N_CREST117", "Code": null, "Northing": 304549.02016000001, "Easting": -33669.69117, "Elevation": 622.3953, "source_file": "20260317sos points.shp", "group": "SOS1", "direction": "N", "type": "CREST", "sequence": 117, "full_name": "SOS1_N_CREST117", "should_make_line": true }, "geometry": { "type": "Point", "coordinates": [ 533595.360552702797577, 7262696.844864960759878, 622.395302089397205 ] } },
{ "type": "Feature", "properties": { "Name": "SOS1_N_CREST118", "Code": null, "Northing": 304551.43780999997, "Easting": -33669.9335, "Elevation": 622.94652, "source_file": "20260317sos points.shp", "group": "SOS1", "direction": "N", "type": "CREST", "sequence": 118, "full_name": "SOS1_N_CREST118", "should_make_line": true }, "geometry": { "type": "Point", "coordinates": [ 533595.602793185855262, 7262694.428192948922515, 622.946523477582332 ] } },
{ "type": "Feature", "properties": { "Name": "SOS1_N_CREST119", "Code": null, "Northing": 304553.10726999998, "Easting": -33670.1959, "Elevation": 623.36277, "source_file": "20260317sos points.shp", "group": "SOS1", "direction": "N", "type": "CREST", "sequence": 119, "full_name": "SOS1_N_CREST119", "should_make_line": true }, "geometry": { "type": "Point", "coordinates": [ 533595.865081910509616, 7262692.759410839527845, 623.362770915532678 ] } },
{ "type": "Feature", "properties": { "Name": "SOS1_N_CREST120", "Code": null, "Northing": 304556.06539, "Easting": -33670.41924, "Elevation": 623.95208, "source_file": "20260317sos points.shp", "group": "SOS1", "direction": "N", "type": "CREST", "sequence": 120, "full_name": "SOS1_N_CREST120", "should_make_line": true }, "geometry": { "type": "Point", "coordinates": [ 533596.088340140064247, 7262689.802493086084723, 623.952081799224175 ] } },
{ "type": "Feature", "properties": { "Name": "SOS1_N_007", "Code": null, "Northing": 304556.91353999998, "Easting": -33670.51888, "Elevation": 624.12871, "source_file": "20260317sos points.shp", "group": "SOS1", "direction": "Unknown", "type": "Unknown", "sequence": 0, "full_name": "SOS1_N_007", "should_make_line": false }, "geometry": { "type": "Point", "coordinates": [ 533596.187946257647127, 7262688.954682258889079, 624.128710555763746 ] } },
{ "type": "Feature", "properties": { "Name": "SOS1_N_CREST122", "Code": null, "Northing": 304557.9913, "Easting": -33670.62482, "Elevation": 624.33121, "source_file": "20260317sos points.shp", "group": "SOS1", "direction": "N", "type": "CREST", "sequence": 122, "full_name": "SOS1_N_CREST122", "should_make_line": true }, "geometry": { "type": "Point", "coordinates": [ 533596.293843128834851, 7262687.877358503639698, 624.331213275442337 ] } },
{ "type": "Feature", "properties": { "Name": "SOS1_N_CREST123", "Code": null, "Northing": 304560.60124, "Easting": -33670.88308, "Elevation": 624.96972, "source_file": "20260317sos points.shp", "group": "SOS1", "direction": "N", "type": "CREST", "sequence": 123, "full_name": "SOS1_N_CREST123", "should_make_line": true }, "geometry": { "type": "Point", "coordinates": [ 533596.551999841467477, 7262685.268479384481907, 624.969718224690496 ] } },
{ "type": "Feature", "properties": { "Name": "SOS1_N_CREST124", "Code": null, "Northing": 304562.4583, "Easting": -33671.0901, "Elevation": 625.39154, "source_file": "20260317sos points.shp", "group": "SOS1", "direction": "N", "type": "CREST", "sequence": 124, "full_name": "SOS1_N_CREST124", "should_make_line": true }, "geometry": { "type": "Point", "coordinates": [ 533596.758942480897531, 7262683.412167980335653, 625.391540887583346 ] } },
{ "type": "Feature", "properties": { "Name": "SOS1_N_CREST125", "Code": null, "Northing": 304563.82428, "Easting": -33671.25489, "Elevation": 625.63442, "source_file": "20260317sos points.shp", "group": "SOS1", "direction": "N", "type": "CREST", "sequence": 125, "full_name": "SOS1_N_CREST125", "should_make_line": true }, "geometry": { "type": "Point", "coordinates": [ 533596.923675531055778, 7262682.046740560792387, 625.634415816270234 ] } },
{ "type": "Feature", "properties": { "Name": "SOS1_N_CREST126", "Code": null, "Northing": 304565.2711, "Easting": -33671.44365, "Elevation": 625.87833, "source_file": "20260317sos points.shp", "group": "SOS1", "direction": "N", "type": "CREST", "sequence": 126, "full_name": "SOS1_N_CREST126", "should_make_line": true }, "geometry": { "type": "Point", "coordinates": [ 533597.112356239580549, 7262680.60051136277616, 625.87833067087422 ] } },
{ "type": "Feature", "properties": { "Name": "SOS1_N_CREST127", "Code": null, "Northing": 304567.51055000001, "Easting": -33671.65411, "Elevation": 626.40645, "source_file": "20260317sos points.shp", "group": "SOS1", "direction": "N", "type": "CREST", "sequence": 127, "full_name": "SOS1_N_CREST127", "should_make_line": true }, "geometry": { "type": "Point", "coordinates": [ 533597.322736185975373, 7262678.361965667456388, 626.406452996766575 ] } },
{ "type": "Feature", "properties": { "Name": "SOS1_N_CREST128", "Code": null, "Northing": 304569.56993, "Easting": -33671.84058, "Elevation": 626.89346, "source_file": "20260317sos points.shp", "group": "SOS1", "direction": "N", "type": "CREST", "sequence": 128, "full_name": "SOS1_N_CREST128", "should_make_line": true }, "geometry": { "type": "Point", "coordinates": [ 533597.509131935774349, 7262676.303425931371748, 626.893457283866042 ] } },
{ "type": "Feature", "properties": { "Name": "SOS1_N_CREST129", "Code": null, "Northing": 304571.59323, "Easting": -33672.04922, "Elevation": 627.26856, "source_file": "20260317sos points.shp", "group": "SOS1", "direction": "N", "type": "CREST", "sequence": 129, "full_name": "SOS1_N_CREST129", "should_make_line": true }, "geometry": { "type": "Point", "coordinates": [ 533597.717692814418115, 7262674.2809455730021, 627.268564911257045 ] } },
{ "type": "Feature", "properties": { "Name": "SOS1_N_CREST130", "Code": null, "Northing": 304574.45928000001, "Easting": -33672.35841, "Elevation": 627.89271, "source_file": "20260317sos points.shp", "group": "SOS1", "direction": "N", "type": "CREST", "sequence": 130, "full_name": "SOS1_N_CREST130", "should_make_line": true }, "geometry": { "type": "Point", "coordinates": [ 533598.026769053307362, 7262671.416060594841838, 627.892709253029693 ] } },
{ "type": "Feature", "properties": { "Name": "SOS1_N_CREST131", "Code": null, "Northing": 304577.37757000001, "Easting": -33672.65316, "Elevation": 628.54453, "source_file": "20260317sos points.shp", "group": "SOS1", "direction": "N", "type": "CREST", "sequence": 131, "full_name": "SOS1_N_CREST131", "should_make_line": true }, "geometry": { "type": "Point", "coordinates": [ 533598.321403330308385, 7262668.498944524675608, 628.54452572256173 ] } },
{ "type": "Feature", "properties": { "Name": "SOS1_N_CREST132", "Code": null, "Northing": 304579.11748000002, "Easting": -33672.86972, "Elevation": 628.93974, "source_file": "20260317sos points.shp", "group": "SOS1", "direction": "N", "type": "CREST", "sequence": 132, "full_name": "SOS1_N_CREST132", "should_make_line": true }, "geometry": { "type": "Point", "coordinates": [ 533598.53787556453608, 7262666.759743221104145, 628.939743492210937 ] } },
{ "type": "Feature", "properties": { "Name": "SOS1_N_CREST133", "Code": null, "Northing": 304581.4713, "Easting": -33673.09378, "Elevation": 629.48065, "source_file": "20260317sos points.shp", "group": "SOS1", "direction": "N", "type": "CREST", "sequence": 133, "full_name": "SOS1_N_CREST133", "should_make_line": true }, "geometry": { "type": "Point", "coordinates": [ 533598.761852854397148, 7262664.406877690926194, 629.480650101425908 ] } },
{ "type": "Feature", "properties": { "Name": "SOS1_N_CREST134", "Code": null, "Northing": 304583.43582999997, "Easting": -33673.33357, "Elevation": 629.83343, "source_file": "20260317sos points.shp", "group": "SOS1", "direction": "N", "type": "CREST", "sequence": 134, "full_name": "SOS1_N_CREST134", "should_make_line": true }, "geometry": { "type": "Point", "coordinates": [ 533599.001547863474116, 7262662.443145983852446, 629.833426500773044 ] } },
{ "type": "Feature", "properties": { "Name": "SOS1_N_CREST135", "Code": null, "Northing": 304584.78045000002, "Easting": -33673.40315, "Elevation": 630.07544, "source_file": "20260317sos points.shp", "group": "SOS1", "direction": "N", "type": "CREST", "sequence": 135, "full_name": "SOS1_N_CREST135", "should_make_line": true }, "geometry": { "type": "Point", "coordinates": [ 533599.071108361938968, 7262661.099072681739926, 630.075436935946641 ] } },
{ "type": "Feature", "properties": { "Name": "SOS1_N_CREST136", "Code": null, "Northing": 304586.46370999998, "Easting": -33673.57516, "Elevation": 630.42453, "source_file": "20260317sos points.shp", "group": "SOS1", "direction": "N", "type": "CREST", "sequence": 136, "full_name": "SOS1_N_CREST136", "should_make_line": true }, "geometry": { "type": "Point", "coordinates": [ 533599.243045875686221, 7262659.416490534320474, 630.424530086842537 ] } },
{ "type": "Feature", "properties": { "Name": "SOS1_N_CREST137", "Code": null, "Northing": 304588.85775000002, "Easting": -33673.84783, "Elevation": 630.93675, "source_file": "20260317sos points.shp", "group": "SOS1", "direction": "N", "type": "CREST", "sequence": 137, "full_name": "SOS1_N_CREST137", "should_make_line": true }, "geometry": { "type": "Point", "coordinates": [ 533599.515610733884387, 7262657.02341809310019, 630.936746684342666 ] } },
{ "type": "Feature", "properties": { "Name": "SOS1_N_CREST138", "Code": null, "Northing": 304591.33352, "Easting": -33674.10513, "Elevation": 631.45114, "source_file": "20260317sos points.shp", "group": "SOS1", "direction": "N", "type": "CREST", "sequence": 138, "full_name": "SOS1_N_CREST138", "should_make_line": true }, "geometry": { "type": "Point", "coordinates": [ 533599.772811895236373, 7262654.548651842400432, 631.45113698919954 ] } },
{ "type": "Feature", "properties": { "Name": "SOS1_N_CREST139", "Code": null, "Northing": 304593.69899, "Easting": -33674.30538, "Elevation": 631.91378, "source_file": "20260317sos points.shp", "group": "SOS1", "direction": "N", "type": "CREST", "sequence": 139, "full_name": "SOS1_N_CREST139", "should_make_line": true }, "geometry": { "type": "Point", "coordinates": [ 533599.97299215150997, 7262652.18414696957916, 631.913775025963673 ] } },
{ "type": "Feature", "properties": { "Name": "SOS1_N_CREST140", "Code": null, "Northing": 304596.35158000002, "Easting": -33674.66553, "Elevation": 632.44841, "source_file": "20260317sos points.shp", "group": "SOS1", "direction": "N", "type": "CREST", "sequence": 140, "full_name": "SOS1_N_CREST140", "should_make_line": true }, "geometry": { "type": "Point", "coordinates": [ 533600.332998538156971, 7262649.532634269446135, 632.448407074428133 ] } },
{ "type": "Feature", "properties": { "Name": "SOS1_N_CREST141", "Code": null, "Northing": 304597.79002999997, "Easting": -33674.82901, "Elevation": 632.67809, "source_file": "20260317sos points.shp", "group": "SOS1", "direction": "N", "type": "CREST", "sequence": 141, "full_name": "SOS1_N_CREST141", "should_make_line": true }, "geometry": { "type": "Point", "coordinates": [ 533600.496410970692523, 7262648.094761362299323, 632.678090398407107 ] } },
{ "type": "Feature", "properties": { "Name": "SOS1_N_008", "Code": null, "Northing": 304599.43899, "Easting": -33674.99292, "Elevation": 632.99071, "source_file": "20260317sos points.shp", "group": "SOS1", "direction": "Unknown", "type": "Unknown", "sequence": 0, "full_name": "SOS1_N_008", "should_make_line": false }, "geometry": { "type": "Point", "coordinates": [ 533600.660266669583507, 7262646.446472259238362, 632.990707889297255 ] } },
{ "type": "Feature", "properties": { "Name": "SOS1_N_CREST142", "Code": null, "Northing": 304601.46685000003, "Easting": -33675.21093, "Elevation": 633.3992, "source_file": "20260317sos points.shp", "group": "SOS1", "direction": "N", "type": "CREST", "sequence": 142, "full_name": "SOS1_N_CREST142", "should_make_line": true }, "geometry": { "type": "Point", "coordinates": [ 533600.878186689224094, 7262644.419435397721827, 633.399202340225088 ] } },
{ "type": "Feature", "properties": { "Name": "SOS1_N_CREST143", "Code": null, "Northing": 304603.86502000003, "Easting": -33675.47007, "Elevation": 633.90617, "source_file": "20260317sos points.shp", "group": "SOS1", "direction": "N", "type": "CREST", "sequence": 143, "full_name": "SOS1_N_CREST143", "should_make_line": true }, "geometry": { "type": "Point", "coordinates": [ 533601.137224505888298, 7262642.022238722071052, 633.906173223005339 ] } },
{ "type": "Feature", "properties": { "Name": "SOS1_N_CREST144", "Code": null, "Northing": 304606.02469, "Easting": -33675.67674, "Elevation": 634.37211, "source_file": "20260317sos points.shp", "group": "SOS1", "direction": "N", "type": "CREST", "sequence": 144, "full_name": "SOS1_N_CREST144", "should_make_line": true }, "geometry": { "type": "Point", "coordinates": [ 533601.343817487824708, 7262639.863441720604897, 634.372109670433019 ] } },
{ "type": "Feature", "properties": { "Name": "SOS1_N_CREST145", "Code": null, "Northing": 304608.76077, "Easting": -33675.97788, "Elevation": 634.91163, "source_file": "20260317sos points.shp", "group": "SOS1", "direction": "N", "type": "CREST", "sequence": 145, "full_name": "SOS1_N_CREST145", "should_make_line": true }, "geometry": { "type": "Point", "coordinates": [ 533601.644839636748657, 7262637.12847176194191, 634.911632166948039 ] } },
{ "type": "Feature", "properties": { "Name": "SOS1_N_CREST146", "Code": null, "Northing": 304611.02357000002, "Easting": -33676.29905, "Elevation": 635.32073, "source_file": "20260317sos points.shp", "group": "SOS1", "direction": "N", "type": "CREST", "sequence": 146, "full_name": "SOS1_N_CREST146", "should_make_line": true }, "geometry": { "type": "Point", "coordinates": [ 533601.965887784957886, 7262634.866587422788143, 635.320731207696895 ] } },
{ "type": "Feature", "properties": { "Name": "SOS1_N_CREST147", "Code": null, "Northing": 304613.41064999998, "Easting": -33676.63403, "Elevation": 635.84495, "source_file": "20260317sos points.shp", "group": "SOS1", "direction": "N", "type": "CREST", "sequence": 147, "full_name": "SOS1_N_CREST147", "should_make_line": true }, "geometry": { "type": "Point", "coordinates": [ 533602.300733824959025, 7262632.480479606427252, 635.844949971066967 ] } },
{ "type": "Feature", "properties": { "Name": "SOS1_N_CREST148", "Code": null, "Northing": 304615.1791, "Easting": -33676.89847, "Elevation": 636.22128, "source_file": "20260317sos points.shp", "group": "SOS1", "direction": "N", "type": "CREST", "sequence": 148, "full_name": "SOS1_N_CREST148", "should_make_line": true }, "geometry": { "type": "Point", "coordinates": [ 533602.565076686325483, 7262630.712745116092265, 636.221283035749252 ] } },
{ "type": "Feature", "properties": { "Name": "SOS1_N_CREST149", "Code": null, "Northing": 304617.54486000002, "Easting": -33677.26268, "Elevation": 636.61473, "source_file": "20260317sos points.shp", "group": "SOS1", "direction": "N", "type": "CREST", "sequence": 149, "full_name": "SOS1_N_CREST149", "should_make_line": true }, "geometry": { "type": "Point", "coordinates": [ 533602.929140940192156, 7262628.34794219955802, 636.61472688055369 ] } },
{ "type": "Feature", "properties": { "Name": "SOS1_N_CREST150", "Code": null, "Northing": 304619.20306000003, "Easting": -33677.49201, "Elevation": 636.98297, "source_file": "20260317sos points.shp", "group": "SOS1", "direction": "N", "type": "CREST", "sequence": 150, "full_name": "SOS1_N_CREST150", "should_make_line": true }, "geometry": { "type": "Point", "coordinates": [ 533603.158376206411049, 7262626.690417046658695, 636.982971519974967 ] } },
{ "type": "Feature", "properties": { "Name": "SOS1_N_CREST151", "Code": null, "Northing": 304620.96837000002, "Easting": -33677.71592, "Elevation": 637.27643, "source_file": "20260317sos points.shp", "group": "SOS1", "direction": "N", "type": "CREST", "sequence": 151, "full_name": "SOS1_N_CREST151", "should_make_line": true }, "geometry": { "type": "Point", "coordinates": [ 533603.382201818283647, 7262624.9258201867342, 637.276427248327195 ] } },
{ "type": "Feature", "properties": { "Name": "SOS1_N_CREST152", "Code": null, "Northing": 304622.9997, "Easting": -33677.98432, "Elevation": 637.60137, "source_file": "20260317sos points.shp", "group": "SOS1", "direction": "N", "type": "CREST", "sequence": 152, "full_name": "SOS1_N_CREST152", "should_make_line": true }, "geometry": { "type": "Point", "coordinates": [ 533603.650494891218841, 7262622.89531522244215, 637.601366958978247 ] } },
{ "type": "Feature", "properties": { "Name": "SOS1_N_CREST153", "Code": null, "Northing": 304625.06133, "Easting": -33678.29386, "Elevation": 638.06052, "source_file": "20260317sos points.shp", "group": "SOS1", "direction": "N", "type": "CREST", "sequence": 153, "full_name": "SOS1_N_CREST153", "should_make_line": true }, "geometry": { "type": "Point", "coordinates": [ 533603.959920406457968, 7262620.834515069611371, 638.060523472562863 ] } },
{ "type": "Feature", "properties": { "Name": "SOS1_N_CREST154", "Code": null, "Northing": 304624.9789, "Easting": -33678.04343, "Elevation": 637.78988, "source_file": "20260317sos points.shp", "group": "SOS1", "direction": "N", "type": "CREST", "sequence": 154, "full_name": "SOS1_N_CREST154", "should_make_line": true }, "geometry": { "type": "Point", "coordinates": [ 533603.709588918020017, 7262620.916917001828551, 637.789883414795554 ] } },
{ "type": "Feature", "properties": { "Name": "SOS1_N_CREST155", "Code": null, "Northing": 304626.5743, "Easting": -33678.55388, "Elevation": 638.31366, "source_file": "20260317sos points.shp", "group": "SOS1", "direction": "N", "type": "CREST", "sequence": 155, "full_name": "SOS1_N_CREST155", "should_make_line": true }, "geometry": { "type": "Point", "coordinates": [ 533604.219837391749024, 7262619.32216577604413, 638.313663845983797 ] } },
{ "type": "Feature", "properties": { "Name": "SOS1_N_CREST156", "Code": null, "Northing": 304628.80281999998, "Easting": -33678.85191, "Elevation": 638.69975, "source_file": "20260317sos points.shp", "group": "SOS1", "direction": "N", "type": "CREST", "sequence": 156, "full_name": "SOS1_N_CREST156", "should_make_line": true }, "geometry": { "type": "Point", "coordinates": [ 533604.517750135855749, 7262617.094543053768575, 638.699753735441504 ] } },
{ "type": "Feature", "properties": { "Name": "SOS1_N_CREST157", "Code": null, "Northing": 304631.17063000001, "Easting": -33679.26991, "Elevation": 639.13689, "source_file": "20260317sos points.shp", "group": "SOS1", "direction": "N", "type": "CREST", "sequence": 157, "full_name": "SOS1_N_CREST157", "should_make_line": true }, "geometry": { "type": "Point", "coordinates": [ 533604.935582676203921, 7262614.727690555155277, 639.136889272583744 ] } },
{ "type": "Feature", "properties": { "Name": "SOS1_N_CREST158", "Code": null, "Northing": 304633.60747, "Easting": -33679.64826, "Elevation": 639.64454, "source_file": "20260317sos points.shp", "group": "SOS1", "direction": "N", "type": "CREST", "sequence": 158, "full_name": "SOS1_N_CREST158", "should_make_line": true }, "geometry": { "type": "Point", "coordinates": [ 533605.313788624713197, 7262612.291837399825454, 639.644541251525311 ] } },
{ "type": "Feature", "properties": { "Name": "SOS1_N_CREST159", "Code": null, "Northing": 304635.82532, "Easting": -33679.94201, "Elevation": 640.07348, "source_file": "20260317sos points.shp", "group": "SOS1", "direction": "N", "type": "CREST", "sequence": 159, "full_name": "SOS1_N_CREST159", "should_make_line": true }, "geometry": { "type": "Point", "coordinates": [ 533605.607423369772732, 7262610.074891947209835, 640.073477320228449 ] } },
{ "type": "Feature", "properties": { "Name": "SOS1_N_CREST160", "Code": null, "Northing": 304637.66827999998, "Easting": -33680.24448, "Elevation": 640.36084, "source_file": "20260317sos points.shp", "group": "SOS1", "direction": "N", "type": "CREST", "sequence": 160, "full_name": "SOS1_N_CREST160", "should_make_line": true }, "geometry": { "type": "Point", "coordinates": [ 533605.909765743883327, 7262608.232681696303189, 640.360840180644345 ] } },
{ "type": "Feature", "properties": { "Name": "SOS1_N_CREST161", "Code": null, "Northing": 304640.12644999998, "Easting": -33680.64289, "Elevation": 640.78303, "source_file": "20260317sos points.shp", "group": "SOS1", "direction": "N", "type": "CREST", "sequence": 161, "full_name": "SOS1_N_CREST161", "should_make_line": true }, "geometry": { "type": "Point", "coordinates": [ 533606.308020095922984, 7262605.775500318035483, 640.783026450355692 ] } },
{ "type": "Feature", "properties": { "Name": "SOS1_N_CREST162", "Code": null, "Northing": 304641.87988000002, "Easting": -33680.89449, "Elevation": 641.13985, "source_file": "20260317sos points.shp", "group": "SOS1", "direction": "N", "type": "CREST", "sequence": 162, "full_name": "SOS1_N_CREST162", "should_make_line": true }, "geometry": { "type": "Point", "coordinates": [ 533606.559529341524467, 7262604.022788304835558, 641.139854114197078 ] } },
{ "type": "Feature", "properties": { "Name": "SOS1_N_CREST163", "Code": null, "Northing": 304644.08466, "Easting": -33681.27237, "Elevation": 641.50179, "source_file": "20260317sos points.shp", "group": "SOS1", "direction": "N", "type": "CREST", "sequence": 163, "full_name": "SOS1_N_CREST163", "should_make_line": true }, "geometry": { "type": "Point", "coordinates": [ 533606.937251359224319, 7262601.818895930424333, 641.501787070104911 ] } },
{ "type": "Feature", "properties": { "Name": "SOS1_N_CREST164", "Code": null, "Northing": 304646.54375000001, "Easting": -33681.72013, "Elevation": 641.9744, "source_file": "20260317sos points.shp", "group": "SOS1", "direction": "N", "type": "CREST", "sequence": 164, "full_name": "SOS1_N_CREST164", "should_make_line": true }, "geometry": { "type": "Point", "coordinates": [ 533607.384839945822023, 7262599.360808851197362, 641.974398365303841 ] } },
{ "type": "Feature", "properties": { "Name": "SOS1_N_CREST165", "Code": null, "Northing": 304648.95153999998, "Easting": -33682.19079, "Elevation": 642.36946, "source_file": "20260317sos points.shp", "group": "SOS1", "direction": "N", "type": "CREST", "sequence": 165, "full_name": "SOS1_N_CREST165", "should_make_line": true }, "geometry": { "type": "Point", "coordinates": [ 533607.855311816674657, 7262596.953989073634148, 642.369464128375853 ] } },
{ "type": "Feature", "properties": { "Name": "SOS1_N_009", "Code": null, "Northing": 304649.58912000002, "Easting": -33682.30782, "Elevation": 642.52049, "source_file": "20260317sos points.shp", "group": "SOS1", "direction": "Unknown", "type": "Unknown", "sequence": 0, "full_name": "SOS1_N_009", "should_make_line": false }, "geometry": { "type": "Point", "coordinates": [ 533607.972294550505467, 7262596.316671165637672, 642.520492874845104 ] } },
{ "type": "Feature", "properties": { "Name": "SOS1_N_CREST166", "Code": null, "Northing": 304650.88721000002, "Easting": -33682.55135, "Elevation": 642.75886, "source_file": "20260317sos points.shp", "group": "SOS1", "direction": "N", "type": "CREST", "sequence": 166, "full_name": "SOS1_N_CREST166", "should_make_line": true }, "geometry": { "type": "Point", "coordinates": [ 533608.215735052712262, 7262595.019104655832052, 642.758861870639407 ] } },
{ "type": "Feature", "properties": { "Name": "SOS1_N_CREST167", "Code": null, "Northing": 304652.66072, "Easting": -33682.91477, "Elevation": 643.00939, "source_file": "20260317sos points.shp", "group": "SOS1", "direction": "N", "type": "CREST", "sequence": 167, "full_name": "SOS1_N_CREST167", "should_make_line": true }, "geometry": { "type": "Point", "coordinates": [ 533608.579008619533852, 7262593.246317186392844, 643.00939139575371 ] } },
{ "type": "Feature", "properties": { "Name": "SOS1_N_CREST168", "Code": null, "Northing": 304655.17855000001, "Easting": -33683.35482, "Elevation": 643.53117, "source_file": "20260317sos points.shp", "group": "SOS1", "direction": "N", "type": "CREST", "sequence": 168, "full_name": "SOS1_N_CREST168", "should_make_line": true }, "geometry": { "type": "Point", "coordinates": [ 533609.018882705830038, 7262590.729506928473711, 643.531165920576996 ] } },
{ "type": "Feature", "properties": { "Name": "SOS1_N_CREST169", "Code": null, "Northing": 304657.50931, "Easting": -33683.80221, "Elevation": 643.93361, "source_file": "20260317sos points.shp", "group": "SOS1", "direction": "N", "type": "CREST", "sequence": 169, "full_name": "SOS1_N_CREST169", "should_make_line": true }, "geometry": { "type": "Point", "coordinates": [ 533609.466097027994692, 7262588.399684731848538, 643.933605320554989 ] } },
{ "type": "Feature", "properties": { "Name": "SOS1_N_CREST170", "Code": null, "Northing": 304659.42886, "Easting": -33684.19068, "Elevation": 644.23163, "source_file": "20260317sos points.shp", "group": "SOS1", "direction": "N", "type": "CREST", "sequence": 170, "full_name": "SOS1_N_CREST170", "should_make_line": true }, "geometry": { "type": "Point", "coordinates": [ 533609.854410062544048, 7262586.480919852852821, 644.231625486675739 ] } },
{ "type": "Feature", "properties": { "Name": "SOS1_N_CREST171", "Code": null, "Northing": 304661.5522, "Easting": -33684.6453, "Elevation": 644.62747, "source_file": "20260317sos points.shp", "group": "SOS1", "direction": "N", "type": "CREST", "sequence": 171, "full_name": "SOS1_N_CREST171", "should_make_line": true }, "geometry": { "type": "Point", "coordinates": [ 533610.308850184781477, 7262584.358434412628412, 644.62747264073198 ] } },
{ "type": "Feature", "properties": { "Name": "SOS1_N_CREST172", "Code": null, "Northing": 304663.98093000002, "Easting": -33685.14281, "Elevation": 645.04862, "source_file": "20260317sos points.shp", "group": "SOS1", "direction": "N", "type": "CREST", "sequence": 172, "full_name": "SOS1_N_CREST172", "should_make_line": true }, "geometry": { "type": "Point", "coordinates": [ 533610.806169486255385, 7262581.930689050816, 645.048615117363511 ] } },
{ "type": "Feature", "properties": { "Name": "SOS1_N_CREST173", "Code": null, "Northing": 304666.0247, "Easting": -33685.60651, "Elevation": 645.43824, "source_file": "20260317sos points.shp", "group": "SOS1", "direction": "N", "type": "CREST", "sequence": 173, "full_name": "SOS1_N_CREST173", "should_make_line": true }, "geometry": { "type": "Point", "coordinates": [ 533611.269681711331941, 7262579.887745773419738, 645.438240026891549 ] } },
{ "type": "Feature", "properties": { "Name": "SOS1_N_CREST174", "Code": null, "Northing": 304668.33753000002, "Easting": -33686.05339, "Elevation": 645.76086, "source_file": "20260317sos points.shp", "group": "SOS1", "direction": "N", "type": "CREST", "sequence": 174, "full_name": "SOS1_N_CREST174", "should_make_line": true }, "geometry": { "type": "Point", "coordinates": [ 533611.716383679187857, 7262577.575856601819396, 645.760859323102864 ] } },
{ "type": "Feature", "properties": { "Name": "SOS1_N_CREST175", "Code": null, "Northing": 304670.45033000002, "Easting": -33686.44833, "Elevation": 646.14839, "source_file": "20260317sos points.shp", "group": "SOS1", "direction": "N", "type": "CREST", "sequence": 175, "full_name": "SOS1_N_CREST175", "should_make_line": true }, "geometry": { "type": "Point", "coordinates": [ 533612.111169281881303, 7262575.463911682367325, 646.148392419852939 ] } },
{ "type": "Feature", "properties": { "Name": "SOS1_N_CREST176", "Code": null, "Northing": 304672.53447999997, "Easting": -33686.92347, "Elevation": 646.50352, "source_file": "20260317sos points.shp", "group": "SOS1", "direction": "N", "type": "CREST", "sequence": 176, "full_name": "SOS1_N_CREST176", "should_make_line": true }, "geometry": { "type": "Point", "coordinates": [ 533612.586117233498953, 7262573.380605063401163, 646.503521905616935 ] } },
{ "type": "Feature", "properties": { "Name": "SOS1_N_CREST177", "Code": null, "Northing": 304674.56928, "Easting": -33687.01348, "Elevation": 646.90344, "source_file": "20260317sos points.shp", "group": "SOS1", "direction": "N", "type": "CREST", "sequence": 177, "full_name": "SOS1_N_CREST177", "should_make_line": true }, "geometry": { "type": "Point", "coordinates": [ 533612.676100624958053, 7262571.346629858016968, 646.903443883382351 ] } },
{ "type": "Feature", "properties": { "Name": "SOS1_N_CREST178", "Code": null, "Northing": 304676.53303, "Easting": -33687.80852, "Elevation": 647.22018, "source_file": "20260317sos points.shp", "group": "SOS1", "direction": "N", "type": "CREST", "sequence": 178, "full_name": "SOS1_N_CREST178", "should_make_line": true }, "geometry": { "type": "Point", "coordinates": [ 533613.470817365217954, 7262569.383682219311595, 647.220181417687968 ] } },
{ "type": "Feature", "properties": { "Name": "SOS1_N_CREST179", "Code": null, "Northing": 304678.35679, "Easting": -33688.24908, "Elevation": 647.61937, "source_file": "20260317sos points.shp", "group": "SOS1", "direction": "N", "type": "CREST", "sequence": 179, "full_name": "SOS1_N_CREST179", "should_make_line": true }, "geometry": { "type": "Point", "coordinates": [ 533613.91120839829091, 7262567.560661750845611, 647.619370066248052 ] } },
{ "type": "Feature", "properties": { "Name": "SOS1_N_CREST180", "Code": null, "Northing": 304680.26906000002, "Easting": -33688.69231, "Elevation": 647.9735, "source_file": "20260317sos points.shp", "group": "SOS1", "direction": "N", "type": "CREST", "sequence": 180, "full_name": "SOS1_N_CREST180", "should_make_line": true }, "geometry": { "type": "Point", "coordinates": [ 533614.354259602725506, 7262565.649166909977794, 647.973495388024958 ] } },
{ "type": "Feature", "properties": { "Name": "SOS1_N_CREST181", "Code": null, "Northing": 304682.84148, "Easting": -33689.30967, "Elevation": 648.3899, "source_file": "20260317sos points.shp", "group": "SOS1", "direction": "N", "type": "CREST", "sequence": 181, "full_name": "SOS1_N_CREST181", "should_make_line": true }, "geometry": { "type": "Point", "coordinates": [ 533614.971372385160066, 7262563.077784392982721, 648.389902953929436 ] } },
{ "type": "Feature", "properties": { "Name": "SOS1_N_CREST182", "Code": null, "Northing": 304685.53358, "Easting": -33689.95022, "Elevation": 648.86886, "source_file": "20260317sos points.shp", "group": "SOS1", "direction": "N", "type": "CREST", "sequence": 182, "full_name": "SOS1_N_CREST182", "should_make_line": true }, "geometry": { "type": "Point", "coordinates": [ 533615.611671760911122, 7262560.386777460575104, 648.868855705471105 ] } },
{ "type": "Feature", "properties": { "Name": "SOS1_N_CREST183", "Code": null, "Northing": 304687.94747999997, "Easting": -33690.51262, "Elevation": 649.40014, "source_file": "20260317sos points.shp", "group": "SOS1", "direction": "N", "type": "CREST", "sequence": 183, "full_name": "SOS1_N_CREST183", "should_make_line": true }, "geometry": { "type": "Point", "coordinates": [ 533616.173849373240955, 7262557.973849730566144, 649.400139060350511 ] } },
{ "type": "Feature", "properties": { "Name": "SOS1_N_CREST184", "Code": null, "Northing": 304690.48732999997, "Easting": -33691.09936, "Elevation": 649.87831, "source_file": "20260317sos points.shp", "group": "SOS1", "direction": "N", "type": "CREST", "sequence": 184, "full_name": "SOS1_N_CREST184", "should_make_line": true }, "geometry": { "type": "Point", "coordinates": [ 533616.760349734919146, 7262555.435035380534828, 649.878309454936129 ] } },
{ "type": "Feature", "properties": { "Name": "SOS1_N_CREST185", "Code": null, "Northing": 304693.22905000002, "Easting": -33691.78085, "Elevation": 650.34721, "source_file": "20260317sos points.shp", "group": "SOS1", "direction": "N", "type": "CREST", "sequence": 185, "full_name": "SOS1_N_CREST185", "should_make_line": true }, "geometry": { "type": "Point", "coordinates": [ 533617.441569542861544, 7262552.694429188966751, 650.347206753524119 ] } },
{ "type": "Feature", "properties": { "Name": "SOS1_N_CREST186", "Code": null, "Northing": 304694.89826, "Easting": -33692.15927, "Elevation": 650.75285, "source_file": "20260317sos points.shp", "group": "SOS1", "direction": "N", "type": "CREST", "sequence": 186, "full_name": "SOS1_N_CREST186", "should_make_line": true }, "geometry": { "type": "Point", "coordinates": [ 533617.819847180740908, 7262551.025888781994581, 650.752849833749679 ] } },
{ "type": "Feature", "properties": { "Name": "SOS1_N_CREST187", "Code": null, "Northing": 304696.92738000001, "Easting": -33692.64166, "Elevation": 651.26414, "source_file": "20260317sos points.shp", "group": "SOS1", "direction": "N", "type": "CREST", "sequence": 187, "full_name": "SOS1_N_CREST187", "should_make_line": true }, "geometry": { "type": "Point", "coordinates": [ 533618.302041769959033, 7262548.997592460364103, 651.264137250608997 ] } },
{ "type": "Feature", "properties": { "Name": "SOS1_N_010", "Code": null, "Northing": 304697.63425, "Easting": -33692.90695, "Elevation": 651.29488, "source_file": "20260317sos points.shp", "group": "SOS1", "direction": "Unknown", "type": "Unknown", "sequence": 0, "full_name": "SOS1_N_010", "should_make_line": false }, "geometry": { "type": "Point", "coordinates": [ 533618.567226255079731, 7262548.291013373062015, 651.294884002027402 ] } },
{ "type": "Feature", "properties": { "Name": "SOS1_N_CREST188", "Code": null, "Northing": 304699.60317999998, "Easting": -33693.50717, "Elevation": 651.73602, "source_file": "20260317sos points.shp", "group": "SOS1", "direction": "N", "type": "CREST", "sequence": 188, "full_name": "SOS1_N_CREST188", "should_make_line": true }, "geometry": { "type": "Point", "coordinates": [ 533619.1672123814933, 7262546.322879493236542, 651.736023833538752 ] } },
{ "type": "Feature", "properties": { "Name": "SOS1_N_CREST189", "Code": null, "Northing": 304701.58057, "Easting": -33693.99205, "Elevation": 652.04708, "source_file": "20260317sos points.shp", "group": "SOS1", "direction": "N", "type": "CREST", "sequence": 189, "full_name": "SOS1_N_CREST189", "should_make_line": true }, "geometry": { "type": "Point", "coordinates": [ 533619.651898544514552, 7262544.346289215609431, 652.047082412104601 ] } },
{ "type": "Feature", "properties": { "Name": "SOS1_N_CREST190", "Code": null, "Northing": 304703.51163999998, "Easting": -33694.49789, "Elevation": 652.4937, "source_file": "20260317sos points.shp", "group": "SOS1", "direction": "N", "type": "CREST", "sequence": 190, "full_name": "SOS1_N_CREST190", "should_make_line": true }, "geometry": { "type": "Point", "coordinates": [ 533620.157535681733862, 7262542.416004875674844, 652.493695008941017 ] } },
{ "type": "Feature", "properties": { "Name": "SOS1_N_CREST191", "Code": null, "Northing": 304704.98268999998, "Easting": -33694.88486, "Elevation": 652.83772, "source_file": "20260317sos points.shp", "group": "SOS1", "direction": "N", "type": "CREST", "sequence": 191, "full_name": "SOS1_N_CREST191", "should_make_line": true }, "geometry": { "type": "Point", "coordinates": [ 533620.544352311873809, 7262540.945545902475715, 652.837721524661561 ] } },
{ "type": "Feature", "properties": { "Name": "SOS1_N_CREST192", "Code": null, "Northing": 304706.77600999997, "Easting": -33695.37994, "Elevation": 653.14071, "source_file": "20260317sos points.shp", "group": "SOS1", "direction": "N", "type": "CREST", "sequence": 192, "full_name": "SOS1_N_CREST192", "should_make_line": true }, "geometry": { "type": "Point", "coordinates": [ 533621.039236148237251, 7262539.152952305972576, 653.140714046922312 ] } },
{ "type": "Feature", "properties": { "Name": "SOS1_N_CREST193", "Code": null, "Northing": 304708.77682000003, "Easting": -33695.94472, "Elevation": 653.52453, "source_file": "20260317sos points.shp", "group": "SOS1", "direction": "N", "type": "CREST", "sequence": 193, "full_name": "SOS1_N_CREST193", "should_make_line": true }, "geometry": { "type": "Point", "coordinates": [ 533621.603791919304058, 7262537.152954928576946, 653.524534776562746 ] } },
{ "type": "Feature", "properties": { "Name": "SOS1_N_CREST194", "Code": null, "Northing": 304710.83016000001, "Easting": -33696.50352, "Elevation": 653.95345, "source_file": "20260317sos points.shp", "group": "SOS1", "direction": "N", "type": "CREST", "sequence": 194, "full_name": "SOS1_N_CREST194", "should_make_line": true }, "geometry": { "type": "Point", "coordinates": [ 533622.162369227153249, 7262535.100445412099361, 653.953446753451885 ] } },
{ "type": "Feature", "properties": { "Name": "SOS1_N_CREST195", "Code": null, "Northing": 304712.39987000002, "Easting": -33696.84571, "Elevation": 654.19667, "source_file": "20260317sos points.shp", "group": "SOS1", "direction": "N", "type": "CREST", "sequence": 195, "full_name": "SOS1_N_CREST195", "should_make_line": true }, "geometry": { "type": "Point", "coordinates": [ 533622.504421845194884, 7262533.531378595158458, 654.196665907707484 ] } },
{ "type": "Feature", "properties": { "Name": "SOS1_N_CREST196", "Code": null, "Northing": 304714.1168, "Easting": -33697.30731, "Elevation": 654.47484, "source_file": "20260317sos points.shp", "group": "SOS1", "direction": "N", "type": "CREST", "sequence": 196, "full_name": "SOS1_N_CREST196", "should_make_line": true }, "geometry": { "type": "Point", "coordinates": [ 533622.965834462083876, 7262531.81513961777091, 654.474844274279121 ] } },
{ "type": "Feature", "properties": { "Name": "SOS1_N_CREST197", "Code": null, "Northing": 304717.1053, "Easting": -33698.23466, "Elevation": 655.08628, "source_file": "20260317sos points.shp", "group": "SOS1", "direction": "N", "type": "CREST", "sequence": 197, "full_name": "SOS1_N_CREST197", "should_make_line": true }, "geometry": { "type": "Point", "coordinates": [ 533623.892818987951614, 7262528.827854564413428, 655.086276998855055 ] } },
{ "type": "Feature", "properties": { "Name": "SOS1_N_CREST198", "Code": null, "Northing": 304719.30609000003, "Easting": -33698.83078, "Elevation": 655.59968, "source_file": "20260317sos points.shp", "group": "SOS1", "direction": "N", "type": "CREST", "sequence": 198, "full_name": "SOS1_N_CREST198", "should_make_line": true }, "geometry": { "type": "Point", "coordinates": [ 533624.488702594768256, 7262526.627955825999379, 655.599679754821523 ] } },
{ "type": "Feature", "properties": { "Name": "SOS1_N_CREST199", "Code": null, "Northing": 304721.62884000002, "Easting": -33699.51807, "Elevation": 655.9161, "source_file": "20260317sos points.shp", "group": "SOS1", "direction": "N", "type": "CREST", "sequence": 199, "full_name": "SOS1_N_CREST199", "should_make_line": true }, "geometry": { "type": "Point", "coordinates": [ 533625.175712680793367, 7262524.30614763405174, 655.916104773607344 ] } },
{ "type": "Feature", "properties": { "Name": "SOS1_N_CREST200", "Code": null, "Northing": 304724.14813, "Easting": -33700.2454, "Elevation": 656.40464, "source_file": "20260317sos points.shp", "group": "SOS1", "direction": "N", "type": "CREST", "sequence": 200, "full_name": "SOS1_N_CREST200", "should_make_line": true }, "geometry": { "type": "Point", "coordinates": [ 533625.902755948947743, 7262521.787882616743445, 656.404635027437962 ] } },
{ "type": "Feature", "properties": { "Name": "SOS1_N_CREST201", "Code": null, "Northing": 304726.62897000002, "Easting": -33700.89342, "Elevation": 656.97267, "source_file": "20260317sos points.shp", "group": "SOS1", "direction": "N", "type": "CREST", "sequence": 201, "full_name": "SOS1_N_CREST201", "should_make_line": true }, "geometry": { "type": "Point", "coordinates": [ 533626.550520281074569, 7262519.308048513717949, 656.972670111565435 ] } },
{ "type": "Feature", "properties": { "Name": "SOS1_N_CREST202", "Code": null, "Northing": 304728.22722, "Easting": -33701.33889, "Elevation": 657.19588, "source_file": "20260317sos points.shp", "group": "SOS1", "direction": "N", "type": "CREST", "sequence": 202, "full_name": "SOS1_N_CREST202", "should_make_line": true }, "geometry": { "type": "Point", "coordinates": [ 533626.995811016182415, 7262517.71044410020113, 657.195879980474274 ] } },
{ "type": "Feature", "properties": { "Name": "SOS1_N_CREST203", "Code": null, "Northing": 304729.88234000001, "Easting": -33701.87618, "Elevation": 657.57325, "source_file": "20260317sos points.shp", "group": "SOS1", "direction": "N", "type": "CREST", "sequence": 203, "full_name": "SOS1_N_CREST203", "should_make_line": true }, "geometry": { "type": "Point", "coordinates": [ 533627.532894183765166, 7262516.055988496169448, 657.57325067842487 ] } },
{ "type": "Feature", "properties": { "Name": "SOS1_N_CREST204", "Code": null, "Northing": 304732.08774, "Easting": -33702.55244, "Elevation": 658.15443, "source_file": "20260317sos points.shp", "group": "SOS1", "direction": "N", "type": "CREST", "sequence": 204, "full_name": "SOS1_N_CREST204", "should_make_line": true }, "geometry": { "type": "Point", "coordinates": [ 533628.20888148562517, 7262513.851486626081169, 658.154427215790065 ] } },
{ "type": "Feature", "properties": { "Name": "SOS1_N_CREST205", "Code": null, "Northing": 304734.20899000001, "Easting": -33703.15083, "Elevation": 658.51096, "source_file": "20260317sos points.shp", "group": "SOS1", "direction": "N", "type": "CREST", "sequence": 205, "full_name": "SOS1_N_CREST205", "should_make_line": true }, "geometry": { "type": "Point", "coordinates": [ 533628.807028700015508, 7262511.731095302850008, 658.510963428122182 ] } },
{ "type": "Feature", "properties": { "Name": "SOS1_N_CREST206", "Code": null, "Northing": 304736.11437999998, "Easting": -33703.79621, "Elevation": 658.88777, "source_file": "20260317sos points.shp", "group": "SOS1", "direction": "N", "type": "CREST", "sequence": 206, "full_name": "SOS1_N_CREST206", "should_make_line": true }, "geometry": { "type": "Point", "coordinates": [ 533629.452153990627266, 7262509.826479773968458, 658.887771680953506 ] } },
{ "type": "Feature", "properties": { "Name": "SOS1_N_CREST207", "Code": null, "Northing": 304738.10723000002, "Easting": -33704.42116, "Elevation": 659.34343, "source_file": "20260317sos points.shp", "group": "SOS1", "direction": "N", "type": "CREST", "sequence": 207, "full_name": "SOS1_N_CREST207", "should_make_line": true }, "geometry": { "type": "Point", "coordinates": [ 533630.076858942629769, 7262507.834432190284133, 659.343427775136888 ] } },
{ "type": "Feature", "properties": { "Name": "SOS1_N_011", "Code": null, "Northing": 304738.70308000001, "Easting": -33704.65112, "Elevation": 659.4573, "source_file": "20260317sos points.shp", "group": "SOS1", "direction": "Unknown", "type": "Unknown", "sequence": 0, "full_name": "SOS1_N_011", "should_make_line": false }, "geometry": { "type": "Point", "coordinates": [ 533630.306727321119979, 7262507.2388303745538, 659.45729937906458 ] } },
{ "type": "Feature", "properties": { "Name": "SOS1_N_CREST208", "Code": null, "Northing": 304740.69312000001, "Easting": -33705.25698, "Elevation": 659.92928, "source_file": "20260317sos points.shp", "group": "SOS1", "direction": "N", "type": "CREST", "sequence": 208, "full_name": "SOS1_N_CREST208", "should_make_line": true }, "geometry": { "type": "Point", "coordinates": [ 533630.912345771212131, 7262505.249591363593936, 659.92927911058996 ] } },
{ "type": "Feature", "properties": { "Name": "SOS1_N_CREST209", "Code": null, "Northing": 304742.95824000001, "Easting": -33705.93996, "Elevation": 660.41427, "source_file": "20260317sos points.shp", "group": "SOS1", "direction": "N", "type": "CREST", "sequence": 209, "full_name": "SOS1_N_CREST209", "should_make_line": true }, "geometry": { "type": "Point", "coordinates": [ 533631.595054615871049, 7262502.985395685769618, 660.414274061261608 ] } },
{ "type": "Feature", "properties": { "Name": "SOS1_N_CREST210", "Code": null, "Northing": 304745.01067, "Easting": -33706.56517, "Elevation": 660.79996, "source_file": "20260317sos points.shp", "group": "SOS1", "direction": "N", "type": "CREST", "sequence": 210, "full_name": "SOS1_N_CREST210", "should_make_line": true }, "geometry": { "type": "Point", "coordinates": [ 533632.220014870516025, 7262500.933796716853976, 660.799962717331368 ] } },
{ "type": "Feature", "properties": { "Name": "SOS1_N_CREST211", "Code": null, "Northing": 304747.34566, "Easting": -33707.28111, "Elevation": 661.35271, "source_file": "20260317sos points.shp", "group": "SOS1", "direction": "N", "type": "CREST", "sequence": 211, "full_name": "SOS1_N_CREST211", "should_make_line": true }, "geometry": { "type": "Point", "coordinates": [ 533632.93566673877649, 7262498.599756099283695, 661.352714820356255 ] } },
{ "type": "Feature", "properties": { "Name": "SOS1_N_CREST212", "Code": null, "Northing": 304749.78003999998, "Easting": -33708.00542, "Elevation": 661.8872, "source_file": "20260317sos points.shp", "group": "SOS1", "direction": "N", "type": "CREST", "sequence": 212, "full_name": "SOS1_N_CREST212", "should_make_line": true }, "geometry": { "type": "Point", "coordinates": [ 533633.659695466049016, 7262496.166362716816366, 661.887203020560037 ] } },
{ "type": "Feature", "properties": { "Name": "SOS1_N_CREST213", "Code": null, "Northing": 304752.27643000003, "Easting": -33708.8241, "Elevation": 662.33819, "source_file": "20260317sos points.shp", "group": "SOS1", "direction": "N", "type": "CREST", "sequence": 213, "full_name": "SOS1_N_CREST213", "should_make_line": true }, "geometry": { "type": "Point", "coordinates": [ 533634.478045684169047, 7262493.670981250703335, 662.338194679038679 ] } },
{ "type": "Feature", "properties": { "Name": "SOS1_N_CREST214", "Code": null, "Northing": 304755.11232999997, "Easting": -33709.68149, "Elevation": 662.94069, "source_file": "20260317sos points.shp", "group": "SOS1", "direction": "N", "type": "CREST", "sequence": 214, "full_name": "SOS1_N_CREST214", "should_make_line": true }, "geometry": { "type": "Point", "coordinates": [ 533635.33509300777223, 7262490.836228588595986, 662.94068709749115 ] } },
{ "type": "Feature", "properties": { "Name": "SOS1_N_CREST215", "Code": null, "Northing": 304757.03013000003, "Easting": -33710.28317, "Elevation": 663.39, "source_file": "20260317sos points.shp", "group": "SOS1", "direction": "N", "type": "CREST", "sequence": 215, "full_name": "SOS1_N_CREST215", "should_make_line": true }, "geometry": { "type": "Point", "coordinates": [ 533635.936534679029137, 7262488.919205421581864, 663.389995388603324 ] } },
{ "type": "Feature", "properties": { "Name": "SOS1_N_CREST216", "Code": null, "Northing": 304759.79255000001, "Easting": -33711.13467, "Elevation": 664.02059, "source_file": "20260317sos points.shp", "group": "SOS1", "direction": "N", "type": "CREST", "sequence": 216, "full_name": "SOS1_N_CREST216", "should_make_line": true }, "geometry": { "type": "Point", "coordinates": [ 533636.787702046567574, 7262486.157911138609052, 664.020594917378276 ] } },
{ "type": "Feature", "properties": { "Name": "SOS1_N_CREST217", "Code": null, "Northing": 304762.6645, "Easting": -33712.01143, "Elevation": 664.4501, "source_file": "20260317sos points.shp", "group": "SOS1", "direction": "N", "type": "CREST", "sequence": 217, "full_name": "SOS1_N_CREST217", "should_make_line": true }, "geometry": { "type": "Point", "coordinates": [ 533637.664112440543249, 7262483.287120763212442, 664.45010137961242 ] } },
{ "type": "Feature", "properties": { "Name": "SOS1_N_CREST218", "Code": null, "Northing": 304764.84464999998, "Easting": -33712.68946, "Elevation": 665.05376, "source_file": "20260317sos points.shp", "group": "SOS1", "direction": "N", "type": "CREST", "sequence": 218, "full_name": "SOS1_N_CREST218", "should_make_line": true }, "geometry": { "type": "Point", "coordinates": [ 533638.34187141736038, 7262481.107855278998613, 665.053763065771818 ] } },
{ "type": "Feature", "properties": { "Name": "SOS1_N_CREST219", "Code": null, "Northing": 304768.13614000002, "Easting": -33713.78499, "Elevation": 665.77915, "source_file": "20260317sos points.shp", "group": "SOS1", "direction": "N", "type": "CREST", "sequence": 219, "full_name": "SOS1_N_CREST219", "should_make_line": true }, "geometry": { "type": "Point", "coordinates": [ 533639.436963381012902, 7262477.817696454003453, 665.779146909886776 ] } },
{ "type": "Feature", "properties": { "Name": "SOS1_N_CREST220", "Code": null, "Northing": 304767.34888000001, "Easting": -33713.38827, "Elevation": 665.2736, "source_file": "20260317sos points.shp", "group": "SOS1", "direction": "N", "type": "CREST", "sequence": 220, "full_name": "SOS1_N_CREST220", "should_make_line": true }, "geometry": { "type": "Point", "coordinates": [ 533639.040396864409558, 7262478.604644051752985, 665.273599015305081 ] } },
{ "type": "Feature", "properties": { "Name": "SOS1_N_CREST221", "Code": null, "Northing": 304767.35002999997, "Easting": -33713.38848, "Elevation": 665.26431, "source_file": "20260317sos points.shp", "group": "SOS1", "direction": "N", "type": "CREST", "sequence": 221, "full_name": "SOS1_N_CREST221", "should_make_line": true }, "geometry": { "type": "Point", "coordinates": [ 533639.040606142021716, 7262478.603491448797286, 665.264311595294544 ] } },
{ "type": "Feature", "properties": { "Name": "SOS1_N_CREST222", "Code": null, "Northing": 304767.20522, "Easting": -33713.77366, "Elevation": 665.22324, "source_file": "20260317sos points.shp", "group": "SOS1", "direction": "N", "type": "CREST", "sequence": 222, "full_name": "SOS1_N_CREST222", "should_make_line": true }, "geometry": { "type": "Point", "coordinates": [ 533639.425636223750189, 7262478.748246317729354, 665.22323582732929 ] } },
{ "type": "Feature", "properties": { "Name": "SOS1_N_CREST223", "Code": null, "Northing": 304769.44458000001, "Easting": -33714.46439, "Elevation": 665.63315, "source_file": "20260317sos points.shp", "group": "SOS1", "direction": "N", "type": "CREST", "sequence": 223, "full_name": "SOS1_N_CREST223", "should_make_line": true }, "geometry": { "type": "Point", "coordinates": [ 533640.116091521573253, 7262476.509787583723664, 665.633151666040931 ] } },
{ "type": "Feature", "properties": { "Name": "SOS1_N_CREST224", "Code": null, "Northing": 304771.84349, "Easting": -33715.31951, "Elevation": 666.18915, "source_file": "20260317sos points.shp", "group": "SOS1", "direction": "N", "type": "CREST", "sequence": 224, "full_name": "SOS1_N_CREST224", "should_make_line": true }, "geometry": { "type": "Point", "coordinates": [ 533640.970866548013873, 7262474.111852057278156, 666.189154422443266 ] } },
{ "type": "Feature", "properties": { "Name": "SOS1_N_CREST225", "Code": null, "Northing": 304774.37863, "Easting": -33716.16373, "Elevation": 666.79219, "source_file": "20260317sos points.shp", "group": "SOS1", "direction": "N", "type": "CREST", "sequence": 225, "full_name": "SOS1_N_CREST225", "should_make_line": true }, "geometry": { "type": "Point", "coordinates": [ 533641.814751057419926, 7262471.577737607061863, 666.792194431309895 ] } },
{ "type": "Feature", "properties": { "Name": "SOS1_N_CREST226", "Code": null, "Northing": 304776.92049, "Easting": -33716.96174, "Elevation": 667.40067, "source_file": "20260317sos points.shp", "group": "SOS1", "direction": "N", "type": "CREST", "sequence": 226, "full_name": "SOS1_N_CREST226", "should_make_line": true }, "geometry": { "type": "Point", "coordinates": [ 533642.612442100420594, 7262469.036913528107107, 667.400665497776231 ] } },
{ "type": "Feature", "properties": { "Name": "SOS1_N_CREST227", "Code": null, "Northing": 304779.43660999998, "Easting": -33717.68977, "Elevation": 667.97536, "source_file": "20260317sos points.shp", "group": "SOS1", "direction": "N", "type": "CREST", "sequence": 227, "full_name": "SOS1_N_CREST227", "should_make_line": true }, "geometry": { "type": "Point", "coordinates": [ 533643.340180381201208, 7262466.521809032186866, 667.975359704416178 ] } },
{ "type": "Feature", "properties": { "Name": "SOS1_N_CREST228", "Code": null, "Northing": 304781.72862000001, "Easting": -33718.27294, "Elevation": 668.36179, "source_file": "20260317sos points.shp", "group": "SOS1", "direction": "N", "type": "CREST", "sequence": 228, "full_name": "SOS1_N_CREST228", "should_make_line": true }, "geometry": { "type": "Point", "coordinates": [ 533643.9231193063315, 7262464.230732392519712, 668.361788377800622 ] } },
{ "type": "Feature", "properties": { "Name": "SOS1_N_CREST229", "Code": null, "Northing": 304784.10601, "Easting": -33718.95167, "Elevation": 668.99115, "source_file": "20260317sos points.shp", "group": "SOS1", "direction": "N", "type": "CREST", "sequence": 229, "full_name": "SOS1_N_CREST229", "should_make_line": true }, "geometry": { "type": "Point", "coordinates": [ 533644.601589106721804, 7262461.854298978112638, 668.991153608956211 ] } },
{ "type": "Feature", "properties": { "Name": "SOS1_N_CREST230", "Code": null, "Northing": 304786.44279, "Easting": -33719.61135, "Elevation": 669.46775, "source_file": "20260317sos points.shp", "group": "SOS1", "direction": "N", "type": "CREST", "sequence": 230, "full_name": "SOS1_N_CREST230", "should_make_line": true }, "geometry": { "type": "Point", "coordinates": [ 533645.261002761078998, 7262459.518471802584827, 669.467750824202767 ] } },
{ "type": "Feature", "properties": { "Name": "SOS1_N_012", "Code": null, "Northing": 304786.99842000002, "Easting": -33719.78105, "Elevation": 669.51768, "source_file": "20260317sos points.shp", "group": "SOS1", "direction": "Unknown", "type": "Unknown", "sequence": 0, "full_name": "SOS1_N_012", "should_make_line": false }, "geometry": { "type": "Point", "coordinates": [ 533645.430631918716244, 7262458.963070620782673, 669.517680002840962 ] } },
{ "type": "Feature", "properties": { "Name": "SOS1_N_CREST_231", "Code": null, "Northing": 304788.69655, "Easting": -33720.34985, "Elevation": 669.99341, "source_file": "20260317sos points.shp", "group": "SOS1", "direction": "N", "type": "CREST", "sequence": 231, "full_name": "SOS1_N_CREST_231", "should_make_line": true }, "geometry": { "type": "Point", "coordinates": [ 533645.999208996654488, 7262457.265626104548573, 669.993411842617434 ] } },
{ "type": "Feature", "properties": { "Name": "SOS1_N_CREST_232", "Code": null, "Northing": 304791.34491, "Easting": -33721.04471, "Elevation": 670.49732, "source_file": "20260317sos points.shp", "group": "SOS1", "direction": "N", "type": "CREST", "sequence": 232, "full_name": "SOS1_N_CREST_232", "should_make_line": true }, "geometry": { "type": "Point", "coordinates": [ 533646.693794976919889, 7262454.618337825872004, 670.497316361354706 ] } },
{ "type": "Feature", "properties": { "Name": "SOS1_N_CREST_233", "Code": null, "Northing": 304793.95535, "Easting": -33721.83114, "Elevation": 670.94384, "source_file": "20260317sos points.shp", "group": "SOS1", "direction": "N", "type": "CREST", "sequence": 233, "full_name": "SOS1_N_CREST_233", "should_make_line": true }, "geometry": { "type": "Point", "coordinates": [ 533647.479913993971422, 7262452.008951385505497, 670.943838097845628 ] } },
{ "type": "Feature", "properties": { "Name": "SOS1_N_CREST_234", "Code": null, "Northing": 304796.31644999998, "Easting": -33722.51546, "Elevation": 671.52308, "source_file": "20260317sos points.shp", "group": "SOS1", "direction": "N", "type": "CREST", "sequence": 234, "full_name": "SOS1_N_CREST_234", "should_make_line": true }, "geometry": { "type": "Point", "coordinates": [ 533648.163957217475399, 7262449.648812046274543, 671.523084381870035 ] } },
{ "type": "Feature", "properties": { "Name": "SOS1_N_CREST_235", "Code": null, "Northing": 304798.50046000001, "Easting": -33723.20167, "Elevation": 672.03319, "source_file": "20260317sos points.shp", "group": "SOS1", "direction": "N", "type": "CREST", "sequence": 235, "full_name": "SOS1_N_CREST_235", "should_make_line": true }, "geometry": { "type": "Point", "coordinates": [ 533648.849892246653326, 7262447.465688491240144, 672.03319415863848 ] } },
{ "type": "Feature", "properties": { "Name": "SOS1_N_CREST_236", "Code": null, "Northing": 304801.35602000001, "Easting": -33724.00271, "Elevation": 672.54245, "source_file": "20260317sos points.shp", "group": "SOS1", "direction": "N", "type": "CREST", "sequence": 236, "full_name": "SOS1_N_CREST_236", "should_make_line": true }, "geometry": { "type": "Point", "coordinates": [ 533649.650619900552556, 7262444.611289970576763, 672.542449107610082 ] } },
{ "type": "Feature", "properties": { "Name": "SOS1_N_CREST_237", "Code": null, "Northing": 304804.24274999998, "Easting": -33724.85076, "Elevation": 673.25511, "source_file": "20260317sos points.shp", "group": "SOS1", "direction": "N", "type": "CREST", "sequence": 237, "full_name": "SOS1_N_CREST_237", "should_make_line": true }, "geometry": { "type": "Point", "coordinates": [ 533650.49832984758541, 7262441.725729640573263, 673.255112663372984 ] } },
{ "type": "Feature", "properties": { "Name": "SOS1_N_CREST_238", "Code": null, "Northing": 304807.15577000001, "Easting": -33725.71137, "Elevation": 673.87085, "source_file": "20260317sos points.shp", "group": "SOS1", "direction": "N", "type": "CREST", "sequence": 238, "full_name": "SOS1_N_CREST_238", "should_make_line": true }, "geometry": { "type": "Point", "coordinates": [ 533651.358598931343295, 7262438.813887035474181, 673.870848380824896 ] } },
{ "type": "Feature", "properties": { "Name": "SOS1_N_CREST_239", "Code": null, "Northing": 304809.07509, "Easting": -33726.27231, "Elevation": 674.30817, "source_file": "20260317sos points.shp", "group": "SOS1", "direction": "N", "type": "CREST", "sequence": 239, "full_name": "SOS1_N_CREST_239", "should_make_line": true }, "geometry": { "type": "Point", "coordinates": [ 533651.919313360122032, 7262436.895344844087958, 674.308173027118187 ] } },
{ "type": "Feature", "properties": { "Name": "SOS1_N_CREST_240", "Code": null, "Northing": 304810.82442000002, "Easting": -33726.69466, "Elevation": 674.60844, "source_file": "20260317sos points.shp", "group": "SOS1", "direction": "N", "type": "CREST", "sequence": 240, "full_name": "SOS1_N_CREST_240", "should_make_line": true }, "geometry": { "type": "Point", "coordinates": [ 533652.341502005816437, 7262435.146723734214902, 674.608438145389982 ] } },
{ "type": "Feature", "properties": { "Name": "SOS1_N_CREST_241", "Code": null, "Northing": 304813.5703, "Easting": -33727.61574, "Elevation": 675.19538, "source_file": "20260317sos points.shp", "group": "SOS1", "direction": "N", "type": "CREST", "sequence": 241, "full_name": "SOS1_N_CREST_241", "should_make_line": true }, "geometry": { "type": "Point", "coordinates": [ 533653.262207412160933, 7262432.401954621076584, 675.195376329528813 ] } },
{ "type": "Feature", "properties": { "Name": "SOS1_N_CREST_242", "Code": null, "Northing": 304816.44251000002, "Easting": -33728.63029, "Elevation": 675.902, "source_file": "20260317sos points.shp", "group": "SOS1", "direction": "N", "type": "CREST", "sequence": 242, "full_name": "SOS1_N_CREST_242", "should_make_line": true }, "geometry": { "type": "Point", "coordinates": [ 533654.276358642615378, 7262429.530913640744984, 675.902003239464307 ] } },
{ "type": "Feature", "properties": { "Name": "SOS1_N_CREST_243", "Code": null, "Northing": 304819.36111, "Easting": -33729.49972, "Elevation": 676.48602, "source_file": "20260317sos points.shp", "group": "SOS1", "direction": "N", "type": "CREST", "sequence": 243, "full_name": "SOS1_N_CREST_243", "should_make_line": true }, "geometry": { "type": "Point", "coordinates": [ 533655.14544195367489, 7262426.613500183448195, 676.486021004831855 ] } },
{ "type": "Feature", "properties": { "Name": "SOS1_N_CREST_244", "Code": null, "Northing": 304821.98781000002, "Easting": -33730.42436, "Elevation": 677.14226, "source_file": "20260317sos points.shp", "group": "SOS1", "direction": "N", "type": "CREST", "sequence": 244, "full_name": "SOS1_N_CREST_244", "should_make_line": true }, "geometry": { "type": "Point", "coordinates": [ 533656.069717421894893, 7262423.98785956390202, 677.142258523091186 ] } },
{ "type": "Feature", "properties": { "Name": "SOS1_N_CREST_245", "Code": null, "Northing": 304824.53884, "Easting": -33731.13727, "Elevation": 677.73548, "source_file": "20260317sos points.shp", "group": "SOS1", "direction": "N", "type": "CREST", "sequence": 245, "full_name": "SOS1_N_CREST_245", "should_make_line": true }, "geometry": { "type": "Point", "coordinates": [ 533656.782341871643439, 7262421.437860934063792, 677.735477588190975 ] } },
{ "type": "Feature", "properties": { "Name": "SOS1_N_CREST_246", "Code": null, "Northing": 304828.4879, "Easting": -33732.13254, "Elevation": 678.56026, "source_file": "20260317sos points.shp", "group": "SOS1", "direction": "N", "type": "CREST", "sequence": 246, "full_name": "SOS1_N_CREST_246", "should_make_line": true }, "geometry": { "type": "Point", "coordinates": [ 533657.777215953217819, 7262417.490409404970706, 678.560261251863494 ] } },
{ "type": "Feature", "properties": { "Name": "SOS1_N_CREST_247", "Code": null, "Northing": 304830.73423, "Easting": -33732.83015, "Elevation": 679.18707, "source_file": "20260317sos points.shp", "group": "SOS1", "direction": "N", "type": "CREST", "sequence": 247, "full_name": "SOS1_N_CREST_247", "should_make_line": true }, "geometry": { "type": "Point", "coordinates": [ 533658.474554427317344, 7262415.2449841350317, 679.187066157687127 ] } },
{ "type": "Feature", "properties": { "Name": "SOS1_N_CREST_248", "Code": null, "Northing": 304832.7959, "Easting": -33733.3684, "Elevation": 679.6891, "source_file": "20260317sos points.shp", "group": "SOS1", "direction": "N", "type": "CREST", "sequence": 248, "full_name": "SOS1_N_CREST_248", "should_make_line": true }, "geometry": { "type": "Point", "coordinates": [ 533659.012590199359693, 7262413.184149609878659, 679.689104936274703 ] } },
{ "type": "Feature", "properties": { "Name": "SOS1_N_CREST_249", "Code": null, "Northing": 304835.07036999997, "Easting": -33733.89219, "Elevation": 679.99388, "source_file": "20260317sos points.shp", "group": "SOS1", "direction": "N", "type": "CREST", "sequence": 249, "full_name": "SOS1_N_CREST_249", "should_make_line": true }, "geometry": { "type": "Point", "coordinates": [ 533659.536172789055854, 7262410.910603366792202, 679.99388201266504 ] } },
{ "type": "Feature", "properties": { "Name": "SOS1_N_CREST_250", "Code": null, "Northing": 304836.87092999998, "Easting": -33734.55377, "Elevation": 680.56232, "source_file": "20260317sos points.shp", "group": "SOS1", "direction": "N", "type": "CREST", "sequence": 250, "full_name": "SOS1_N_CREST_250", "should_make_line": true }, "geometry": { "type": "Point", "coordinates": [ 533660.197488206787966, 7262409.110773395746946, 680.562317202206827 ] } },
{ "type": "Feature", "properties": { "Name": "SOS1_N_013", "Code": null, "Northing": 304839.00783999998, "Easting": -33734.96691, "Elevation": 680.90822, "source_file": "20260317sos points.shp", "group": "SOS1", "direction": "Unknown", "type": "Unknown", "sequence": 0, "full_name": "SOS1_N_013", "should_make_line": false }, "geometry": { "type": "Point", "coordinates": [ 533660.610460054827854, 7262406.974728432483971, 680.908223471936367 ] } },
{ "type": "Feature", "properties": { "Name": "SOS1_N_CREST_251", "Code": null, "Northing": 304841.56589000003, "Easting": -33735.64279, "Elevation": 681.57252, "source_file": "20260317sos points.shp", "group": "SOS1", "direction": "N", "type": "CREST", "sequence": 251, "full_name": "SOS1_N_CREST_251", "should_make_line": true }, "geometry": { "type": "Point", "coordinates": [ 533661.286072467686608, 7262404.417714925482869, 681.572517129127277 ] } },
{ "type": "Feature", "properties": { "Name": "SOS1_N_CREST_252", "Code": null, "Northing": 304844.84201999998, "Easting": -33736.55243, "Elevation": 682.2971, "source_file": "20260317sos points.shp", "group": "SOS1", "direction": "N", "type": "CREST", "sequence": 252, "full_name": "SOS1_N_CREST_252", "should_make_line": true }, "geometry": { "type": "Point", "coordinates": [ 533662.195356217911467, 7262401.142922229133546, 682.297102727975357 ] } },
{ "type": "Feature", "properties": { "Name": "SOS1_N_CREST_253", "Code": null, "Northing": 304848.05839000002, "Easting": -33737.44317, "Elevation": 683.09348, "source_file": "20260317sos points.shp", "group": "SOS1", "direction": "N", "type": "CREST", "sequence": 253, "full_name": "SOS1_N_CREST_253", "should_make_line": true }, "geometry": { "type": "Point", "coordinates": [ 533663.085742449038662, 7262397.927848810330033, 683.093475614440081 ] } },
{ "type": "Feature", "properties": { "Name": "SOS1_N_CREST_254", "Code": null, "Northing": 304851.34602, "Easting": -33738.21375, "Elevation": 683.74357, "source_file": "20260317sos points.shp", "group": "SOS1", "direction": "N", "type": "CREST", "sequence": 254, "full_name": "SOS1_N_CREST_254", "should_make_line": true }, "geometry": { "type": "Point", "coordinates": [ 533663.856020458042622, 7262394.641551751643419, 683.743571273613838 ] } },
{ "type": "Feature", "properties": { "Name": "SOS1_N_CREST_255", "Code": null, "Northing": 304853.86297000002, "Easting": -33738.98491, "Elevation": 684.43325, "source_file": "20260317sos points.shp", "group": "SOS1", "direction": "N", "type": "CREST", "sequence": 255, "full_name": "SOS1_N_CREST_255", "should_make_line": true }, "geometry": { "type": "Point", "coordinates": [ 533664.626877525472082, 7262392.125626162625849, 684.433250788511259 ] } },
{ "type": "Feature", "properties": { "Name": "SOS1_N_CREST_256", "Code": null, "Northing": 304856.18978000002, "Easting": -33739.42488, "Elevation": 684.85004, "source_file": "20260317sos points.shp", "group": "SOS1", "direction": "N", "type": "CREST", "sequence": 256, "full_name": "SOS1_N_CREST_256", "should_make_line": true }, "geometry": { "type": "Point", "coordinates": [ 533665.066666805418208, 7262389.799762966111302, 684.850040454366876 ] } },
{ "type": "Feature", "properties": { "Name": "SOS1_N_CREST_257", "Code": null, "Northing": 304857.82536000002, "Easting": -33739.98576, "Elevation": 685.24694, "source_file": "20260317sos points.shp", "group": "SOS1", "direction": "N", "type": "CREST", "sequence": 257, "full_name": "SOS1_N_CREST_257", "should_make_line": true }, "geometry": { "type": "Point", "coordinates": [ 533665.627326564397663, 7262388.164837546646595, 685.246944384153721 ] } },
{ "type": "Feature", "properties": { "Name": "SOS1_N_CREST_258", "Code": null, "Northing": 304861.66465, "Easting": -33740.82486, "Elevation": 686.15162, "source_file": "20260317sos points.shp", "group": "SOS1", "direction": "N", "type": "CREST", "sequence": 258, "full_name": "SOS1_N_CREST_258", "should_make_line": true }, "geometry": { "type": "Point", "coordinates": [ 533666.466094189672731, 7262384.327112110331655, 686.151624010514638 ] } },
{ "type": "Feature", "properties": { "Name": "SOS1_N_CREST_259", "Code": null, "Northing": 304864.87351, "Easting": -33741.63453, "Elevation": 686.8933, "source_file": "20260317sos points.shp", "group": "SOS1", "direction": "N", "type": "CREST", "sequence": 259, "full_name": "SOS1_N_CREST_259", "should_make_line": true }, "geometry": { "type": "Point", "coordinates": [ 533667.275441325386055, 7262381.119550572708249, 686.893302004618818 ] } },
{ "type": "Feature", "properties": { "Name": "SOS1_N_CREST_260", "Code": null, "Northing": 304868.97428000002, "Easting": -33742.40578, "Elevation": 687.86854, "source_file": "20260317sos points.shp", "group": "SOS1", "direction": "N", "type": "CREST", "sequence": 260, "full_name": "SOS1_N_CREST_260", "should_make_line": true }, "geometry": { "type": "Point", "coordinates": [ 533668.046393667464145, 7262377.020446070469916, 687.868543868846245 ] } },
{ "type": "Feature", "properties": { "Name": "SOS1_N_CREST_261", "Code": null, "Northing": 304872.06565, "Easting": -33743.05225, "Elevation": 688.55871, "source_file": "20260317sos points.shp", "group": "SOS1", "direction": "N", "type": "CREST", "sequence": 261, "full_name": "SOS1_N_CREST_261", "should_make_line": true }, "geometry": { "type": "Point", "coordinates": [ 533668.692604956799187, 7262373.930329575203359, 688.558709074635544 ] } },
{ "type": "Feature", "properties": { "Name": "SOS1_N_CREST_262", "Code": null, "Northing": 304875.89892000001, "Easting": -33743.66706, "Elevation": 689.37613, "source_file": "20260317sos points.shp", "group": "SOS1", "direction": "N", "type": "CREST", "sequence": 262, "full_name": "SOS1_N_CREST_262", "should_make_line": true }, "geometry": { "type": "Point", "coordinates": [ 533669.307176532689482, 7262370.098609544336796, 689.376127478658532 ] } },
{ "type": "Feature", "properties": { "Name": "SOS1_N_CREST_263", "Code": null, "Northing": 304879.81686999998, "Easting": -33744.21559, "Elevation": 690.25739, "source_file": "20260317sos points.shp", "group": "SOS1", "direction": "N", "type": "CREST", "sequence": 263, "full_name": "SOS1_N_CREST_263", "should_make_line": true }, "geometry": { "type": "Point", "coordinates": [ 533669.855497632175684, 7262366.182247480377555, 690.25739086425051 ] } },
{ "type": "Feature", "properties": { "Name": "SOS1_N_CREST_264", "Code": null, "Northing": 304883.42888000002, "Easting": -33744.73207, "Elevation": 691.11848, "source_file": "20260317sos points.shp", "group": "SOS1", "direction": "N", "type": "CREST", "sequence": 264, "full_name": "SOS1_N_CREST_264", "should_make_line": true }, "geometry": { "type": "Point", "coordinates": [ 533670.371773601626046, 7262362.571706665679812, 691.11847601044326 ] } },
{ "type": "Feature", "properties": { "Name": "SOS1_N_CREST_265", "Code": null, "Northing": 304884.94848999998, "Easting": -33744.80416, "Elevation": 691.80586, "source_file": "20260317sos points.shp", "group": "SOS1", "direction": "N", "type": "CREST", "sequence": 265, "full_name": "SOS1_N_CREST_265", "should_make_line": true }, "geometry": { "type": "Point", "coordinates": [ 533670.443843466578983, 7262361.052707710303366, 691.805862920346613 ] } },
{ "type": "Feature", "properties": { "Name": "SOS1_N_CREST_266", "Code": null, "Northing": 304888.95361000003, "Easting": -33745.27038, "Elevation": 692.67811, "source_file": "20260317sos points.shp", "group": "SOS1", "direction": "N", "type": "CREST", "sequence": 266, "full_name": "SOS1_N_CREST_266", "should_make_line": true }, "geometry": { "type": "Point", "coordinates": [ 533670.909886042354628, 7262357.049217656254768, 692.678113693540695 ] } },
{ "type": "Feature", "properties": { "Name": "SOS1_N_CREST_267", "Code": null, "Northing": 304893.17077000003, "Easting": -33745.76801, "Elevation": 693.6706, "source_file": "20260317sos points.shp", "group": "SOS1", "direction": "N", "type": "CREST", "sequence": 267, "full_name": "SOS1_N_CREST_267", "should_make_line": true }, "geometry": { "type": "Point", "coordinates": [ 533671.407319882884622, 7262352.833764880895615, 693.670600196780128 ] } },
{ "type": "Feature", "properties": { "Name": "SOS1_N_CREST_268", "Code": null, "Northing": 304897.29556, "Easting": -33746.23848, "Elevation": 694.52418, "source_file": "20260317sos points.shp", "group": "SOS1", "direction": "N", "type": "CREST", "sequence": 268, "full_name": "SOS1_N_CREST_268", "should_make_line": true }, "geometry": { "type": "Point", "coordinates": [ 533671.877606780733913, 7262348.710641231387854, 694.524175528680189 ] } },
{ "type": "Feature", "properties": { "Name": "SOS1_N_CREST_269", "Code": null, "Northing": 304900.70912999997, "Easting": -33746.50154, "Elevation": 695.16876, "source_file": "20260317sos points.shp", "group": "SOS1", "direction": "N", "type": "CREST", "sequence": 269, "full_name": "SOS1_N_CREST_269", "should_make_line": true }, "geometry": { "type": "Point", "coordinates": [ 533672.14057424699422, 7262345.298461811617017, 695.168761843870016 ] } },
{ "type": "Feature", "properties": { "Name": "SOS1_N_CREST_270", "Code": null, "Northing": 304904.16220999998, "Easting": -33746.7103, "Elevation": 695.98227, "source_file": "20260317sos points.shp", "group": "SOS1", "direction": "N", "type": "CREST", "sequence": 270, "full_name": "SOS1_N_CREST_270", "should_make_line": true }, "geometry": { "type": "Point", "coordinates": [ 533672.34925141162239, 7262341.846774963662028, 695.9822663234022 ] } },
{ "type": "Feature", "properties": { "Name": "SOS1_N_CREST_271", "Code": null, "Northing": 304907.58638, "Easting": -33746.76773, "Elevation": 696.74878, "source_file": "20260317sos points.shp", "group": "SOS1", "direction": "N", "type": "CREST", "sequence": 271, "full_name": "SOS1_N_CREST_271", "should_make_line": true }, "geometry": { "type": "Point", "coordinates": [ 533672.406664567766711, 7262338.423996198922396, 696.748780803954332 ] } },
{ "type": "Feature", "properties": { "Name": "SOS1_N_CREST_272", "Code": null, "Northing": 304911.81488999998, "Easting": -33746.84687, "Elevation": 697.57092, "source_file": "20260317sos points.shp", "group": "SOS1", "direction": "N", "type": "CREST", "sequence": 272, "full_name": "SOS1_N_CREST_272", "should_make_line": true }, "geometry": { "type": "Point", "coordinates": [ 533672.485783952986822, 7262334.19720137771219, 697.570915205883693 ] } },
{ "type": "Feature", "properties": { "Name": "SOS1_N_CREST_273", "Code": null, "Northing": 304916.28577999998, "Easting": -33746.77113, "Elevation": 698.5185, "source_file": "20260317sos points.shp", "group": "SOS1", "direction": "N", "type": "CREST", "sequence": 273, "full_name": "SOS1_N_CREST_273", "should_make_line": true }, "geometry": { "type": "Point", "coordinates": [ 533672.410082884947769, 7262329.728123707696795, 698.518502559536046 ] } },
{ "type": "Feature", "properties": { "Name": "SOS1_N_CREST_274", "Code": null, "Northing": 304919.7075, "Easting": -33746.731, "Elevation": 699.19023, "source_file": "20260317sos points.shp", "group": "SOS1", "direction": "N", "type": "CREST", "sequence": 274, "full_name": "SOS1_N_CREST_274", "should_make_line": true }, "geometry": { "type": "Point", "coordinates": [ 533672.369973541470245, 7262326.307788454927504, 699.19022968518118 ] } },
{ "type": "Feature", "properties": { "Name": "SOS1_N_014", "Code": null, "Northing": 304921.65522000002, "Easting": -33746.69129, "Elevation": 699.54496, "source_file": "20260317sos points.shp", "group": "SOS1", "direction": "Unknown", "type": "Unknown", "sequence": 0, "full_name": "SOS1_N_014", "should_make_line": false }, "geometry": { "type": "Point", "coordinates": [ 533672.330289533594623, 7262324.360862623900175, 699.544959979030295 ] } },
{ "type": "Feature", "properties": { "Name": "SOS1_N_CREST_275", "Code": null, "Northing": 304923.71547, "Easting": -33746.6426, "Elevation": 699.93952, "source_file": "20260317sos points.shp", "group": "SOS1", "direction": "N", "type": "CREST", "sequence": 275, "full_name": "SOS1_N_CREST_275", "should_make_line": true }, "geometry": { "type": "Point", "coordinates": [ 533672.281624927418306, 7262322.301444106735289, 699.93952077561255 ] } },
{ "type": "Feature", "properties": { "Name": "SOS1_N_CREST_276", "Code": null, "Northing": 304928.0029, "Easting": -33746.52778, "Elevation": 700.80219, "source_file": "20260317sos points.shp", "group": "SOS1", "direction": "N", "type": "CREST", "sequence": 276, "full_name": "SOS1_N_CREST_276", "should_make_line": true }, "geometry": { "type": "Point", "coordinates": [ 533672.166859347722493, 7262318.015751454047859, 700.802190960495295 ] } },
{ "type": "Feature", "properties": { "Name": "SOS1_N_CREST_277", "Code": null, "Northing": 304931.14399000001, "Easting": -33746.34815, "Elevation": 701.50513, "source_file": "20260317sos points.shp", "group": "SOS1", "direction": "N", "type": "CREST", "sequence": 277, "full_name": "SOS1_N_CREST_277", "should_make_line": true }, "geometry": { "type": "Point", "coordinates": [ 533671.987304245354608, 7262314.875932939350605, 701.505132655846865 ] } },
{ "type": "Feature", "properties": { "Name": "SOS1_N_CREST_278", "Code": null, "Northing": 304934.99011999997, "Easting": -33746.07513, "Elevation": 702.19513, "source_file": "20260317sos points.shp", "group": "SOS1", "direction": "N", "type": "CREST", "sequence": 278, "full_name": "SOS1_N_CREST_278", "should_make_line": true }, "geometry": { "type": "Point", "coordinates": [ 533671.714399859658442, 7262311.031370149925351, 702.195130231416101 ] } },
{ "type": "Feature", "properties": { "Name": "SOS1_N_CREST_279", "Code": null, "Northing": 304938.70711000002, "Easting": -33745.75521, "Elevation": 702.85975, "source_file": "20260317sos points.shp", "group": "SOS1", "direction": "N", "type": "CREST", "sequence": 279, "full_name": "SOS1_N_CREST_279", "should_make_line": true }, "geometry": { "type": "Point", "coordinates": [ 533671.394620736595243, 7262307.315880933776498, 702.859753054604198 ] } },
{ "type": "Feature", "properties": { "Name": "SOS1_N_CREST_280", "Code": null, "Northing": 304942.72749000002, "Easting": -33745.412, "Elevation": 703.65494, "source_file": "20260317sos points.shp", "group": "SOS1", "direction": "N", "type": "CREST", "sequence": 280, "full_name": "SOS1_N_CREST_280", "should_make_line": true }, "geometry": { "type": "Point", "coordinates": [ 533671.051553849829361, 7262303.297136287204921, 703.654941582363449 ] } },
{ "type": "Feature", "properties": { "Name": "SOS1_N_CREST_281", "Code": null, "Northing": 304942.73259000003, "Easting": -33745.40526, "Elevation": 703.66848, "source_file": "20260317sos points.shp", "group": "SOS1", "direction": "N", "type": "CREST", "sequence": 281, "full_name": "SOS1_N_CREST_281", "should_make_line": true }, "geometry": { "type": "Point", "coordinates": [ 533671.044817815884016, 7262303.292032942175865, 703.668480245829414 ] } },
{ "type": "Feature", "properties": { "Name": "SOS1_N_CREST_282", "Code": null, "Northing": 304947.12597, "Easting": -33744.80871, "Elevation": 704.4838, "source_file": "20260317sos points.shp", "group": "SOS1", "direction": "N", "type": "CREST", "sequence": 282, "full_name": "SOS1_N_CREST_282", "should_make_line": true }, "geometry": { "type": "Point", "coordinates": [ 533670.448514156509191, 7262298.900437422096729, 704.483800220657145 ] } },
{ "type": "Feature", "properties": { "Name": "SOS1_N_CREST_283", "Code": null, "Northing": 304951.95708999998, "Easting": -33744.10881, "Elevation": 705.3665, "source_file": "20260317sos points.shp", "group": "SOS1", "direction": "N", "type": "CREST", "sequence": 283, "full_name": "SOS1_N_CREST_283", "should_make_line": true }, "geometry": { "type": "Point", "coordinates": [ 533669.748909170273691, 7262294.071273446083069, 705.366500974358701 ] } },
{ "type": "Feature", "properties": { "Name": "SOS1_N_CREST_284", "Code": null, "Northing": 304955.82984000002, "Easting": -33743.51773, "Elevation": 705.99176, "source_file": "20260317sos points.shp", "group": "SOS1", "direction": "N", "type": "CREST", "sequence": 284, "full_name": "SOS1_N_CREST_284", "should_make_line": true }, "geometry": { "type": "Point", "coordinates": [ 533669.158071912126616, 7262290.200093431398273, 705.991763034227688 ] } },
{ "type": "Feature", "properties": { "Name": "SOS1_N_CREST_285", "Code": null, "Northing": 304959.22707000002, "Easting": -33742.97717, "Elevation": 706.54648, "source_file": "20260317sos points.shp", "group": "SOS1", "direction": "N", "type": "CREST", "sequence": 285, "full_name": "SOS1_N_CREST_285", "should_make_line": true }, "geometry": { "type": "Point", "coordinates": [ 533668.617739839013666, 7262286.804241204634309, 706.546478616306217 ] } },
{ "type": "Feature", "properties": { "Name": "SOS1_N_CREST_286", "Code": null, "Northing": 304963.48585, "Easting": -33742.22288, "Elevation": 707.15285, "source_file": "20260317sos points.shp", "group": "SOS1", "direction": "N", "type": "CREST", "sequence": 286, "full_name": "SOS1_N_CREST_286", "should_make_line": true }, "geometry": { "type": "Point", "coordinates": [ 533667.863755323458463, 7262282.547188971191645, 707.152849288778725 ] } },
{ "type": "Feature", "properties": { "Name": "SOS1_N_CREST_287", "Code": null, "Northing": 304967.82981999998, "Easting": -33741.39923, "Elevation": 707.86319, "source_file": "20260317sos points.shp", "group": "SOS1", "direction": "N", "type": "CREST", "sequence": 287, "full_name": "SOS1_N_CREST_287", "should_make_line": true }, "geometry": { "type": "Point", "coordinates": [ 533667.040449515683576, 7262278.20497677475214, 707.863194574040676 ] } },
{ "type": "Feature", "properties": { "Name": "SOS1_N_CREST_288", "Code": null, "Northing": 304972.54546, "Easting": -33740.60249, "Elevation": 708.58623, "source_file": "20260317sos points.shp", "group": "SOS1", "direction": "N", "type": "CREST", "sequence": 288, "full_name": "SOS1_N_CREST_288", "should_make_line": true }, "geometry": { "type": "Point", "coordinates": [ 533666.244041308760643, 7262273.491243680939078, 708.586228764050702 ] } },
{ "type": "Feature", "properties": { "Name": "SOS1_N_CREST_289", "Code": null, "Northing": 304978.19941, "Easting": -33739.52256, "Elevation": 709.27691, "source_file": "20260317sos points.shp", "group": "SOS1", "direction": "N", "type": "CREST", "sequence": 289, "full_name": "SOS1_N_CREST_289", "should_make_line": true }, "geometry": { "type": "Point", "coordinates": [ 533665.164556195726618, 7262267.839588273316622, 709.276905887780117 ] } },
{ "type": "Feature", "properties": { "Name": "SOS1_N_CREST_290", "Code": null, "Northing": 304983.06751000002, "Easting": -33738.56744, "Elevation": 709.84209, "source_file": "20260317sos points.shp", "group": "SOS1", "direction": "N", "type": "CREST", "sequence": 290, "full_name": "SOS1_N_CREST_290", "should_make_line": true }, "geometry": { "type": "Point", "coordinates": [ 533664.209826270816848, 7262262.973454657942057, 709.842092292302937 ] } },
{ "type": "Feature", "properties": { "Name": "SOS1_N_CREST_291", "Code": null, "Northing": 304987.1209, "Easting": -33737.73505, "Elevation": 710.39696, "source_file": "20260317sos points.shp", "group": "SOS1", "direction": "N", "type": "CREST", "sequence": 291, "full_name": "SOS1_N_CREST_291", "should_make_line": true }, "geometry": { "type": "Point", "coordinates": [ 533663.37778170814272, 7262258.921714123338461, 710.396961304997262 ] } },
{ "type": "Feature", "properties": { "Name": "SOS1_N_015", "Code": null, "Northing": 304987.646, "Easting": -33737.65775, "Elevation": 710.42694, "source_file": "20260317sos points.shp", "group": "SOS1", "direction": "Unknown", "type": "Unknown", "sequence": 0, "full_name": "SOS1_N_015", "should_make_line": false }, "geometry": { "type": "Point", "coordinates": [ 533663.300513841211796, 7262258.396822849288583, 710.426936923029189 ] } },
{ "type": "Feature", "properties": { "Name": "SOS1_N_CREST_292", "Code": null, "Northing": 304991.98645000003, "Easting": -33736.75198, "Elevation": 711.01344, "source_file": "20260317sos points.shp", "group": "SOS1", "direction": "N", "type": "CREST", "sequence": 292, "full_name": "SOS1_N_CREST_292", "should_make_line": true }, "geometry": { "type": "Point", "coordinates": [ 533662.395115695893764, 7262254.058129177428782, 711.013438218177612 ] } },
{ "type": "Feature", "properties": { "Name": "SOS1_N_CREST_293", "Code": null, "Northing": 304996.23679, "Easting": -33735.90144, "Elevation": 711.52877, "source_file": "20260317sos points.shp", "group": "SOS1", "direction": "N", "type": "CREST", "sequence": 293, "full_name": "SOS1_N_CREST_293", "should_make_line": true }, "geometry": { "type": "Point", "coordinates": [ 533661.544919047271833, 7262249.809516698122025, 711.52876587401056 ] } },
{ "type": "Feature", "properties": { "Name": "SOS1_N_CREST_294", "Code": null, "Northing": 305000.96334999998, "Easting": -33735.06935, "Elevation": 712.00474, "source_file": "20260317sos points.shp", "group": "SOS1", "direction": "N", "type": "CREST", "sequence": 294, "full_name": "SOS1_N_CREST_294", "should_make_line": true }, "geometry": { "type": "Point", "coordinates": [ 533660.713173053925857, 7262245.084869941696525, 712.004739723068838 ] } },
{ "type": "Feature", "properties": { "Name": "SOS1_N_CREST_295", "Code": null, "Northing": 305005.31423000002, "Easting": -33734.29556, "Elevation": 712.49802, "source_file": "20260317sos points.shp", "group": "SOS1", "direction": "N", "type": "CREST", "sequence": 295, "full_name": "SOS1_N_CREST_295", "should_make_line": true }, "geometry": { "type": "Point", "coordinates": [ 533659.939703420270234, 7262240.735745909623802, 712.498020594942318 ] } },
{ "type": "Feature", "properties": { "Name": "SOS1_N_CREST_296", "Code": null, "Northing": 305009.82257999998, "Easting": -33733.60645, "Elevation": 713.08482, "source_file": "20260317sos points.shp", "group": "SOS1", "direction": "N", "type": "CREST", "sequence": 296, "full_name": "SOS1_N_CREST_296", "should_make_line": true }, "geometry": { "type": "Point", "coordinates": [ 533659.250872830511071, 7262236.229228097945452, 713.084818553320588 ] } },
{ "type": "Feature", "properties": { "Name": "SOS1_N_CREST_297", "Code": null, "Northing": 305013.92494, "Easting": -33732.80834, "Elevation": 713.5827, "source_file": "20260317sos points.shp", "group": "SOS1", "direction": "N", "type": "CREST", "sequence": 297, "full_name": "SOS1_N_CREST_297", "should_make_line": true }, "geometry": { "type": "Point", "coordinates": [ 533658.453092216164805, 7262232.128527123481035, 713.582696566913569 ] } },
{ "type": "Feature", "properties": { "Name": "SOS1_N_CREST_298", "Code": null, "Northing": 305017.82896999997, "Easting": -33732.16925, "Elevation": 713.95481, "source_file": "20260317sos points.shp", "group": "SOS1", "direction": "N", "type": "CREST", "sequence": 298, "full_name": "SOS1_N_CREST_298", "should_make_line": true }, "geometry": { "type": "Point", "coordinates": [ 533657.814260843442753, 7262228.226079342886806, 713.954805554544691 ] } },
{ "type": "Feature", "properties": { "Name": "SOS1_N_CREST_299", "Code": null, "Northing": 305021.98736000003, "Easting": -33731.55853, "Elevation": 714.49703, "source_file": "20260317sos points.shp", "group": "SOS1", "direction": "N", "type": "CREST", "sequence": 299, "full_name": "SOS1_N_CREST_299", "should_make_line": true }, "geometry": { "type": "Point", "coordinates": [ 533657.2038028833922, 7262224.069372633472085, 714.497030070286769 ] } },
{ "type": "Feature", "properties": { "Name": "SOS1_N_CREST_300", "Code": null, "Northing": 305021.98442, "Easting": -33731.55871, "Elevation": 714.49585, "source_file": "20260317sos points.shp", "group": "SOS1", "direction": "N", "type": "CREST", "sequence": 300, "full_name": "SOS1_N_CREST_300", "should_make_line": true }, "geometry": { "type": "Point", "coordinates": [ 533657.203975899843499, 7262224.07231012545526, 714.49584543246317 ] } },
{ "type": "Feature", "properties": { "Name": "SOS1_N_CREST_301", "Code": null, "Northing": 305027.24131999997, "Easting": -33730.85663, "Elevation": 715.20219, "source_file": "20260317sos points.shp", "group": "SOS1", "direction": "N", "type": "CREST", "sequence": 301, "full_name": "SOS1_N_CREST_301", "should_make_line": true }, "geometry": { "type": "Point", "coordinates": [ 533656.502187971142121, 7262218.817541980184615, 715.202192955454166 ] } },
{ "type": "Feature", "properties": { "Name": "SOS1_N_CREST_302", "Code": null, "Northing": 305031.98358, "Easting": -33730.22966, "Elevation": 715.65645, "source_file": "20260317sos points.shp", "group": "SOS1", "direction": "N", "type": "CREST", "sequence": 302, "full_name": "SOS1_N_CREST_302", "should_make_line": true }, "geometry": { "type": "Point", "coordinates": [ 533655.875473135150969, 7262214.077200641855597, 715.656450691478881 ] } },
{ "type": "Feature", "properties": { "Name": "SOS1_N_CREST_303", "Code": null, "Northing": 305036.39181, "Easting": -33729.62488, "Elevation": 716.15777, "source_file": "20260317sos points.shp", "group": "SOS1", "direction": "N", "type": "CREST", "sequence": 303, "full_name": "SOS1_N_CREST_303", "should_make_line": true }, "geometry": { "type": "Point", "coordinates": [ 533655.27094819478225, 7262209.670754179358482, 716.157766594051964 ] } },
{ "type": "Feature", "properties": { "Name": "SOS1_N_CREST_304", "Code": null, "Northing": 305041.14594999998, "Easting": -33729.16156, "Elevation": 716.83205, "source_file": "20260317sos points.shp", "group": "SOS1", "direction": "N", "type": "CREST", "sequence": 304, "full_name": "SOS1_N_CREST_304", "should_make_line": true }, "geometry": { "type": "Point", "coordinates": [ 533654.807824041694403, 7262204.918543355539441, 716.832046260737911 ] } },
{ "type": "Feature", "properties": { "Name": "SOS1_N_CREST_305", "Code": null, "Northing": 305047.0446, "Easting": -33728.45853, "Elevation": 717.55242, "source_file": "20260317sos points.shp", "group": "SOS1", "direction": "N", "type": "CREST", "sequence": 305, "full_name": "SOS1_N_CREST_305", "should_make_line": true }, "geometry": { "type": "Point", "coordinates": [ 533654.105086334631778, 7262199.022278854623437, 717.552416346525433 ] } },
{ "type": "Feature", "properties": { "Name": "SOS1_N_016", "Code": null, "Northing": 305047.84573, "Easting": -33728.39702, "Elevation": 717.63151, "source_file": "20260317sos points.shp", "group": "SOS1", "direction": "Unknown", "type": "Unknown", "sequence": 0, "full_name": "SOS1_N_016", "should_make_line": false }, "geometry": { "type": "Point", "coordinates": [ 533654.043602297548205, 7262198.221475310623646, 717.631513289779718 ] } },
{ "type": "Feature", "properties": { "Name": "SOS1_N_CREST_306", "Code": null, "Northing": 305050.15827999997, "Easting": -33728.12685, "Elevation": 717.98014, "source_file": "20260317sos points.shp", "group": "SOS1", "direction": "N", "type": "CREST", "sequence": 306, "full_name": "SOS1_N_CREST_306", "should_make_line": true }, "geometry": { "type": "Point", "coordinates": [ 533653.773541301838122, 7262195.909864939749241, 717.98014099745626 ] } },
{ "type": "Feature", "properties": { "Name": "SOS1_N_CREST_307", "Code": null, "Northing": 305055.21665000002, "Easting": -33727.66227, "Elevation": 718.68115, "source_file": "20260317sos points.shp", "group": "SOS1", "direction": "N", "type": "CREST", "sequence": 307, "full_name": "SOS1_N_CREST_307", "should_make_line": true }, "geometry": { "type": "Point", "coordinates": [ 533653.309159232769161, 7262190.853547015227377, 718.681150036653207 ] } },
{ "type": "Feature", "properties": { "Name": "SOS1_N_CREST_308", "Code": null, "Northing": 305059.79463000002, "Easting": -33727.26934, "Elevation": 719.27113, "source_file": "20260317sos points.shp", "group": "SOS1", "direction": "N", "type": "CREST", "sequence": 308, "full_name": "SOS1_N_CREST_308", "should_make_line": true }, "geometry": { "type": "Point", "coordinates": [ 533652.916389307938516, 7262186.277419428341091, 719.271133947025419 ] } },
{ "type": "Feature", "properties": { "Name": "SOS1_N_CREST_309", "Code": null, "Northing": 305065.16083000001, "Easting": -33726.85182, "Elevation": 720.11059, "source_file": "20260317sos points.shp", "group": "SOS1", "direction": "N", "type": "CREST", "sequence": 309, "full_name": "SOS1_N_CREST_309", "should_make_line": true }, "geometry": { "type": "Point", "coordinates": [ 533652.499047785415314, 7262180.913389690220356, 720.110586074913158 ] } },
{ "type": "Feature", "properties": { "Name": "SOS1_N_CREST_310", "Code": null, "Northing": 305070.36948, "Easting": -33726.54672, "Elevation": 720.80595, "source_file": "20260317sos points.shp", "group": "SOS1", "direction": "N", "type": "CREST", "sequence": 310, "full_name": "SOS1_N_CREST_310", "should_make_line": true }, "geometry": { "type": "Point", "coordinates": [ 533652.194077417254448, 7262175.706849601119757, 720.805949176667809 ] } },
{ "type": "Feature", "properties": { "Name": "SOS1_N_CREST_311", "Code": null, "Northing": 305076.01161, "Easting": -33726.34738, "Elevation": 721.73588, "source_file": "20260317sos points.shp", "group": "SOS1", "direction": "N", "type": "CREST", "sequence": 311, "full_name": "SOS1_N_CREST_311", "should_make_line": true }, "geometry": { "type": "Point", "coordinates": [ 533651.99482995539438, 7262170.067007430829108, 721.735878906775497 ] } },
{ "type": "Feature", "properties": { "Name": "SOS1_N_CREST_312", "Code": null, "Northing": 305080.10307999997, "Easting": -33726.27356, "Elevation": 722.41009, "source_file": "20260317sos points.shp", "group": "SOS1", "direction": "N", "type": "CREST", "sequence": 312, "full_name": "SOS1_N_CREST_312", "should_make_line": true }, "geometry": { "type": "Point", "coordinates": [ 533651.921047272742726, 7262165.977198580279946, 722.410090746735477 ] } },
{ "type": "Feature", "properties": { "Name": "SOS1_N_CREST_313", "Code": null, "Northing": 305084.8488, "Easting": -33726.18258, "Elevation": 723.1238, "source_file": "20260317sos points.shp", "group": "SOS1", "direction": "N", "type": "CREST", "sequence": 313, "full_name": "SOS1_N_CREST_313", "should_make_line": true }, "geometry": { "type": "Point", "coordinates": [ 533651.830112579162233, 7262161.23339869081974, 723.123800865839485 ] } },
{ "type": "Feature", "properties": { "Name": "SOS1_N_CREST_314", "Code": null, "Northing": 305089.5813, "Easting": -33726.13074, "Elevation": 723.83755, "source_file": "20260317sos points.shp", "group": "SOS1", "direction": "N", "type": "CREST", "sequence": 314, "full_name": "SOS1_N_CREST_314", "should_make_line": true }, "geometry": { "type": "Point", "coordinates": [ 533651.778296712320298, 7262156.50281388964504, 723.837553192909013 ] } },
{ "type": "Feature", "properties": { "Name": "SOS1_N_CREST_315", "Code": null, "Northing": 305095.70054, "Easting": -33725.99745, "Elevation": 725.05465, "source_file": "20260317sos points.shp", "group": "SOS1", "direction": "N", "type": "CREST", "sequence": 315, "full_name": "SOS1_N_CREST_315", "should_make_line": true }, "geometry": { "type": "Point", "coordinates": [ 533651.645073955296539, 7262150.386057781986892, 725.054650783121588 ] } },
{ "type": "Feature", "properties": { "Name": "SOS1_N_CREST_316", "Code": null, "Northing": 305101.83260999998, "Easting": -33725.91802, "Elevation": 726.0863, "source_file": "20260317sos points.shp", "group": "SOS1", "direction": "N", "type": "CREST", "sequence": 316, "full_name": "SOS1_N_CREST_316", "should_make_line": true }, "geometry": { "type": "Point", "coordinates": [ 533651.565689479466528, 7262144.25646979175508, 726.086303357301063 ] } },
{ "type": "Feature", "properties": { "Name": "SOS1_N_CREST_317", "Code": null, "Northing": 305106.60731, "Easting": -33725.92607, "Elevation": 726.93679, "source_file": "20260317sos points.shp", "group": "SOS1", "direction": "N", "type": "CREST", "sequence": 317, "full_name": "SOS1_N_CREST_317", "should_make_line": true }, "geometry": { "type": "Point", "coordinates": [ 533651.573741797823459, 7262139.483708745799959, 726.936785245116766 ] } },
{ "type": "Feature", "properties": { "Name": "SOS1_N_CREST_318", "Code": null, "Northing": 305110.65350999997, "Easting": -33725.85762, "Elevation": 727.57319, "source_file": "20260317sos points.shp", "group": "SOS1", "direction": "N", "type": "CREST", "sequence": 318, "full_name": "SOS1_N_CREST_318", "should_make_line": true }, "geometry": { "type": "Point", "coordinates": [ 533651.505322633543983, 7262135.439150774851441, 727.573190125265 ] } },
{ "type": "Feature", "properties": { "Name": "SOS1_N_CREST_319", "Code": null, "Northing": 305116.35069, "Easting": -33725.70097, "Elevation": 728.69487, "source_file": "20260317sos points.shp", "group": "SOS1", "direction": "N", "type": "CREST", "sequence": 319, "full_name": "SOS1_N_CREST_319", "should_make_line": true }, "geometry": { "type": "Point", "coordinates": [ 533651.348746795440093, 7262129.744273504242301, 728.694869904841539 ] } },
{ "type": "Feature", "properties": { "Name": "SOS1_N_CREST_320", "Code": null, "Northing": 305120.90593000001, "Easting": -33725.57037, "Elevation": 729.54975, "source_file": "20260317sos points.shp", "group": "SOS1", "direction": "N", "type": "CREST", "sequence": 320, "full_name": "SOS1_N_CREST_320", "should_make_line": true }, "geometry": { "type": "Point", "coordinates": [ 533651.218214918510057, 7262125.190884251147509, 729.549751604760559 ] } },
{ "type": "Feature", "properties": { "Name": "SOS1_N_CREST_321", "Code": null, "Northing": 305125.01747999998, "Easting": -33725.38689, "Elevation": 730.29356, "source_file": "20260317sos points.shp", "group": "SOS1", "direction": "N", "type": "CREST", "sequence": 321, "full_name": "SOS1_N_CREST_321", "should_make_line": true }, "geometry": { "type": "Point", "coordinates": [ 533651.034816365106963, 7262121.080996865406632, 730.293564393546035 ] } },
{ "type": "Feature", "properties": { "Name": "SOS1_N_017", "Code": null, "Northing": 305125.98968, "Easting": -33725.33464, "Elevation": 730.52831, "source_file": "20260317sos points.shp", "group": "SOS1", "direction": "Unknown", "type": "Unknown", "sequence": 0, "full_name": "SOS1_N_017", "should_make_line": false }, "geometry": { "type": "Point", "coordinates": [ 533650.982590656843968, 7262120.109197432175279, 730.528305607160746 ] } },
{ "type": "Feature", "properties": { "Name": "SOS1_N_CREST_322", "Code": null, "Northing": 305129.09777, "Easting": -33725.21626, "Elevation": 731.09923, "source_file": "20260317sos points.shp", "group": "SOS1", "direction": "N", "type": "CREST", "sequence": 322, "full_name": "SOS1_N_CREST_322", "should_make_line": true }, "geometry": { "type": "Point", "coordinates": [ 533650.864257504348643, 7262117.002360694110394, 731.099225650255789 ] } },
{ "type": "Feature", "properties": { "Name": "SOS1_N_CREST_323", "Code": null, "Northing": 305133.94968000002, "Easting": -33724.95209, "Elevation": 731.97458, "source_file": "20260317sos points.shp", "group": "SOS1", "direction": "N", "type": "CREST", "sequence": 323, "full_name": "SOS1_N_CREST_323", "should_make_line": true }, "geometry": { "type": "Point", "coordinates": [ 533650.60020899772644, 7262112.152425118722022, 731.974575336074963 ] } },
{ "type": "Feature", "properties": { "Name": "SOS1_N_CREST_324", "Code": null, "Northing": 305137.99011999997, "Easting": -33724.64545, "Elevation": 732.75575, "source_file": "20260317sos points.shp", "group": "SOS1", "direction": "N", "type": "CREST", "sequence": 324, "full_name": "SOS1_N_CREST_324", "should_make_line": true }, "geometry": { "type": "Point", "coordinates": [ 533650.293694924563169, 7262108.113622173666954, 732.755748113694153 ] } },
{ "type": "Feature", "properties": { "Name": "SOS1_N_CREST_325", "Code": null, "Northing": 305143.81971000001, "Easting": -33724.39413, "Elevation": 733.82667, "source_file": "20260317sos points.shp", "group": "SOS1", "direction": "N", "type": "CREST", "sequence": 325, "full_name": "SOS1_N_CREST_325", "should_make_line": true }, "geometry": { "type": "Point", "coordinates": [ 533650.042489424813539, 7262102.286394156515598, 733.826668421861314 ] } },
{ "type": "Feature", "properties": { "Name": "SOS1_N_CREST_326", "Code": null, "Northing": 305148.55662, "Easting": -33724.07531, "Elevation": 734.64953, "source_file": "20260317sos points.shp", "group": "SOS1", "direction": "N", "type": "CREST", "sequence": 326, "full_name": "SOS1_N_CREST_326", "should_make_line": true }, "geometry": { "type": "Point", "coordinates": [ 533649.723805083427578, 7262097.551399885676801, 734.649532197933581 ] } },
{ "type": "Feature", "properties": { "Name": "SOS1_N_CREST_327", "Code": null, "Northing": 305153.45512, "Easting": -33723.64716, "Elevation": 735.63049, "source_file": "20260317sos points.shp", "group": "SOS1", "direction": "N", "type": "CREST", "sequence": 327, "full_name": "SOS1_N_CREST_327", "should_make_line": true }, "geometry": { "type": "Point", "coordinates": [ 533649.295845047105104, 7262092.654890865087509, 735.630488007940698 ] } },
{ "type": "Feature", "properties": { "Name": "SOS1_N_CREST_328", "Code": null, "Northing": 305158.41996000003, "Easting": -33723.20015, "Elevation": 736.47186, "source_file": "20260317sos points.shp", "group": "SOS1", "direction": "N", "type": "CREST", "sequence": 328, "full_name": "SOS1_N_CREST_328", "should_make_line": true }, "geometry": { "type": "Point", "coordinates": [ 533648.849023309187032, 7262087.692060448229313, 736.471857994369657 ] } },
{ "type": "Feature", "properties": { "Name": "SOS1_N_CREST_329", "Code": null, "Northing": 305163.78921000002, "Easting": -33722.50449, "Elevation": 737.4775, "source_file": "20260317sos points.shp", "group": "SOS1", "direction": "N", "type": "CREST", "sequence": 329, "full_name": "SOS1_N_CREST_329", "should_make_line": true }, "geometry": { "type": "Point", "coordinates": [ 533648.153648796724156, 7262082.324980040080845, 737.477503680085306 ] } },
{ "type": "Feature", "properties": { "Name": "SOS1_N_CREST_330", "Code": null, "Northing": 305168.56209000002, "Easting": -33721.52049, "Elevation": 738.58636, "source_file": "20260317sos points.shp", "group": "SOS1", "direction": "N", "type": "CREST", "sequence": 330, "full_name": "SOS1_N_CREST_330", "should_make_line": true }, "geometry": { "type": "Point", "coordinates": [ 533647.170064148143865, 7262077.554042219184339, 738.586356174693833 ] } },
{ "type": "Feature", "properties": { "Name": "SOS1_N_CREST_331", "Code": null, "Northing": 305172.74585000001, "Easting": -33720.32373, "Elevation": 739.71988, "source_file": "20260317sos points.shp", "group": "SOS1", "direction": "N", "type": "CREST", "sequence": 331, "full_name": "SOS1_N_CREST_331", "should_make_line": true }, "geometry": { "type": "Point", "coordinates": [ 533645.973794677411206, 7262073.371980046853423, 739.719879701020773 ] } },
{ "type": "Feature", "properties": { "Name": "SOS1_N_CREST_332", "Code": null, "Northing": 305175.89808000001, "Easting": -33719.49065, "Elevation": 740.74692, "source_file": "20260317sos points.shp", "group": "SOS1", "direction": "N", "type": "CREST", "sequence": 332, "full_name": "SOS1_N_CREST_332", "should_make_line": true }, "geometry": { "type": "Point", "coordinates": [ 533645.141062434064224, 7262070.221021754667163, 740.746923917142112 ] } },
{ "type": "Feature", "properties": { "Name": "SOS1_N_CREST_333", "Code": null, "Northing": 305175.75181, "Easting": -33719.49024, "Elevation": 740.51135, "source_file": "20260317sos points.shp", "group": "SOS1", "direction": "N", "type": "CREST", "sequence": 333, "full_name": "SOS1_N_CREST_333", "should_make_line": true }, "geometry": { "type": "Point", "coordinates": [ 533645.140649705659598, 7262070.367238780483603, 740.511346734900712 ] } },
{ "type": "Feature", "properties": { "Name": "SOS1_N_CREST_334", "Code": null, "Northing": 305175.55497, "Easting": -33719.61417, "Elevation": 740.37936, "source_file": "20260317sos points.shp", "group": "SOS1", "direction": "N", "type": "CREST", "sequence": 334, "full_name": "SOS1_N_CREST_334", "should_make_line": true }, "geometry": { "type": "Point", "coordinates": [ 533645.264526093844324, 7262070.563998430967331, 740.379363783336657 ] } },
{ "type": "Feature", "properties": { "Name": "SOS1_N_CREST_335", "Code": null, "Northing": 305178.37478999997, "Easting": -33719.24369, "Elevation": 740.99166, "source_file": "20260317sos points.shp", "group": "SOS1", "direction": "N", "type": "CREST", "sequence": 335, "full_name": "SOS1_N_CREST_335", "should_make_line": true }, "geometry": { "type": "Point", "coordinates": [ 533644.894204568117857, 7262067.745319228619337, 740.991656513985731 ] } },
{ "type": "Feature", "properties": { "Name": "SOS1_N_CREST_336", "Code": null, "Northing": 305179.56676999998, "Easting": -33719.22393, "Elevation": 741.19192, "source_file": "20260317sos points.shp", "group": "SOS1", "direction": "N", "type": "CREST", "sequence": 336, "full_name": "SOS1_N_CREST_336", "should_make_line": true }, "geometry": { "type": "Point", "coordinates": [ 533644.874455613316968, 7262066.553826526738703, 741.19191907507593 ] } },
{ "type": "Feature", "properties": { "Name": "SOS1_N_CREST_337", "Code": null, "Northing": 305178.52116, "Easting": -33718.8979, "Elevation": 740.6703, "source_file": "20260317sos points.shp", "group": "SOS1", "direction": "N", "type": "CREST", "sequence": 337, "full_name": "SOS1_N_CREST_337", "should_make_line": true }, "geometry": { "type": "Point", "coordinates": [ 533644.548550374805927, 7262067.599003911018372, 740.670299301939963 ] } },
{ "type": "Feature", "properties": { "Name": "SOS1_N_018", "Code": null, "Northing": 305179.55031000002, "Easting": -33719.24887, "Elevation": 741.15504, "source_file": "20260317sos points.shp", "group": "SOS1", "direction": "Unknown", "type": "Unknown", "sequence": 0, "full_name": "SOS1_N_018", "should_make_line": false }, "geometry": { "type": "Point", "coordinates": [ 533644.899383664946072, 7262066.570271561853588, 741.155038870766816 ] } },
{ "type": "Feature", "properties": { "Name": "SOS1_N_CREST_338", "Code": null, "Northing": 305184.78726000001, "Easting": -33719.81136, "Elevation": 741.71227, "source_file": "20260317sos points.shp", "group": "SOS1", "direction": "N", "type": "CREST", "sequence": 338, "full_name": "SOS1_N_CREST_338", "should_make_line": true }, "geometry": { "type": "Point", "coordinates": [ 533645.46165692131035, 7262061.335441825911403, 741.71226634198581 ] } },
{ "type": "Feature", "properties": { "Name": "SOS1_N_CREST_339", "Code": null, "Northing": 305189.79606000002, "Easting": -33721.03881, "Elevation": 742.05771, "source_file": "20260317sos points.shp", "group": "SOS1", "direction": "N", "type": "CREST", "sequence": 339, "full_name": "SOS1_N_CREST_339", "should_make_line": true }, "geometry": { "type": "Point", "coordinates": [ 533646.688612992991693, 7262056.328675469383597, 742.057713512768942 ] } },
{ "type": "Feature", "properties": { "Name": "SOS1_N_CREST_340", "Code": null, "Northing": 305193.87329000002, "Easting": -33722.29037, "Elevation": 742.31334, "source_file": "20260317sos points.shp", "group": "SOS1", "direction": "N", "type": "CREST", "sequence": 340, "full_name": "SOS1_N_CREST_340", "should_make_line": true }, "geometry": { "type": "Point", "coordinates": [ 533647.939667720114812, 7262052.253094648942351, 742.313342749696972 ] } },
{ "type": "Feature", "properties": { "Name": "SOS1_N_CREST_341", "Code": null, "Northing": 305197.38843, "Easting": -33723.64005, "Elevation": 742.57704, "source_file": "20260317sos points.shp", "group": "SOS1", "direction": "N", "type": "CREST", "sequence": 341, "full_name": "SOS1_N_CREST_341", "should_make_line": true }, "geometry": { "type": "Point", "coordinates": [ 533649.288804853218608, 7262048.739382409490645, 742.577041180629408 ] } },
{ "type": "Feature", "properties": { "Name": "SOS1_N_CREST_342", "Code": null, "Northing": 305201.13728999998, "Easting": -33725.22954, "Elevation": 742.80587, "source_file": "20260317sos points.shp", "group": "SOS1", "direction": "N", "type": "CREST", "sequence": 342, "full_name": "SOS1_N_CREST_342", "should_make_line": true }, "geometry": { "type": "Point", "coordinates": [ 533650.87765607109759, 7262044.992033290676773, 742.805870234074632 ] } },
{ "type": "Feature", "properties": { "Name": "SOS1_N_CREST_343", "Code": null, "Northing": 305201.14317, "Easting": -33725.22773, "Elevation": 742.80291, "source_file": "20260317sos points.shp", "group": "SOS1", "direction": "N", "type": "CREST", "sequence": 343, "full_name": "SOS1_N_CREST_343", "should_make_line": true }, "geometry": { "type": "Point", "coordinates": [ 533650.875843006768264, 7262044.986159411258996, 742.80291157834472 ] } },
{ "type": "Feature", "properties": { "Name": "SOS1_N_CREST_344", "Code": null, "Northing": 305203.21733000001, "Easting": -33726.20684, "Elevation": 742.97261, "source_file": "20260317sos points.shp", "group": "SOS1", "direction": "N", "type": "CREST", "sequence": 344, "full_name": "SOS1_N_CREST_344", "should_make_line": true }, "geometry": { "type": "Point", "coordinates": [ 533651.854561498970725, 7262042.91283649019897, 742.972610729687403 ] } },
{ "type": "Feature", "properties": { "Name": "SOS1_N_CREST_345", "Code": null, "Northing": 305207.35, "Easting": -33728.26718, "Elevation": 743.23833, "source_file": "20260317sos points.shp", "group": "SOS1", "direction": "N", "type": "CREST", "sequence": 345, "full_name": "SOS1_N_CREST_345", "should_make_line": true }, "geometry": { "type": "Point", "coordinates": [ 533653.914067998644896, 7262038.781845338642597, 743.238325884482265 ] } },
{ "type": "Feature", "properties": { "Name": "SOS1_N_CREST_346", "Code": null, "Northing": 305211.52298000001, "Easting": -33730.56256, "Elevation": 743.49028, "source_file": "20260317sos points.shp", "group": "SOS1", "direction": "N", "type": "CREST", "sequence": 346, "full_name": "SOS1_N_CREST_346", "should_make_line": true }, "geometry": { "type": "Point", "coordinates": [ 533656.208523879293352, 7262034.610547678545117, 743.490278871186433 ] } },
{ "type": "Feature", "properties": { "Name": "SOS1_N_CREST_347", "Code": null, "Northing": 305215.75389, "Easting": -33732.8669, "Elevation": 743.75714, "source_file": "20260317sos points.shp", "group": "SOS1", "direction": "N", "type": "CREST", "sequence": 347, "full_name": "SOS1_N_CREST_347", "should_make_line": true }, "geometry": { "type": "Point", "coordinates": [ 533658.511929869302548, 7262030.381351635791361, 743.757141028762248 ] } },
{ "type": "Feature", "properties": { "Name": "SOS1_N_CREST_348", "Code": null, "Northing": 305219.60797999997, "Easting": -33734.97051, "Elevation": 744.01055, "source_file": "20260317sos points.shp", "group": "SOS1", "direction": "N", "type": "CREST", "sequence": 348, "full_name": "SOS1_N_CREST_348", "should_make_line": true }, "geometry": { "type": "Point", "coordinates": [ 533660.614696290111169, 7262026.528827750124037, 744.010552996861406 ] } },
{ "type": "Feature", "properties": { "Name": "SOS1_N_CREST_349", "Code": null, "Northing": 305223.51685000001, "Easting": -33737.13843, "Elevation": 744.28567, "source_file": "20260317sos points.shp", "group": "SOS1", "direction": "N", "type": "CREST", "sequence": 349, "full_name": "SOS1_N_CREST_349", "should_make_line": true }, "geometry": { "type": "Point", "coordinates": [ 533662.781737294048071, 7262022.621531931683421, 744.2856730312335 ] } },
{ "type": "Feature", "properties": { "Name": "SOS1_N_CREST_350", "Code": null, "Northing": 305227.96717000002, "Easting": -33739.69185, "Elevation": 744.50385, "source_file": "20260317sos points.shp", "group": "SOS1", "direction": "N", "type": "CREST", "sequence": 350, "full_name": "SOS1_N_CREST_350", "should_make_line": true }, "geometry": { "type": "Point", "coordinates": [ 533665.334127867361531, 7262018.173015705309808, 744.503852458076835 ] } },
{ "type": "Feature", "properties": { "Name": "SOS1_N_CREST_351", "Code": null, "Northing": 305232.42377, "Easting": -33742.31002, "Elevation": 744.77693, "source_file": "20260317sos points.shp", "group": "SOS1", "direction": "N", "type": "CREST", "sequence": 351, "full_name": "SOS1_N_CREST_351", "should_make_line": true }, "geometry": { "type": "Point", "coordinates": [ 533667.951235886081122, 7262013.718223230913281, 744.776929036302477 ] } },
{ "type": "Feature", "properties": { "Name": "SOS1_N_019", "Code": null, "Northing": 305232.87715999997, "Easting": -33742.59684, "Elevation": 744.82482, "source_file": "20260317sos points.shp", "group": "SOS1", "direction": "Unknown", "type": "Unknown", "sequence": 0, "full_name": "SOS1_N_019", "should_make_line": false }, "geometry": { "type": "Point", "coordinates": [ 533668.237944230204448, 7262013.265020383521914, 744.824823623590305 ] } },
{ "type": "Feature", "properties": { "Name": "SOS1_N_CREST_352", "Code": null, "Northing": 305234.37068, "Easting": -33743.45834, "Elevation": 744.89436, "source_file": "20260317sos points.shp", "group": "SOS1", "direction": "N", "type": "CREST", "sequence": 352, "full_name": "SOS1_N_CREST_352", "should_make_line": true }, "geometry": { "type": "Point", "coordinates": [ 533669.099092394462787, 7262011.77209965325892, 744.894364882109471 ] } },
{ "type": "Feature", "properties": { "Name": "SOS1_N_CREST_353", "Code": null, "Northing": 305237.24053000001, "Easting": -33745.15668, "Elevation": 745.13817, "source_file": "20260317sos points.shp", "group": "SOS1", "direction": "N", "type": "CREST", "sequence": 353, "full_name": "SOS1_N_CREST_353", "should_make_line": true }, "geometry": { "type": "Point", "coordinates": [ 533670.796749978791922, 7262008.903416794724762, 745.138172552565152 ] } },
{ "type": "Feature", "properties": { "Name": "SOS1_N_CREST_354", "Code": null, "Northing": 305240.60531999997, "Easting": -33747.12594, "Elevation": 745.3053, "source_file": "20260317sos points.shp", "group": "SOS1", "direction": "N", "type": "CREST", "sequence": 354, "full_name": "SOS1_N_CREST_354", "should_make_line": true }, "geometry": { "type": "Point", "coordinates": [ 533672.765217698877677, 7262005.539983604103327, 745.305303449971802 ] } },
{ "type": "Feature", "properties": { "Name": "SOS1_N_CREST_355", "Code": null, "Northing": 305243.74875000003, "Easting": -33749.0324, "Elevation": 745.49132, "source_file": "20260317sos points.shp", "group": "SOS1", "direction": "N", "type": "CREST", "sequence": 355, "full_name": "SOS1_N_CREST_355", "should_make_line": true }, "geometry": { "type": "Point", "coordinates": [ 533674.670910486252978, 7262002.39782493840903, 745.491315339191942 ] } },
{ "type": "Feature", "properties": { "Name": "SOS1_N_CREST_356", "Code": null, "Northing": 305247.36112999998, "Easting": -33751.20637, "Elevation": 745.72218, "source_file": "20260317sos points.shp", "group": "SOS1", "direction": "N", "type": "CREST", "sequence": 356, "full_name": "SOS1_N_CREST_356", "should_make_line": true }, "geometry": { "type": "Point", "coordinates": [ 533676.843997715506703, 7261998.786907574161887, 745.722182581671063 ] } },
{ "type": "Feature", "properties": { "Name": "SOS1_N_CREST_357", "Code": null, "Northing": 305250.45908, "Easting": -33753.13372, "Elevation": 745.87496, "source_file": "20260317sos points.shp", "group": "SOS1", "direction": "N", "type": "CREST", "sequence": 357, "full_name": "SOS1_N_CREST_357", "should_make_line": true }, "geometry": { "type": "Point", "coordinates": [ 533678.770567138446495, 7261995.690216260962188, 745.874961274235034 ] } },
{ "type": "Feature", "properties": { "Name": "SOS1_N_CREST_358", "Code": null, "Northing": 305253.27253999998, "Easting": -33754.93726, "Elevation": 745.9863, "source_file": "20260317sos points.shp", "group": "SOS1", "direction": "N", "type": "CREST", "sequence": 358, "full_name": "SOS1_N_CREST_358", "should_make_line": true }, "geometry": { "type": "Point", "coordinates": [ 533680.573381141759455, 7261992.877893676050007, 745.98630453976682 ] } },
{ "type": "Feature", "properties": { "Name": "SOS1_N_CREST_359", "Code": null, "Northing": 305256.02516999998, "Easting": -33756.76521, "Elevation": 746.13346, "source_file": "20260317sos points.shp", "group": "SOS1", "direction": "N", "type": "CREST", "sequence": 359, "full_name": "SOS1_N_CREST_359", "should_make_line": true }, "geometry": { "type": "Point", "coordinates": [ 533682.400598831358366, 7261990.126372412778437, 746.133460191161817 ] } },
{ "type": "Feature", "properties": { "Name": "SOS1_N_CREST_360", "Code": null, "Northing": 305258.94131000002, "Easting": -33758.69352, "Elevation": 746.25956, "source_file": "20260317sos points.shp", "group": "SOS1", "direction": "N", "type": "CREST", "sequence": 360, "full_name": "SOS1_N_CREST_360", "should_make_line": true }, "geometry": { "type": "Point", "coordinates": [ 533684.328125300700776, 7261987.211415618658066, 746.259560675447574 ] } },
{ "type": "Feature", "properties": { "Name": "SOS1_N_CREST_361", "Code": null, "Northing": 305261.45502, "Easting": -33760.39025, "Elevation": 746.30989, "source_file": "20260317sos points.shp", "group": "SOS1", "direction": "N", "type": "CREST", "sequence": 361, "full_name": "SOS1_N_CREST_361", "should_make_line": true }, "geometry": { "type": "Point", "coordinates": [ 533686.024173256475478, 7261984.698722051456571, 746.309889485671988 ] } },
{ "type": "Feature", "properties": { "Name": "SOS1_N_CREST_362", "Code": null, "Northing": 305263.84712, "Easting": -33761.99876, "Elevation": 746.39358, "source_file": "20260317sos points.shp", "group": "SOS1", "direction": "N", "type": "CREST", "sequence": 362, "full_name": "SOS1_N_CREST_362", "should_make_line": true }, "geometry": { "type": "Point", "coordinates": [ 533687.632029283442535, 7261982.307597694918513, 746.393578707659344 ] } },
{ "type": "Feature", "properties": { "Name": "SOS1_N_CREST_363", "Code": null, "Northing": 305267.12124000001, "Easting": -33764.03365, "Elevation": 746.51056, "source_file": "20260317sos points.shp", "group": "SOS1", "direction": "N", "type": "CREST", "sequence": 363, "full_name": "SOS1_N_CREST_363", "should_make_line": true }, "geometry": { "type": "Point", "coordinates": [ 533689.666099846013822, 7261979.034798452630639, 746.51056406268367 ] } },
{ "type": "Feature", "properties": { "Name": "SOS1_N_CREST_364", "Code": null, "Northing": 305270.70682999998, "Easting": -33766.39436, "Elevation": 746.58644, "source_file": "20260317sos points.shp", "group": "SOS1", "direction": "N", "type": "CREST", "sequence": 364, "full_name": "SOS1_N_CREST_364", "should_make_line": true }, "geometry": { "type": "Point", "coordinates": [ 533692.02585202571936, 7261975.450664304196835, 746.586438860040516 ] } },
{ "type": "Feature", "properties": { "Name": "SOS1_N_CREST_365", "Code": null, "Northing": 305274.45808000001, "Easting": -33768.76094, "Elevation": 746.66932, "source_file": "20260317sos points.shp", "group": "SOS1", "direction": "N", "type": "CREST", "sequence": 365, "full_name": "SOS1_N_CREST_365", "should_make_line": true }, "geometry": { "type": "Point", "coordinates": [ 533694.391479795565829, 7261971.700932737439871, 746.669320467889747 ] } },
{ "type": "Feature", "properties": { "Name": "SOS1_N_CREST_366", "Code": null, "Northing": 305278.24664000003, "Easting": -33771.15375, "Elevation": 746.68463, "source_file": "20260317sos points.shp", "group": "SOS1", "direction": "N", "type": "CREST", "sequence": 366, "full_name": "SOS1_N_CREST_366", "should_make_line": true }, "geometry": { "type": "Point", "coordinates": [ 533696.783313189167529, 7261967.91390105523169, 746.684630945328536 ] } },
{ "type": "Feature", "properties": { "Name": "SOS1_N_20", "Code": null, "Northing": 305279.06861000002, "Easting": -33771.65853, "Elevation": 746.68531, "source_file": "20260317sos points.shp", "group": "SOS1", "direction": "Unknown", "type": "Unknown", "sequence": 0, "full_name": "SOS1_N_20", "should_make_line": false }, "geometry": { "type": "Point", "coordinates": [ 533697.287895256304182, 7261967.092266157269478, 746.685308067865208 ] } },
{ "type": "Feature", "properties": { "Name": "SOS1_W_CREST_001", "Code": null, "Northing": 305176.74969000003, "Easting": -33719.19201, "Elevation": 740.70322, "source_file": "20260317sos points.shp", "group": "SOS1", "direction": "W", "type": "CREST", "sequence": 1, "full_name": "SOS1_W_CREST_001", "should_make_line": true }, "geometry": { "type": "Point", "coordinates": [ 533644.842542497441173, 7262069.369759717956185, 740.703224703644537 ] } },
{ "type": "Feature", "properties": { "Name": "SOS1_W_CREST_001", "Code": null, "Northing": 305176.78037, "Easting": -33719.31202, "Elevation": 740.68003, "source_file": "20260317sos points.shp", "group": "SOS1", "direction": "W", "type": "CREST", "sequence": 1, "full_name": "SOS1_W_CREST_001", "should_make_line": true }, "geometry": { "type": "Point", "coordinates": [ 533644.962502992828377, 7262069.339087697677314, 740.68003195043093 ] } },
{ "type": "Feature", "properties": { "Name": "SOS1_W_CREST_002", "Code": null, "Northing": 305177.20558000001, "Easting": -33715.48806, "Elevation": 738.8721, "source_file": "20260317sos points.shp", "group": "SOS1", "direction": "W", "type": "CREST", "sequence": 2, "full_name": "SOS1_W_CREST_002", "should_make_line": true }, "geometry": { "type": "Point", "coordinates": [ 533641.140075346804224, 7262068.914047606289387, 738.872100425661984 ] } },
{ "type": "Feature", "properties": { "Name": "SOS1_W_CREST_003", "Code": null, "Northing": 305177.27523000003, "Easting": -33714.18648, "Elevation": 738.22249, "source_file": "20260317sos points.shp", "group": "SOS1", "direction": "W", "type": "CREST", "sequence": 3, "full_name": "SOS1_W_CREST_003", "should_make_line": true }, "geometry": { "type": "Point", "coordinates": [ 533639.839010887546465, 7262068.844420341774821, 738.222487866994129 ] } },
{ "type": "Feature", "properties": { "Name": "SOS1_W_CREST_004", "Code": null, "Northing": 305177.27363000001, "Easting": -33714.18776, "Elevation": 738.22298, "source_file": "20260317sos points.shp", "group": "SOS1", "direction": "W", "type": "CREST", "sequence": 4, "full_name": "SOS1_W_CREST_004", "should_make_line": true }, "geometry": { "type": "Point", "coordinates": [ 533639.840293755754828, 7262068.846025701612234, 738.22297722748408 ] } },
{ "type": "Feature", "properties": { "Name": "SOS1_W_CREST_005", "Code": null, "Northing": 305177.35197999998, "Easting": -33713.37314, "Elevation": 737.84078, "source_file": "20260317sos points.shp", "group": "SOS1", "direction": "W", "type": "CREST", "sequence": 5, "full_name": "SOS1_W_CREST_005", "should_make_line": true }, "geometry": { "type": "Point", "coordinates": [ 533639.025998204480857, 7262068.767703258432448, 737.840782772902912 ] } },
{ "type": "Feature", "properties": { "Name": "SOS1_W_CREST_006", "Code": null, "Northing": 305177.50948000001, "Easting": -33712.24805, "Elevation": 737.32762, "source_file": "20260317sos points.shp", "group": "SOS1", "direction": "W", "type": "CREST", "sequence": 6, "full_name": "SOS1_W_CREST_006", "should_make_line": true }, "geometry": { "type": "Point", "coordinates": [ 533637.901358038303442, 7262068.610267827287316, 737.327617605089472 ] } },
{ "type": "Feature", "properties": { "Name": "SOS1_W_CREST_007", "Code": null, "Northing": 305177.81994000002, "Easting": -33710.98095, "Elevation": 736.76985, "source_file": "20260317sos points.shp", "group": "SOS1", "direction": "W", "type": "CREST", "sequence": 7, "full_name": "SOS1_W_CREST_007", "should_make_line": true }, "geometry": { "type": "Point", "coordinates": [ 533636.634761321241967, 7262068.299926083534956, 736.769845811739515 ] } },
{ "type": "Feature", "properties": { "Name": "SOS1_W_CREST_008", "Code": null, "Northing": 305178.1899, "Easting": -33709.72624, "Elevation": 736.23525, "source_file": "20260317sos points.shp", "group": "SOS1", "direction": "W", "type": "CREST", "sequence": 8, "full_name": "SOS1_W_CREST_008", "should_make_line": true }, "geometry": { "type": "Point", "coordinates": [ 533635.380555482464842, 7262067.930121133103967, 736.23524634153398 ] } },
{ "type": "Feature", "properties": { "Name": "SOS1_W_CREST_009", "Code": null, "Northing": 305178.4733, "Easting": -33708.35547, "Elevation": 735.59609, "source_file": "20260317sos points.shp", "group": "SOS1", "direction": "W", "type": "CREST", "sequence": 9, "full_name": "SOS1_W_CREST_009", "should_make_line": true }, "geometry": { "type": "Point", "coordinates": [ 533634.01033913239371, 7262067.646833516657352, 735.59609024189524 ] } },
{ "type": "Feature", "properties": { "Name": "SOS1_W_01", "Code": null, "Northing": 305178.56303000002, "Easting": -33707.29475, "Elevation": 735.07692, "source_file": "20260317sos points.shp", "group": "SOS1", "direction": "Unknown", "type": "Unknown", "sequence": 0, "full_name": "SOS1_W_01", "should_make_line": false }, "geometry": { "type": "Point", "coordinates": [ 533632.950039471499622, 7262067.557130962610245, 735.076915813778214 ] } },
{ "type": "Feature", "properties": { "Name": "SOS1_W_CREST_010", "Code": null, "Northing": 305179.20178, "Easting": -33706.23413, "Elevation": 734.62945, "source_file": "20260317sos points.shp", "group": "SOS1", "direction": "W", "type": "CREST", "sequence": 10, "full_name": "SOS1_W_CREST_010", "should_make_line": true }, "geometry": { "type": "Point", "coordinates": [ 533631.889847394661047, 7262066.918641965836287, 734.629450286666383 ] } },
{ "type": "Feature", "properties": { "Name": "SOS1_W_CREST_011", "Code": null, "Northing": 305179.47973000002, "Easting": -33704.58933, "Elevation": 733.88629, "source_file": "20260317sos points.shp", "group": "SOS1", "direction": "W", "type": "CREST", "sequence": 11, "full_name": "SOS1_W_CREST_011", "should_make_line": true }, "geometry": { "type": "Point", "coordinates": [ 533630.24570475879591, 7262066.640804570168257, 733.886290268166363 ] } },
{ "type": "Feature", "properties": { "Name": "SOS1_W_CREST_012", "Code": null, "Northing": 305179.85827000003, "Easting": -33703.21167, "Elevation": 733.26114, "source_file": "20260317sos points.shp", "group": "SOS1", "direction": "W", "type": "CREST", "sequence": 12, "full_name": "SOS1_W_CREST_012", "should_make_line": true }, "geometry": { "type": "Point", "coordinates": [ 533628.868591371923685, 7262066.262414060533047, 733.261139892311917 ] } },
{ "type": "Feature", "properties": { "Name": "SOS1_W_CREST_013", "Code": null, "Northing": 305180.27996000001, "Easting": -33702.03836, "Elevation": 732.7396, "source_file": "20260317sos points.shp", "group": "SOS1", "direction": "W", "type": "CREST", "sequence": 13, "full_name": "SOS1_W_CREST_013", "should_make_line": true }, "geometry": { "type": "Point", "coordinates": [ 533627.695751872612163, 7262065.840887758880854, 732.739596620578595 ] } },
{ "type": "Feature", "properties": { "Name": "SOS1_W_CREST_014", "Code": null, "Northing": 305180.53206, "Easting": -33700.76197, "Elevation": 732.21996, "source_file": "20260317sos points.shp", "group": "SOS1", "direction": "W", "type": "CREST", "sequence": 14, "full_name": "SOS1_W_CREST_014", "should_make_line": true }, "geometry": { "type": "Point", "coordinates": [ 533626.41987931355834, 7262065.58888665959239, 732.219962010337667 ] } },
{ "type": "Feature", "properties": { "Name": "SOS1_W_CREST_015", "Code": null, "Northing": 305181.05511000002, "Easting": -33699.3529, "Elevation": 731.63077, "source_file": "20260317sos points.shp", "group": "SOS1", "direction": "W", "type": "CREST", "sequence": 15, "full_name": "SOS1_W_CREST_015", "should_make_line": true }, "geometry": { "type": "Point", "coordinates": [ 533625.011372445733286, 7262065.066050868481398, 731.630766031702706 ] } },
{ "type": "Feature", "properties": { "Name": "SOS1_W_CREST_016", "Code": null, "Northing": 305181.33038, "Easting": -33698.2647, "Elevation": 731.14424, "source_file": "20260317sos points.shp", "group": "SOS1", "direction": "W", "type": "CREST", "sequence": 16, "full_name": "SOS1_W_CREST_016", "should_make_line": true }, "geometry": { "type": "Point", "coordinates": [ 533623.923608017736115, 7262064.790886735543609, 731.144241771419274 ] } },
{ "type": "Feature", "properties": { "Name": "SOS1_W_02", "Code": null, "Northing": 305181.78337999998, "Easting": -33697.29326, "Elevation": 730.72582, "source_file": "20260317sos points.shp", "group": "SOS1", "direction": "Unknown", "type": "Unknown", "sequence": 0, "full_name": "SOS1_W_02", "should_make_line": false }, "geometry": { "type": "Point", "coordinates": [ 533622.952552176197059, 7262064.338074553757906, 730.725816088824104 ] } },
{ "type": "Feature", "properties": { "Name": "SOS1_W_CREST_017", "Code": null, "Northing": 305182.04953999998, "Easting": -33695.98656, "Elevation": 730.18189, "source_file": "20260317sos points.shp", "group": "SOS1", "direction": "W", "type": "CREST", "sequence": 17, "full_name": "SOS1_W_CREST_017", "should_make_line": true }, "geometry": { "type": "Point", "coordinates": [ 533621.646377166733146, 7262064.072015454992652, 730.181890023459687 ] } },
{ "type": "Feature", "properties": { "Name": "SOS1_W_CREST_018", "Code": null, "Northing": 305182.523, "Easting": -33694.28463, "Elevation": 729.46421, "source_file": "20260317sos points.shp", "group": "SOS1", "direction": "W", "type": "CREST", "sequence": 18, "full_name": "SOS1_W_CREST_018", "should_make_line": true }, "geometry": { "type": "Point", "coordinates": [ 533619.945130768464878, 7262063.598743105307221, 729.464213179811736 ] } },
{ "type": "Feature", "properties": { "Name": "SOS1_W_CREST_019", "Code": null, "Northing": 305183.10071000003, "Easting": -33692.37271, "Elevation": 728.64066, "source_file": "20260317sos points.shp", "group": "SOS1", "direction": "W", "type": "CREST", "sequence": 19, "full_name": "SOS1_W_CREST_019", "should_make_line": true }, "geometry": { "type": "Point", "coordinates": [ 533618.033968456438743, 7262063.021267356351018, 728.640658618513044 ] } },
{ "type": "Feature", "properties": { "Name": "SOS1_W_CREST_020", "Code": null, "Northing": 305183.57939000003, "Easting": -33690.7306, "Elevation": 727.9684, "source_file": "20260317sos points.shp", "group": "SOS1", "direction": "W", "type": "CREST", "sequence": 20, "full_name": "SOS1_W_CREST_020", "should_make_line": true }, "geometry": { "type": "Point", "coordinates": [ 533616.392518985900097, 7262062.54277447797358, 727.968403310735425 ] } },
{ "type": "Feature", "properties": { "Name": "SOS1_W_CREST_021", "Code": null, "Northing": 305184.19444, "Easting": -33688.85971, "Elevation": 727.21571, "source_file": "20260317sos points.shp", "group": "SOS1", "direction": "W", "type": "CREST", "sequence": 21, "full_name": "SOS1_W_CREST_021", "should_make_line": true }, "geometry": { "type": "Point", "coordinates": [ 533614.522382112569176, 7262061.927971818484366, 727.215710312176611 ] } },
{ "type": "Feature", "properties": { "Name": "SOS1_W_CREST_022", "Code": null, "Northing": 305184.66944000003, "Easting": -33687.10156, "Elevation": 726.46616, "source_file": "20260317sos points.shp", "group": "SOS1", "direction": "W", "type": "CREST", "sequence": 22, "full_name": "SOS1_W_CREST_022", "should_make_line": true }, "geometry": { "type": "Point", "coordinates": [ 533612.764934661914594, 7262061.453169325366616, 726.466161267076359 ] } },
{ "type": "Feature", "properties": { "Name": "SOS1_W_03", "Code": null, "Northing": 305185.06144000002, "Easting": -33685.92734, "Elevation": 725.98809, "source_file": "20260317sos points.shp", "group": "SOS1", "direction": "Unknown", "type": "Unknown", "sequence": 0, "full_name": "SOS1_W_03", "should_make_line": false }, "geometry": { "type": "Point", "coordinates": [ 533611.59118771366775, 7262061.06132510304451, 725.988090565921993 ] } },
{ "type": "Feature", "properties": { "Name": "SOS1_W_CREST_026", "Code": null, "Northing": 305185.48223000002, "Easting": -33684.5176, "Elevation": 725.44877, "source_file": "20260317sos points.shp", "group": "SOS1", "direction": "W", "type": "CREST", "sequence": 26, "full_name": "SOS1_W_CREST_026", "should_make_line": true }, "geometry": { "type": "Point", "coordinates": [ 533610.182008932577446, 7262060.640700733289123, 725.448773825875151 ] } },
{ "type": "Feature", "properties": { "Name": "SOS1_W_CREST_027", "Code": null, "Northing": 305185.89097000001, "Easting": -33683.20908, "Elevation": 724.92746, "source_file": "20260317sos points.shp", "group": "SOS1", "direction": "W", "type": "CREST", "sequence": 27, "full_name": "SOS1_W_CREST_027", "should_make_line": true }, "geometry": { "type": "Point", "coordinates": [ 533608.87401732255239, 7262060.232128076255322, 724.927459761152477 ] } },
{ "type": "Feature", "properties": { "Name": "SOS1_W_CREST_028", "Code": null, "Northing": 305186.34489000001, "Easting": -33681.80458, "Elevation": 724.35871, "source_file": "20260317sos points.shp", "group": "SOS1", "direction": "W", "type": "CREST", "sequence": 28, "full_name": "SOS1_W_CREST_028", "should_make_line": true }, "geometry": { "type": "Point", "coordinates": [ 533607.470078416052274, 7262059.778390736319125, 724.358706726900209 ] } },
{ "type": "Feature", "properties": { "Name": "SOS1_W_CREST_029", "Code": null, "Northing": 305186.96474999998, "Easting": -33680.00072, "Elevation": 723.6352, "source_file": "20260317sos points.shp", "group": "SOS1", "direction": "W", "type": "CREST", "sequence": 29, "full_name": "SOS1_W_CREST_029", "should_make_line": true }, "geometry": { "type": "Point", "coordinates": [ 533605.666942283511162, 7262059.158778864890337, 723.635198998090232 ] } },
{ "type": "Feature", "properties": { "Name": "SOS1_W_CREST_030", "Code": null, "Northing": 305187.44613, "Easting": -33678.4781, "Elevation": 723.05715, "source_file": "20260317sos points.shp", "group": "SOS1", "direction": "W", "type": "CREST", "sequence": 30, "full_name": "SOS1_W_CREST_030", "should_make_line": true }, "geometry": { "type": "Point", "coordinates": [ 533604.144925550324842, 7262058.677585744298995, 723.057152317516966 ] } },
{ "type": "Feature", "properties": { "Name": "SOS1_W_CREST_031", "Code": null, "Northing": 305187.98771999998, "Easting": -33676.83935, "Elevation": 722.41044, "source_file": "20260317sos points.shp", "group": "SOS1", "direction": "W", "type": "CREST", "sequence": 31, "full_name": "SOS1_W_CREST_031", "should_make_line": true }, "geometry": { "type": "Point", "coordinates": [ 533602.506836662534624, 7262058.136214822530746, 722.410440038726392 ] } },
{ "type": "Feature", "properties": { "Name": "SOS1_W_CREST_032", "Code": null, "Northing": 305188.64052000002, "Easting": -33674.91071, "Elevation": 721.69525, "source_file": "20260317sos points.shp", "group": "SOS1", "direction": "W", "type": "CREST", "sequence": 32, "full_name": "SOS1_W_CREST_032", "should_make_line": true }, "geometry": { "type": "Point", "coordinates": [ 533600.578971713548526, 7262057.483673989772797, 721.695247287368943 ] } },
{ "type": "Feature", "properties": { "Name": "SOS1_W_CREST_033", "Code": null, "Northing": 305189.2488, "Easting": -33673.17971, "Elevation": 721.04851, "source_file": "20260317sos points.shp", "group": "SOS1", "direction": "W", "type": "CREST", "sequence": 33, "full_name": "SOS1_W_CREST_033", "should_make_line": true }, "geometry": { "type": "Point", "coordinates": [ 533598.848663332406431, 7262056.875640550628304, 721.048507996641888 ] } },
{ "type": "Feature", "properties": { "Name": "SOS1_W_CREST_034", "Code": null, "Northing": 305189.93348000001, "Easting": -33671.35828, "Elevation": 720.36548, "source_file": "20260317sos points.shp", "group": "SOS1", "direction": "W", "type": "CREST", "sequence": 34, "full_name": "SOS1_W_CREST_034", "should_make_line": true }, "geometry": { "type": "Point", "coordinates": [ 533597.027962530730292, 7262056.191234361380339, 720.365480232332061 ] } },
{ "type": "Feature", "properties": { "Name": "SOS1_W_CREST_035", "Code": null, "Northing": 305190.84658999997, "Easting": -33669.07113, "Elevation": 719.52095, "source_file": "20260317sos points.shp", "group": "SOS1", "direction": "W", "type": "CREST", "sequence": 35, "full_name": "SOS1_W_CREST_035", "should_make_line": true }, "geometry": { "type": "Point", "coordinates": [ 533594.741726728272624, 7262055.278490528464317, 719.520950336223223 ] } },
{ "type": "Feature", "properties": { "Name": "SOS1_W_CREST_036", "Code": null, "Northing": 305191.61044000002, "Easting": -33667.06021, "Elevation": 718.82752, "source_file": "20260317sos points.shp", "group": "SOS1", "direction": "W", "type": "CREST", "sequence": 36, "full_name": "SOS1_W_CREST_036", "should_make_line": true }, "geometry": { "type": "Point", "coordinates": [ 533592.731613707845099, 7262054.514947455376387, 718.827519032360669 ] } },
{ "type": "Feature", "properties": { "Name": "SOS1_W_CREST_037", "Code": null, "Northing": 305192.36783, "Easting": -33664.9034, "Elevation": 718.03695, "source_file": "20260317sos points.shp", "group": "SOS1", "direction": "W", "type": "CREST", "sequence": 37, "full_name": "SOS1_W_CREST_037", "should_make_line": true }, "geometry": { "type": "Point", "coordinates": [ 533590.575667628902011, 7262053.757863156497478, 718.036949927470346 ] } },
{ "type": "Feature", "properties": { "Name": "SOS1_W_CREST_038", "Code": null, "Northing": 305193.083, "Easting": -33662.53394, "Elevation": 717.19634, "source_file": "20260317sos points.shp", "group": "SOS1", "direction": "W", "type": "CREST", "sequence": 38, "full_name": "SOS1_W_CREST_038", "should_make_line": true }, "geometry": { "type": "Point", "coordinates": [ 533588.207165034487844, 7262053.042981090024114, 717.196336938138529 ] } },
{ "type": "Feature", "properties": { "Name": "SOS1_W_CREST_039", "Code": null, "Northing": 305193.77268, "Easting": -33660.07669, "Elevation": 716.29557, "source_file": "20260317sos points.shp", "group": "SOS1", "direction": "W", "type": "CREST", "sequence": 39, "full_name": "SOS1_W_CREST_039", "should_make_line": true }, "geometry": { "type": "Point", "coordinates": [ 533585.750899405917153, 7262052.353569768369198, 716.295569230643196 ] } },
{ "type": "Feature", "properties": { "Name": "SOS1_W_CREST_040", "Code": null, "Northing": 305194.31653000001, "Easting": -33658.23497, "Elevation": 715.6009, "source_file": "20260317sos points.shp", "group": "SOS1", "direction": "W", "type": "CREST", "sequence": 40, "full_name": "SOS1_W_CREST_040", "should_make_line": true }, "geometry": { "type": "Point", "coordinates": [ 533583.909912887727842, 7262051.809937940910459, 715.600895516987293 ] } },
{ "type": "Feature", "properties": { "Name": "SOS1_W_CREST_041", "Code": null, "Northing": 305194.93761999998, "Easting": -33656.0478, "Elevation": 714.85645, "source_file": "20260317sos points.shp", "group": "SOS1", "direction": "W", "type": "CREST", "sequence": 41, "full_name": "SOS1_W_CREST_041", "should_make_line": true }, "geometry": { "type": "Point", "coordinates": [ 533581.723623950965703, 7262051.189102685078979, 714.856448796208838 ] } },
{ "type": "Feature", "properties": { "Name": "SOS1_W_CREST_042", "Code": null, "Northing": 305195.57142, "Easting": -33653.90478, "Elevation": 714.13833, "source_file": "20260317sos points.shp", "group": "SOS1", "direction": "W", "type": "CREST", "sequence": 42, "full_name": "SOS1_W_CREST_042", "should_make_line": true }, "geometry": { "type": "Point", "coordinates": [ 533579.581465599825606, 7262050.555555084720254, 714.138331399435174 ] } },
{ "type": "Feature", "properties": { "Name": "SOS1_W_CREST_043", "Code": null, "Northing": 305196.04950999998, "Easting": -33652.08715, "Elevation": 713.43644, "source_file": "20260317sos points.shp", "group": "SOS1", "direction": "W", "type": "CREST", "sequence": 43, "full_name": "SOS1_W_CREST_043", "should_make_line": true }, "geometry": { "type": "Point", "coordinates": [ 533577.76455910934601, 7262050.077657327055931, 713.436437047194545 ] } },
{ "type": "Feature", "properties": { "Name": "SOS1_W_CREST_044", "Code": null, "Northing": 305196.50076999998, "Easting": -33649.93107, "Elevation": 712.62066, "source_file": "20260317sos points.shp", "group": "SOS1", "direction": "W", "type": "CREST", "sequence": 44, "full_name": "SOS1_W_CREST_044", "should_make_line": true }, "geometry": { "type": "Point", "coordinates": [ 533575.60934230289422, 7262049.626576599664986, 712.620659532632203 ] } },
{ "type": "Feature", "properties": { "Name": "SOS1_W_CREST_045", "Code": null, "Northing": 305196.79216000001, "Easting": -33647.79431, "Elevation": 711.77036, "source_file": "20260317sos points.shp", "group": "SOS1", "direction": "W", "type": "CREST", "sequence": 45, "full_name": "SOS1_W_CREST_045", "should_make_line": true }, "geometry": { "type": "Point", "coordinates": [ 533573.473441225476563, 7262049.335300422273576, 711.77035820362687 ] } },
{ "type": "Feature", "properties": { "Name": "SOS1_W_CREST_046", "Code": null, "Northing": 305197.13059000002, "Easting": -33645.901, "Elevation": 711.01356, "source_file": "20260317sos points.shp", "group": "SOS1", "direction": "W", "type": "CREST", "sequence": 46, "full_name": "SOS1_W_CREST_046", "should_make_line": true }, "geometry": { "type": "Point", "coordinates": [ 533571.580892062862404, 7262048.997000513598323, 711.013561815781031 ] } },
{ "type": "Feature", "properties": { "Name": "SOS1_W_CREST_047", "Code": null, "Northing": 305197.69877999998, "Easting": -33643.62494, "Elevation": 710.18997, "source_file": "20260317sos points.shp", "group": "SOS1", "direction": "W", "type": "CREST", "sequence": 47, "full_name": "SOS1_W_CREST_047", "should_make_line": true }, "geometry": { "type": "Point", "coordinates": [ 533569.305741643416695, 7262048.429041459225118, 710.189968409218295 ] } },
{ "type": "Feature", "properties": { "Name": "SOS1_W_CREST_048", "Code": null, "Northing": 305198.17547999998, "Easting": -33641.97443, "Elevation": 709.6691, "source_file": "20260317sos points.shp", "group": "SOS1", "direction": "W", "type": "CREST", "sequence": 48, "full_name": "SOS1_W_CREST_048", "should_make_line": true }, "geometry": { "type": "Point", "coordinates": [ 533567.655894421972334, 7262047.952529031783342, 709.669097621730884 ] } },
{ "type": "Feature", "properties": { "Name": "SOS1_W_CREST_049", "Code": null, "Northing": 305198.8998, "Easting": -33639.91348, "Elevation": 709.04666, "source_file": "20260317sos points.shp", "group": "SOS1", "direction": "W", "type": "CREST", "sequence": 49, "full_name": "SOS1_W_CREST_049", "should_make_line": true }, "geometry": { "type": "Point", "coordinates": [ 533565.595774823101237, 7262047.228505281731486, 709.046657496664579 ] } },
{ "type": "Feature", "properties": { "Name": "SOS1_W_CREST_050", "Code": null, "Northing": 305199.93959000002, "Easting": -33637.40437, "Elevation": 708.32596, "source_file": "20260317sos points.shp", "group": "SOS1", "direction": "W", "type": "CREST", "sequence": 50, "full_name": "SOS1_W_CREST_050", "should_make_line": true }, "geometry": { "type": "Point", "coordinates": [ 533563.087669109925628, 7262046.189131138846278, 708.325958452970099 ] } },
{ "type": "Feature", "properties": { "Name": "SOS1_W_CREST_051", "Code": null, "Northing": 305200.93634000001, "Easting": -33635.21586, "Elevation": 707.76493, "source_file": "20260317sos points.shp", "group": "SOS1", "direction": "W", "type": "CREST", "sequence": 51, "full_name": "SOS1_W_CREST_051", "should_make_line": true }, "geometry": { "type": "Point", "coordinates": [ 533560.900037262355909, 7262045.192781342193484, 707.764931765385541 ] } },
{ "type": "Feature", "properties": { "Name": "SOS1_W_CREST_052", "Code": null, "Northing": 305202.06172, "Easting": -33632.93226, "Elevation": 707.28705, "source_file": "20260317sos points.shp", "group": "SOS1", "direction": "W", "type": "CREST", "sequence": 52, "full_name": "SOS1_W_CREST_052", "should_make_line": true }, "geometry": { "type": "Point", "coordinates": [ 533558.617361238808371, 7262044.067860529758036, 707.28704974248933 ] } },
{ "type": "Feature", "properties": { "Name": "SOS1_W_CREST_053", "Code": null, "Northing": 305203.15989000001, "Easting": -33630.79447, "Elevation": 706.86975, "source_file": "20260317sos points.shp", "group": "SOS1", "direction": "W", "type": "CREST", "sequence": 53, "full_name": "SOS1_W_CREST_053", "should_make_line": true }, "geometry": { "type": "Point", "coordinates": [ 533556.480427795206197, 7262042.970124883577228, 706.869746200464533 ] } },
{ "type": "Feature", "properties": { "Name": "SOS1_W_CREST_054", "Code": null, "Northing": 305204.04868000001, "Easting": -33629.14334, "Elevation": 706.51512, "source_file": "20260317sos points.shp", "group": "SOS1", "direction": "W", "type": "CREST", "sequence": 54, "full_name": "SOS1_W_CREST_054", "should_make_line": true }, "geometry": { "type": "Point", "coordinates": [ 533554.829963337979279, 7262042.081697929650545, 706.515121705198681 ] } },
{ "type": "Feature", "properties": { "Name": "SOS1_W_CREST_055", "Code": null, "Northing": 305205.16038999998, "Easting": -33627.0995, "Elevation": 706.16555, "source_file": "20260317sos points.shp", "group": "SOS1", "direction": "W", "type": "CREST", "sequence": 55, "full_name": "SOS1_W_CREST_055", "should_make_line": true }, "geometry": { "type": "Point", "coordinates": [ 533552.786946102161892, 7262040.970434999093413, 706.165548359729087 ] } },
{ "type": "Feature", "properties": { "Name": "SOS1_W_CREST_056", "Code": null, "Northing": 305206.31436999998, "Easting": -33624.91374, "Elevation": 705.69857, "source_file": "20260317sos points.shp", "group": "SOS1", "direction": "W", "type": "CREST", "sequence": 56, "full_name": "SOS1_W_CREST_056", "should_make_line": true }, "geometry": { "type": "Point", "coordinates": [ 533550.602065908140503, 7262039.816924378275871, 705.698569933358613 ] } },
{ "type": "Feature", "properties": { "Name": "SOS1_W_CREST_057", "Code": null, "Northing": 305207.43589000002, "Easting": -33622.39215, "Elevation": 705.13572, "source_file": "20260317sos points.shp", "group": "SOS1", "direction": "W", "type": "CREST", "sequence": 57, "full_name": "SOS1_W_CREST_057", "should_make_line": true }, "geometry": { "type": "Point", "coordinates": [ 533548.081487240619026, 7262038.695850415155292, 705.135721942123723 ] } },
{ "type": "Feature", "properties": { "Name": "SOS1_W_CREST_058", "Code": null, "Northing": 305208.24401999998, "Easting": -33620.3199, "Elevation": 704.7029, "source_file": "20260317sos points.shp", "group": "SOS1", "direction": "W", "type": "CREST", "sequence": 58, "full_name": "SOS1_W_CREST_058", "should_make_line": true }, "geometry": { "type": "Point", "coordinates": [ 533546.010076743434183, 7262037.888048375956714, 704.702896832165493 ] } },
{ "type": "Feature", "properties": { "Name": "SOS1_W_CREST_059", "Code": null, "Northing": 305208.85783, "Easting": -33618.56163, "Elevation": 704.27082, "source_file": "20260317sos points.shp", "group": "SOS1", "direction": "W", "type": "CREST", "sequence": 59, "full_name": "SOS1_W_CREST_059", "should_make_line": true }, "geometry": { "type": "Point", "coordinates": [ 533544.252515854663216, 7262037.274483968503773, 704.270821885522992 ] } },
{ "type": "Feature", "properties": { "Name": "SOS1_W_CREST_060", "Code": null, "Northing": 305209.63176000002, "Easting": -33616.26831, "Elevation": 703.70487, "source_file": "20260317sos points.shp", "group": "SOS1", "direction": "W", "type": "CREST", "sequence": 60, "full_name": "SOS1_W_CREST_060", "should_make_line": true }, "geometry": { "type": "Point", "coordinates": [ 533541.960119396098889, 7262036.500867357477546, 703.704868577791899 ] } },
{ "type": "Feature", "properties": { "Name": "SOS1_W_CREST_061", "Code": null, "Northing": 305210.38905, "Easting": -33614.09471, "Elevation": 703.18522, "source_file": "20260317sos points.shp", "group": "SOS1", "direction": "W", "type": "CREST", "sequence": 61, "full_name": "SOS1_W_CREST_061", "should_make_line": true }, "geometry": { "type": "Point", "coordinates": [ 533539.787389999139123, 7262035.743883335031569, 703.185221163945812 ] } },
{ "type": "Feature", "properties": { "Name": "SOS1_W_CREST_062", "Code": null, "Northing": 305211.19426999998, "Easting": -33611.74804, "Elevation": 702.64471, "source_file": "20260317sos points.shp", "group": "SOS1", "direction": "W", "type": "CREST", "sequence": 62, "full_name": "SOS1_W_CREST_062", "should_make_line": true }, "geometry": { "type": "Point", "coordinates": [ 533537.441661744145676, 7262034.938983056694269, 702.644710726875928 ] } },
{ "type": "Feature", "properties": { "Name": "SOS1_W_CREST_063", "Code": null, "Northing": 305211.9892, "Easting": -33609.46308, "Elevation": 702.13451, "source_file": "20260317sos points.shp", "group": "SOS1", "direction": "W", "type": "CREST", "sequence": 63, "full_name": "SOS1_W_CREST_063", "should_make_line": true }, "geometry": { "type": "Point", "coordinates": [ 533535.157618538709357, 7262034.144380206242204, 702.134505649896141 ] } },
{ "type": "Feature", "properties": { "Name": "SOS1_W_CREST_064", "Code": null, "Northing": 305212.90819, "Easting": -33606.92491, "Elevation": 701.66496, "source_file": "20260317sos points.shp", "group": "SOS1", "direction": "W", "type": "CREST", "sequence": 64, "full_name": "SOS1_W_CREST_064", "should_make_line": true }, "geometry": { "type": "Point", "coordinates": [ 533532.620476943091489, 7262033.225753273814917, 701.664960550776186 ] } },
{ "type": "Feature", "properties": { "Name": "SOS1_W_CREST_065", "Code": null, "Northing": 305214.07536999998, "Easting": -33604.21284, "Elevation": 701.05075, "source_file": "20260317sos points.shp", "group": "SOS1", "direction": "W", "type": "CREST", "sequence": 65, "full_name": "SOS1_W_CREST_065", "should_make_line": true }, "geometry": { "type": "Point", "coordinates": [ 533529.909491020604037, 7262032.059042965993285, 701.050750105428619 ] } },
{ "type": "Feature", "properties": { "Name": "SOS1_W_CREST_066", "Code": null, "Northing": 305215.22426, "Easting": -33601.84515, "Elevation": 700.71696, "source_file": "20260317sos points.shp", "group": "SOS1", "direction": "W", "type": "CREST", "sequence": 66, "full_name": "SOS1_W_CREST_066", "should_make_line": true }, "geometry": { "type": "Point", "coordinates": [ 533527.542763107689098, 7262030.910624338313937, 700.716962169514659 ] } },
{ "type": "Feature", "properties": { "Name": "SOS1_W_CREST_067", "Code": null, "Northing": 305216.14571999997, "Easting": -33600.01645, "Elevation": 700.50934, "source_file": "20260317sos points.shp", "group": "SOS1", "direction": "W", "type": "CREST", "sequence": 67, "full_name": "SOS1_W_CREST_067", "should_make_line": true }, "geometry": { "type": "Point", "coordinates": [ 533525.714797950000502, 7262029.989528067409992, 700.509342144523771 ] } },
{ "type": "Feature", "properties": { "Name": "SOS1_W_CREST_068", "Code": null, "Northing": 305217.2251, "Easting": -33598.09791, "Elevation": 700.21699, "source_file": "20260317sos points.shp", "group": "SOS1", "direction": "W", "type": "CREST", "sequence": 68, "full_name": "SOS1_W_CREST_068", "should_make_line": true }, "geometry": { "type": "Point", "coordinates": [ 533523.797027537366375, 7262028.910586718469858, 700.216985650625702 ] } },
{ "type": "Feature", "properties": { "Name": "SOS1_W_CREST_069", "Code": null, "Northing": 305218.56092000002, "Easting": -33595.6664, "Elevation": 699.95385, "source_file": "20260317sos points.shp", "group": "SOS1", "direction": "W", "type": "CREST", "sequence": 69, "full_name": "SOS1_W_CREST_069", "should_make_line": true }, "geometry": { "type": "Point", "coordinates": [ 533521.366498304530978, 7262027.575305707752705, 699.953847048541661 ] } },
{ "type": "Feature", "properties": { "Name": "SOS1_W_CREST_070", "Code": null, "Northing": 305219.81121999997, "Easting": -33593.52117, "Elevation": 699.7558, "source_file": "20260317sos points.shp", "group": "SOS1", "direction": "W", "type": "CREST", "sequence": 70, "full_name": "SOS1_W_CREST_070", "should_make_line": true }, "geometry": { "type": "Point", "coordinates": [ 533519.222137958742678, 7262026.32550960034132, 699.755802050872603 ] } },
{ "type": "Feature", "properties": { "Name": "SOS1_W_CREST_071", "Code": null, "Northing": 305221.03112, "Easting": -33591.45491, "Elevation": 699.59305, "source_file": "20260317sos points.shp", "group": "SOS1", "direction": "W", "type": "CREST", "sequence": 71, "full_name": "SOS1_W_CREST_071", "should_make_line": true }, "geometry": { "type": "Point", "coordinates": [ 533517.156709764269181, 7262025.106108862906694, 699.593051094677435 ] } },
{ "type": "Feature", "properties": { "Name": "SOS1_W_CREST_072", "Code": null, "Northing": 305222.35338, "Easting": -33589.1393, "Elevation": 699.3625, "source_file": "20260317sos points.shp", "group": "SOS1", "direction": "W", "type": "CREST", "sequence": 72, "full_name": "SOS1_W_CREST_072", "should_make_line": true }, "geometry": { "type": "Point", "coordinates": [ 533514.842038722475991, 7262023.784384736791253, 699.362496571176052 ] } },
{ "type": "Feature", "properties": { "Name": "SOS1_W_CREST_073", "Code": null, "Northing": 305223.93402, "Easting": -33586.50182, "Elevation": 699.16241, "source_file": "20260317sos points.shp", "group": "SOS1", "direction": "W", "type": "CREST", "sequence": 73, "full_name": "SOS1_W_CREST_073", "should_make_line": true }, "geometry": { "type": "Point", "coordinates": [ 533512.205623910645954, 7262022.204375986009836, 699.162408609368299 ] } },
{ "type": "Feature", "properties": { "Name": "SOS1_W_CREST_074", "Code": null, "Northing": 305225.61618000001, "Easting": -33583.83422, "Elevation": 699.1081, "source_file": "20260317sos points.shp", "group": "SOS1", "direction": "W", "type": "CREST", "sequence": 74, "full_name": "SOS1_W_CREST_074", "should_make_line": true }, "geometry": { "type": "Point", "coordinates": [ 533509.539106341893785, 7262020.522895324975252, 699.108101768958704 ] } },
{ "type": "Feature", "properties": { "Name": "SOS1_W_CREST_075", "Code": null, "Northing": 305227.88146, "Easting": -33580.36975, "Elevation": 699.04846, "source_file": "20260317sos points.shp", "group": "SOS1", "direction": "W", "type": "CREST", "sequence": 75, "full_name": "SOS1_W_CREST_075", "should_make_line": true }, "geometry": { "type": "Point", "coordinates": [ 533506.07603500818368, 7262018.258535062894225, 699.048460433350101 ] } },
{ "type": "Feature", "properties": { "Name": "SOS1_W_CREST_076", "Code": null, "Northing": 305229.61432, "Easting": -33577.38622, "Elevation": 698.84108, "source_file": "20260317sos points.shp", "group": "SOS1", "direction": "W", "type": "CREST", "sequence": 76, "full_name": "SOS1_W_CREST_076", "should_make_line": true }, "geometry": { "type": "Point", "coordinates": [ 533503.093711034627631, 7262016.526371861808002, 698.841079029956177 ] } },
{ "type": "Feature", "properties": { "Name": "SOS1_W_CREST_077", "Code": null, "Northing": 305230.66093000001, "Easting": -33575.33122, "Elevation": 698.77756, "source_file": "20260317sos points.shp", "group": "SOS1", "direction": "W", "type": "CREST", "sequence": 77, "full_name": "SOS1_W_CREST_077", "should_make_line": true }, "geometry": { "type": "Point", "coordinates": [ 533501.039534366107546, 7262015.480187211185694, 698.777560216740198 ] } },
{ "type": "Feature", "properties": { "Name": "SOS1_W_CREST_078", "Code": null, "Northing": 305231.83665000001, "Easting": -33572.65703, "Elevation": 698.36006, "source_file": "20260317sos points.shp", "group": "SOS1", "direction": "W", "type": "CREST", "sequence": 78, "full_name": "SOS1_W_CREST_078", "should_make_line": true }, "geometry": { "type": "Point", "coordinates": [ 533498.366431203321554, 7262014.304947452619672, 698.360059742958356 ] } },
{ "type": "Feature", "properties": { "Name": "SOS1_W_CREST_079", "Code": null, "Northing": 305233.02925000002, "Easting": -33569.97865, "Elevation": 698.14997, "source_file": "20260317sos points.shp", "group": "SOS1", "direction": "W", "type": "CREST", "sequence": 79, "full_name": "SOS1_W_CREST_079", "should_make_line": true }, "geometry": { "type": "Point", "coordinates": [ 533495.689127331133932, 7262013.112821288406849, 698.149967080850843 ] } },
{ "type": "Feature", "properties": { "Name": "SOS1_W_CREST_080", "Code": null, "Northing": 305234.34428999998, "Easting": -33566.88158, "Elevation": 697.80625, "source_file": "20260317sos points.shp", "group": "SOS1", "direction": "W", "type": "CREST", "sequence": 80, "full_name": "SOS1_W_CREST_080", "should_make_line": true }, "geometry": { "type": "Point", "coordinates": [ 533492.593310458236374, 7262011.798318729735911, 697.806250115384046 ] } },
{ "type": "Feature", "properties": { "Name": "SOS1_W_CREST_081", "Code": null, "Northing": 305235.54434000002, "Easting": -33564.12303, "Elevation": 697.48397, "source_file": "20260317sos points.shp", "group": "SOS1", "direction": "W", "type": "CREST", "sequence": 81, "full_name": "SOS1_W_CREST_081", "should_make_line": true }, "geometry": { "type": "Point", "coordinates": [ 533489.835871885181405, 7262010.598753387108445, 697.483967472958852 ] } },
{ "type": "Feature", "properties": { "Name": "SOS1_W_CREST_082", "Code": null, "Northing": 305236.41916, "Easting": -33561.99503, "Elevation": 697.18989, "source_file": "20260317sos points.shp", "group": "SOS1", "direction": "W", "type": "CREST", "sequence": 82, "full_name": "SOS1_W_CREST_082", "should_make_line": true }, "geometry": { "type": "Point", "coordinates": [ 533487.708730014739558, 7262009.72428038995713, 697.189888278556396 ] } },
{ "type": "Feature", "properties": { "Name": "SOS1_W_CREST_083", "Code": null, "Northing": 305237.68874000001, "Easting": -33558.7233, "Elevation": 696.87127, "source_file": "20260317sos points.shp", "group": "SOS1", "direction": "W", "type": "CREST", "sequence": 83, "full_name": "SOS1_W_CREST_083", "should_make_line": true }, "geometry": { "type": "Point", "coordinates": [ 533484.438320886110887, 7262008.455215717665851, 696.871269714574169 ] } },
{ "type": "Feature", "properties": { "Name": "SOS1_W_CREST_084", "Code": null, "Northing": 305238.80481, "Easting": -33555.96328, "Elevation": 696.56365, "source_file": "20260317sos points.shp", "group": "SOS1", "direction": "W", "type": "CREST", "sequence": 84, "full_name": "SOS1_W_CREST_084", "should_make_line": true }, "geometry": { "type": "Point", "coordinates": [ 533481.679417287232354, 7262007.339599711820483, 696.563654053102937 ] } },
{ "type": "Feature", "properties": { "Name": "SOS1_W_CREST_085", "Code": null, "Northing": 305239.82127000001, "Easting": -33553.23598, "Elevation": 696.2284, "source_file": "20260317sos points.shp", "group": "SOS1", "direction": "W", "type": "CREST", "sequence": 85, "full_name": "SOS1_W_CREST_085", "should_make_line": true }, "geometry": { "type": "Point", "coordinates": [ 533478.953215343412012, 7262006.323547471314669, 696.228401216923203 ] } },
{ "type": "Feature", "properties": { "Name": "SOS1_W_CREST_086", "Code": null, "Northing": 305240.75198, "Easting": -33550.81997, "Elevation": 695.95873, "source_file": "20260317sos points.shp", "group": "SOS1", "direction": "W", "type": "CREST", "sequence": 86, "full_name": "SOS1_W_CREST_086", "should_make_line": true }, "geometry": { "type": "Point", "coordinates": [ 533476.538182489806786, 7262005.393209013156593, 695.958731423697031 ] } },
{ "type": "Feature", "properties": { "Name": "SOS1_W_CREST_087", "Code": null, "Northing": 305241.6611, "Easting": -33548.35389, "Elevation": 695.68514, "source_file": "20260317sos points.shp", "group": "SOS1", "direction": "W", "type": "CREST", "sequence": 87, "full_name": "SOS1_W_CREST_087", "should_make_line": true }, "geometry": { "type": "Point", "coordinates": [ 533474.07308993046172, 7262004.48445718549192, 695.685138269866457 ] } },
{ "type": "Feature", "properties": { "Name": "SOS1_W_CREST_088", "Code": null, "Northing": 305242.72346000001, "Easting": -33545.4714, "Elevation": 695.36159, "source_file": "20260317sos points.shp", "group": "SOS1", "direction": "W", "type": "CREST", "sequence": 88, "full_name": "SOS1_W_CREST_088", "should_make_line": true }, "geometry": { "type": "Point", "coordinates": [ 533471.191769599216059, 7262003.422525713220239, 695.361586394211486 ] } },
{ "type": "Feature", "properties": { "Name": "SOS1_W_CREST_089", "Code": null, "Northing": 305243.84845, "Easting": -33542.48245, "Elevation": 695.00547, "source_file": "20260317sos points.shp", "group": "SOS1", "direction": "W", "type": "CREST", "sequence": 89, "full_name": "SOS1_W_CREST_089", "should_make_line": true }, "geometry": { "type": "Point", "coordinates": [ 533468.204020000994205, 7262002.297997292131186, 695.005472368192159 ] } },
{ "type": "Feature", "properties": { "Name": "SOS1_W_CREST_090", "Code": null, "Northing": 305245.09152000002, "Easting": -33539.31196, "Elevation": 694.64937, "source_file": "20260317sos points.shp", "group": "SOS1", "direction": "W", "type": "CREST", "sequence": 90, "full_name": "SOS1_W_CREST_090", "should_make_line": true }, "geometry": { "type": "Point", "coordinates": [ 533465.034813151927665, 7262001.055420738644898, 694.64937196962137 ] } },
{ "type": "Feature", "properties": { "Name": "SOS1_W_CREST_091", "Code": null, "Northing": 305246.06822000002, "Easting": -33536.7769, "Elevation": 694.35845, "source_file": "20260317sos points.shp", "group": "SOS1", "direction": "W", "type": "CREST", "sequence": 91, "full_name": "SOS1_W_CREST_091", "should_make_line": true }, "geometry": { "type": "Point", "coordinates": [ 533462.500771925202571, 7262000.07912330608815, 694.35845159193866 ] } },
{ "type": "Feature", "properties": { "Name": "SOS1_W_CREST_092", "Code": null, "Northing": 305247.05095, "Easting": -33534.02472, "Elevation": 694.01632, "source_file": "20260317sos points.shp", "group": "SOS1", "direction": "W", "type": "CREST", "sequence": 92, "full_name": "SOS1_W_CREST_092", "should_make_line": true }, "geometry": { "type": "Point", "coordinates": [ 533459.749707478331402, 7261999.096786707639694, 694.01632062225201 ] } },
{ "type": "Feature", "properties": { "Name": "SOS1_W_CREST_093", "Code": null, "Northing": 305248.02492, "Easting": -33531.34507, "Elevation": 693.74405, "source_file": "20260317sos points.shp", "group": "SOS1", "direction": "W", "type": "CREST", "sequence": 93, "full_name": "SOS1_W_CREST_093", "should_make_line": true }, "geometry": { "type": "Point", "coordinates": [ 533457.071137310820632, 7261998.123206816613674, 693.744049758604888 ] } },
{ "type": "Feature", "properties": { "Name": "SOS1_W_CREST_094", "Code": null, "Northing": 305249.01418, "Easting": -33528.58333, "Elevation": 693.4304, "source_file": "20260317sos points.shp", "group": "SOS1", "direction": "W", "type": "CREST", "sequence": 94, "full_name": "SOS1_W_CREST_094", "should_make_line": true }, "geometry": { "type": "Point", "coordinates": [ 533454.310510108014569, 7261997.134347380138934, 693.430401523429168 ] } },
{ "type": "Feature", "properties": { "Name": "SOS1_W_CREST_095", "Code": null, "Northing": 305250.08263000002, "Easting": -33525.49671, "Elevation": 693.10772, "source_file": "20260317sos points.shp", "group": "SOS1", "direction": "W", "type": "CREST", "sequence": 95, "full_name": "SOS1_W_CREST_095", "should_make_line": true }, "geometry": { "type": "Point", "coordinates": [ 533451.225136709399521, 7261996.066332219168544, 693.107716460414849 ] } },
{ "type": "Feature", "properties": { "Name": "SOS1_W_CREST_096", "Code": null, "Northing": 305251.32568000001, "Easting": -33522.04624, "Elevation": 692.68463, "source_file": "20260317sos points.shp", "group": "SOS1", "direction": "W", "type": "CREST", "sequence": 96, "full_name": "SOS1_W_CREST_096", "should_make_line": true }, "geometry": { "type": "Point", "coordinates": [ 533447.776057959999889, 7261994.823778346180916, 692.684628184394114 ] } },
{ "type": "Feature", "properties": { "Name": "SOS1_W_CREST_097", "Code": null, "Northing": 305252.49436000001, "Easting": -33518.7082, "Elevation": 692.31379, "source_file": "20260317sos points.shp", "group": "SOS1", "direction": "W", "type": "CREST", "sequence": 97, "full_name": "SOS1_W_CREST_097", "should_make_line": true }, "geometry": { "type": "Point", "coordinates": [ 533444.439369000028819, 7261993.655571503564715, 692.313792700128261 ] } },
{ "type": "Feature", "properties": { "Name": "SOS1_W_CREST_098", "Code": null, "Northing": 305253.6194, "Easting": -33515.48322, "Elevation": 691.93098, "source_file": "20260317sos points.shp", "group": "SOS1", "direction": "W", "type": "CREST", "sequence": 98, "full_name": "SOS1_W_CREST_098", "should_make_line": true }, "geometry": { "type": "Point", "coordinates": [ 533441.215688401600346, 7261992.530985411256552, 691.930981302864325 ] } },
{ "type": "Feature", "properties": { "Name": "SOS1_W_CREST_099", "Code": null, "Northing": 305254.57903000002, "Easting": -33512.68607, "Elevation": 691.672, "source_file": "20260317sos points.shp", "group": "SOS1", "direction": "W", "type": "CREST", "sequence": 99, "full_name": "SOS1_W_CREST_099", "should_make_line": true }, "geometry": { "type": "Point", "coordinates": [ 533438.419664582237601, 7261991.571747715584934, 691.672004788853997 ] } },
{ "type": "Feature", "properties": { "Name": "SOS1_W_CREST_100", "Code": null, "Northing": 305255.51045, "Easting": -33510.13319, "Elevation": 691.40884, "source_file": "20260317sos points.shp", "group": "SOS1", "direction": "W", "type": "CREST", "sequence": 100, "full_name": "SOS1_W_CREST_100", "should_make_line": true }, "geometry": { "type": "Point", "coordinates": [ 533435.867818899219856, 7261990.640695459209383, 691.40883958763493 ] } },
{ "type": "Feature", "properties": { "Name": "SOS1_W_CREST_101", "Code": null, "Northing": 305256.49239000003, "Easting": -33507.31727, "Elevation": 691.0952, "source_file": "20260317sos points.shp", "group": "SOS1", "direction": "W", "type": "CREST", "sequence": 101, "full_name": "SOS1_W_CREST_101", "should_make_line": true }, "geometry": { "type": "Point", "coordinates": [ 533433.053031288553029, 7261989.659152413718402, 691.095198378585792 ] } },
{ "type": "Feature", "properties": { "Name": "SOS1_W_CREST_102", "Code": null, "Northing": 305257.33464999998, "Easting": -33504.99803, "Elevation": 690.88268, "source_file": "20260317sos points.shp", "group": "SOS1", "direction": "W", "type": "CREST", "sequence": 102, "full_name": "SOS1_W_CREST_102", "should_make_line": true }, "geometry": { "type": "Point", "coordinates": [ 533430.734730246127583, 7261988.817231627181172, 690.882676042866137 ] } },
{ "type": "Feature", "properties": { "Name": "SOS1_W_CREST_103", "Code": null, "Northing": 305258.0446, "Easting": -33503.00574, "Elevation": 690.67151, "source_file": "20260317sos points.shp", "group": "SOS1", "direction": "W", "type": "CREST", "sequence": 103, "full_name": "SOS1_W_CREST_103", "should_make_line": true }, "geometry": { "type": "Point", "coordinates": [ 533428.743241834687069, 7261988.107568711973727, 690.671510107212839 ] } },
{ "type": "Feature", "properties": { "Name": "SOS1_W_CREST_104", "Code": null, "Northing": 305258.63092999998, "Easting": -33501.1751, "Elevation": 690.52571, "source_file": "20260317sos points.shp", "group": "SOS1", "direction": "W", "type": "CREST", "sequence": 104, "full_name": "SOS1_W_CREST_104", "should_make_line": true }, "geometry": { "type": "Point", "coordinates": [ 533426.913338060141541, 7261987.521476723253727, 690.525712653314486 ] } },
{ "type": "Feature", "properties": { "Name": "SOS1_W_CREST_105", "Code": null, "Northing": 305259.47574000002, "Easting": -33498.3406, "Elevation": 690.96026, "source_file": "20260317sos points.shp", "group": "SOS1", "direction": "W", "type": "CREST", "sequence": 105, "full_name": "SOS1_W_CREST_105", "should_make_line": true }, "geometry": { "type": "Point", "coordinates": [ 533424.079992164974101, 7261986.677012361586094, 690.960255884819162 ] } },
{ "type": "Feature", "properties": { "Name": "SOS1_W_CREST_106", "Code": null, "Northing": 305259.65594000003, "Easting": -33498.27043, "Elevation": 690.23391, "source_file": "20260317sos points.shp", "group": "SOS1", "direction": "W", "type": "CREST", "sequence": 106, "full_name": "SOS1_W_CREST_106", "should_make_line": true }, "geometry": { "type": "Point", "coordinates": [ 533424.009846493951045, 7261986.496880606748164, 690.233913684272238 ] } },
{ "type": "Feature", "properties": { "Name": "SOS1_W_CREST_107", "Code": null, "Northing": 305260.58623000002, "Easting": -33495.63816, "Elevation": 689.95977, "source_file": "20260317sos points.shp", "group": "SOS1", "direction": "W", "type": "CREST", "sequence": 107, "full_name": "SOS1_W_CREST_107", "should_make_line": true }, "geometry": { "type": "Point", "coordinates": [ 533421.378631805418991, 7261985.566972360946238, 689.95977452813338 ] } },
{ "type": "Feature", "properties": { "Name": "SOS1_W_CREST_108", "Code": null, "Northing": 305261.51831999997, "Easting": -33492.76325, "Elevation": 689.68061, "source_file": "20260317sos points.shp", "group": "SOS1", "direction": "W", "type": "CREST", "sequence": 108, "full_name": "SOS1_W_CREST_108", "should_make_line": true }, "geometry": { "type": "Point", "coordinates": [ 533418.504888084949926, 7261984.635255725122988, 689.680609188806443 ] } },
{ "type": "Feature", "properties": { "Name": "SOS1_W_CREST_109", "Code": null, "Northing": 305262.32744999998, "Easting": -33490.29264, "Elevation": 689.4188, "source_file": "20260317sos points.shp", "group": "SOS1", "direction": "W", "type": "CREST", "sequence": 109, "full_name": "SOS1_W_CREST_109", "should_make_line": true }, "geometry": { "type": "Point", "coordinates": [ 533416.035267864586785, 7261983.826453847810626, 689.418803102952779 ] } },
{ "type": "Feature", "properties": { "Name": "SOS1_W_CREST_110", "Code": null, "Northing": 305263.31280999997, "Easting": -33487.254, "Elevation": 689.11279, "source_file": "20260317sos points.shp", "group": "SOS1", "direction": "W", "type": "CREST", "sequence": 110, "full_name": "SOS1_W_CREST_110", "should_make_line": true }, "geometry": { "type": "Point", "coordinates": [ 533412.99785693269223, 7261982.841488992795348, 689.112787340535533 ] } },
{ "type": "Feature", "properties": { "Name": "SOS1_W_CREST_111", "Code": null, "Northing": 305264.16718, "Easting": -33484.36758, "Elevation": 688.72598, "source_file": "20260317sos points.shp", "group": "SOS1", "direction": "W", "type": "CREST", "sequence": 111, "full_name": "SOS1_W_CREST_111", "should_make_line": true }, "geometry": { "type": "Point", "coordinates": [ 533410.112601028173231, 7261981.987461183220148, 688.725984041785637 ] } },
{ "type": "Feature", "properties": { "Name": "SOS1_W_CREST_112", "Code": null, "Northing": 305264.95711999998, "Easting": -33481.43156, "Elevation": 688.43952, "source_file": "20260317sos points.shp", "group": "SOS1", "direction": "W", "type": "CREST", "sequence": 112, "full_name": "SOS1_W_CREST_112", "should_make_line": true }, "geometry": { "type": "Point", "coordinates": [ 533407.177771236165427, 7261981.197837963700294, 688.439521637579901 ] } },
{ "type": "Feature", "properties": { "Name": "SOS1_W_CREST_113", "Code": null, "Northing": 305265.80676000001, "Easting": -33478.26766, "Elevation": 688.04804, "source_file": "20260317sos points.shp", "group": "SOS1", "direction": "W", "type": "CREST", "sequence": 113, "full_name": "SOS1_W_CREST_113", "should_make_line": true }, "geometry": { "type": "Point", "coordinates": [ 533404.015142651391216, 7261980.348549235612154, 688.048036181159318 ] } },
{ "type": "Feature", "properties": { "Name": "SOS1_W_CREST_114", "Code": null, "Northing": 305266.62222000002, "Easting": -33475.13196, "Elevation": 687.62747, "source_file": "20260317sos points.shp", "group": "SOS1", "direction": "W", "type": "CREST", "sequence": 114, "full_name": "SOS1_W_CREST_114", "should_make_line": true }, "geometry": { "type": "Point", "coordinates": [ 533400.880703775794245, 7261979.533413726836443, 687.627472459524256 ] } },
{ "type": "Feature", "properties": { "Name": "SOS1_W_CREST_115", "Code": null, "Northing": 305267.44541, "Easting": -33472.11294, "Elevation": 687.26274, "source_file": "20260317sos points.shp", "group": "SOS1", "direction": "W", "type": "CREST", "sequence": 115, "full_name": "SOS1_W_CREST_115", "should_make_line": true }, "geometry": { "type": "Point", "coordinates": [ 533397.862908485927619, 7261978.710557488724589, 687.262744873076826 ] } },
{ "type": "Feature", "properties": { "Name": "SOS1_W_CREST_116", "Code": null, "Northing": 305268.26035, "Easting": -33469.10488, "Elevation": 686.94327, "source_file": "20260317sos points.shp", "group": "SOS1", "direction": "W", "type": "CREST", "sequence": 116, "full_name": "SOS1_W_CREST_116", "should_make_line": true }, "geometry": { "type": "Point", "coordinates": [ 533394.856064765714109, 7261977.895948460325599, 686.943274400573159 ] } },
{ "type": "Feature", "properties": { "Name": "SOS1_W_CREST_117", "Code": null, "Northing": 305269.00488999998, "Easting": -33466.4995, "Elevation": 686.70865, "source_file": "20260317sos points.shp", "group": "SOS1", "direction": "W", "type": "CREST", "sequence": 117, "full_name": "SOS1_W_CREST_117", "should_make_line": true }, "geometry": { "type": "Point", "coordinates": [ 533392.25173078791704, 7261977.1517064711079, 686.70865013847606 ] } },
{ "type": "Feature", "properties": { "Name": "SOS1_W_CREST_118", "Code": null, "Northing": 305269.84658999997, "Easting": -33463.60176, "Elevation": 686.33437, "source_file": "20260317sos points.shp", "group": "SOS1", "direction": "W", "type": "CREST", "sequence": 118, "full_name": "SOS1_W_CREST_118", "should_make_line": true }, "geometry": { "type": "Point", "coordinates": [ 533389.355164104839787, 7261976.31034751329571, 686.334365369292755 ] } },
{ "type": "Feature", "properties": { "Name": "SOS1_W_CREST_119", "Code": null, "Northing": 305270.77045000001, "Easting": -33460.70637, "Elevation": 686.05978, "source_file": "20260317sos points.shp", "group": "SOS1", "direction": "W", "type": "CREST", "sequence": 119, "full_name": "SOS1_W_CREST_119", "should_make_line": true }, "geometry": { "type": "Point", "coordinates": [ 533386.460942335776053, 7261975.386857623234391, 686.059777003865179 ] } },
{ "type": "Feature", "properties": { "Name": "SOS1_W_CREST_120", "Code": null, "Northing": 305271.81272, "Easting": -33457.43732, "Elevation": 685.7674, "source_file": "20260317sos points.shp", "group": "SOS1", "direction": "W", "type": "CREST", "sequence": 120, "full_name": "SOS1_W_CREST_120", "should_make_line": true }, "geometry": { "type": "Point", "coordinates": [ 533383.193205375922844, 7261974.34500951692462, 685.767397971705009 ] } },
{ "type": "Feature", "properties": { "Name": "SOS1_W_CREST_121", "Code": null, "Northing": 305272.9215, "Easting": -33454.11317, "Elevation": 685.56605, "source_file": "20260317sos points.shp", "group": "SOS1", "direction": "W", "type": "CREST", "sequence": 121, "full_name": "SOS1_W_CREST_121", "should_make_line": true }, "geometry": { "type": "Point", "coordinates": [ 533379.870403958600946, 7261973.236677285283804, 685.566048178069082 ] } },
{ "type": "Feature", "properties": { "Name": "SOS1_W_CREST_122", "Code": null, "Northing": 305273.97298000002, "Easting": -33450.62028, "Elevation": 685.19116, "source_file": "20260317sos points.shp", "group": "SOS1", "direction": "W", "type": "CREST", "sequence": 122, "full_name": "SOS1_W_CREST_122", "should_make_line": true }, "geometry": { "type": "Point", "coordinates": [ 533376.378925390657969, 7261972.185623370110989, 685.191157461922671 ] } },
{ "type": "Feature", "properties": { "Name": "SOS1_W_CREST_123", "Code": null, "Northing": 305274.93613, "Easting": -33447.36127, "Elevation": 684.86623, "source_file": "20260317sos points.shp", "group": "SOS1", "direction": "W", "type": "CREST", "sequence": 123, "full_name": "SOS1_W_CREST_123", "should_make_line": true }, "geometry": { "type": "Point", "coordinates": [ 533373.12122699234169, 7261971.222857967950404, 684.866230340957259 ] } },
{ "type": "Feature", "properties": { "Name": "SOS1_W_CREST_124", "Code": null, "Northing": 305276.0258, "Easting": -33443.54516, "Elevation": 684.51513, "source_file": "20260317sos points.shp", "group": "SOS1", "direction": "W", "type": "CREST", "sequence": 124, "full_name": "SOS1_W_CREST_124", "should_make_line": true }, "geometry": { "type": "Point", "coordinates": [ 533369.306657768553123, 7261970.133627876639366, 684.51512615457716 ] } },
{ "type": "Feature", "properties": { "Name": "SOS1_W_CREST_125", "Code": null, "Northing": 305276.93399, "Easting": -33440.01019, "Elevation": 684.12584, "source_file": "20260317sos points.shp", "group": "SOS1", "direction": "W", "type": "CREST", "sequence": 125, "full_name": "SOS1_W_CREST_125", "should_make_line": true }, "geometry": { "type": "Point", "coordinates": [ 533365.773118086974137, 7261969.225806440226734, 684.125844944597702 ] } },
{ "type": "Feature", "properties": { "Name": "SOS1_W_CREST_126", "Code": null, "Northing": 305277.15654, "Easting": -33439.12142, "Elevation": 684.03801, "source_file": "20260317sos points.shp", "group": "SOS1", "direction": "W", "type": "CREST", "sequence": 126, "full_name": "SOS1_W_CREST_126", "should_make_line": true }, "geometry": { "type": "Point", "coordinates": [ 533364.884706332930364, 7261969.00334751419723, 684.038005293932997 ] } },
{ "type": "Feature", "properties": { "Name": "SOS1_W_CREST_127", "Code": null, "Northing": 305277.95578999998, "Easting": -33435.92025, "Elevation": 683.65353, "source_file": "20260317sos points.shp", "group": "SOS1", "direction": "W", "type": "CREST", "sequence": 127, "full_name": "SOS1_W_CREST_127", "should_make_line": true }, "geometry": { "type": "Point", "coordinates": [ 533361.68482817907352, 7261968.204414669424295, 683.653531835635022 ] } },
{ "type": "Feature", "properties": { "Name": "SOS1_W_CREST_128", "Code": null, "Northing": 305278.88256, "Easting": -33432.1015, "Elevation": 683.20177, "source_file": "20260317sos points.shp", "group": "SOS1", "direction": "W", "type": "CREST", "sequence": 128, "full_name": "SOS1_W_CREST_128", "should_make_line": true }, "geometry": { "type": "Point", "coordinates": [ 533357.867613968090154, 7261967.278024889528751, 683.201768133838186 ] } },
{ "type": "Feature", "properties": { "Name": "SOS1_W_CREST_129", "Code": null, "Northing": 305279.56445000001, "Easting": -33429.09906, "Elevation": 682.87981, "source_file": "20260317sos points.shp", "group": "SOS1", "direction": "W", "type": "CREST", "sequence": 129, "full_name": "SOS1_W_CREST_129", "should_make_line": true }, "geometry": { "type": "Point", "coordinates": [ 533354.866385598201305, 7261966.596404008567333, 682.879805371840234 ] } },
{ "type": "Feature", "properties": { "Name": "SOS1_W_CREST_130", "Code": null, "Northing": 305280.4196, "Easting": -33425.59626, "Elevation": 682.43088, "source_file": "20260317sos points.shp", "group": "SOS1", "direction": "W", "type": "CREST", "sequence": 130, "full_name": "SOS1_W_CREST_130", "should_make_line": true }, "geometry": { "type": "Point", "coordinates": [ 533351.365001309663057, 7261965.74159992672503, 682.43087696564271 ] } },
{ "type": "Feature", "properties": { "Name": "SOS1_W_CREST_131", "Code": null, "Northing": 305281.22645999998, "Easting": -33421.85266, "Elevation": 681.959, "source_file": "20260317sos points.shp", "group": "SOS1", "direction": "W", "type": "CREST", "sequence": 131, "full_name": "SOS1_W_CREST_131", "should_make_line": true }, "geometry": { "type": "Point", "coordinates": [ 533347.622910430887714, 7261964.935067633166909, 681.959000941868226 ] } },
{ "type": "Feature", "properties": { "Name": "SOS1_W_CREST_132", "Code": null, "Northing": 305282.10171999998, "Easting": -33418.15188, "Elevation": 681.53372, "source_file": "20260317sos points.shp", "group": "SOS1", "direction": "W", "type": "CREST", "sequence": 132, "full_name": "SOS1_W_CREST_132", "should_make_line": true }, "geometry": { "type": "Point", "coordinates": [ 533343.923622396425344, 7261964.060157926753163, 681.533724887574181 ] } },
{ "type": "Feature", "properties": { "Name": "SOS1_W_CREST_133", "Code": null, "Northing": 305282.87657999998, "Easting": -33414.81632, "Elevation": 681.13549, "source_file": "20260317sos points.shp", "group": "SOS1", "direction": "W", "type": "CREST", "sequence": 133, "full_name": "SOS1_W_CREST_133", "should_make_line": true }, "geometry": { "type": "Point", "coordinates": [ 533340.589409888023511, 7261963.285611815750599, 681.135492002261344 ] } },
{ "type": "Feature", "properties": { "Name": "SOS1_W_CREST_134", "Code": null, "Northing": 305283.57385, "Easting": -33412.04082, "Elevation": 680.75365, "source_file": "20260317sos points.shp", "group": "SOS1", "direction": "W", "type": "CREST", "sequence": 134, "full_name": "SOS1_W_CREST_134", "should_make_line": true }, "geometry": { "type": "Point", "coordinates": [ 533337.815027119126171, 7261962.588617563247681, 680.753652326232213 ] } },
{ "type": "Feature", "properties": { "Name": "SOS1_W_CREST_135", "Code": null, "Northing": 305284.38564, "Easting": -33408.97299, "Elevation": 680.47106, "source_file": "20260317sos points.shp", "group": "SOS1", "direction": "W", "type": "CREST", "sequence": 135, "full_name": "SOS1_W_CREST_135", "should_make_line": true }, "geometry": { "type": "Point", "coordinates": [ 533334.748432194581255, 7261961.777161493897438, 680.471056899162022 ] } },
{ "type": "Feature", "properties": { "Name": "SOS1_W_CREST_136", "Code": null, "Northing": 305285.14678000001, "Easting": -33406.31602, "Elevation": 680.21258, "source_file": "20260317sos points.shp", "group": "SOS1", "direction": "W", "type": "CREST", "sequence": 136, "full_name": "SOS1_W_CREST_136", "should_make_line": true }, "geometry": { "type": "Point", "coordinates": [ 533332.092534225666896, 7261961.016325167380273, 680.212581594703465 ] } },
{ "type": "Feature", "properties": { "Name": "SOS1_W_CREST_137", "Code": null, "Northing": 305285.8584, "Easting": -33403.94009, "Elevation": 679.98482, "source_file": "20260317sos points.shp", "group": "SOS1", "direction": "W", "type": "CREST", "sequence": 137, "full_name": "SOS1_W_CREST_137", "should_make_line": true }, "geometry": { "type": "Point", "coordinates": [ 533329.717564594000578, 7261960.30498745944351, 679.984822172821737 ] } },
{ "type": "Feature", "properties": { "Name": "SOS1_W_CREST_138", "Code": null, "Northing": 305286.72731, "Easting": -33401.00905, "Elevation": 679.77444, "source_file": "20260317sos points.shp", "group": "SOS1", "direction": "W", "type": "CREST", "sequence": 138, "full_name": "SOS1_W_CREST_138", "should_make_line": true }, "geometry": { "type": "Point", "coordinates": [ 533326.787705864058807, 7261959.436432976275682, 679.774438080232017 ] } },
{ "type": "Feature", "properties": { "Name": "SOS1_W_CREST_139", "Code": null, "Northing": 305287.62721000001, "Easting": -33398.26231, "Elevation": 679.53799, "source_file": "20260317sos points.shp", "group": "SOS1", "direction": "W", "type": "CREST", "sequence": 139, "full_name": "SOS1_W_CREST_139", "should_make_line": true }, "geometry": { "type": "Point", "coordinates": [ 533324.042083509964868, 7261958.536896467208862, 679.537990746037849 ] } },
{ "type": "Feature", "properties": { "Name": "SOS1_W_CREST_140", "Code": null, "Northing": 305288.47107000003, "Easting": -33395.78869, "Elevation": 679.35605, "source_file": "20260317sos points.shp", "group": "SOS1", "direction": "W", "type": "CREST", "sequence": 140, "full_name": "SOS1_W_CREST_140", "should_make_line": true }, "geometry": { "type": "Point", "coordinates": [ 533321.56945563305635, 7261957.693374715745449, 679.356048203478736 ] } },
{ "type": "Feature", "properties": { "Name": "SOS1_W_CREST_141", "Code": null, "Northing": 305289.09752000001, "Easting": -33393.54267, "Elevation": 679.1879, "source_file": "20260317sos points.shp", "group": "SOS1", "direction": "W", "type": "CREST", "sequence": 141, "full_name": "SOS1_W_CREST_141", "should_make_line": true }, "geometry": { "type": "Point", "coordinates": [ 533319.324348938534968, 7261957.067175647243857, 679.187901157532224 ] } },
{ "type": "Feature", "properties": { "Name": "SOS1_W_CREST_142", "Code": null, "Northing": 305289.82727000001, "Easting": -33391.46319, "Elevation": 679.02634, "source_file": "20260317sos points.shp", "group": "SOS1", "direction": "W", "type": "CREST", "sequence": 142, "full_name": "SOS1_W_CREST_142", "should_make_line": true }, "geometry": { "type": "Point", "coordinates": [ 533317.245701308711432, 7261956.337720816023648, 679.026339143495989 ] } },
{ "type": "Feature", "properties": { "Name": "SOS1_W_CREST_143", "Code": null, "Northing": 305290.74540999997, "Easting": -33388.60158, "Elevation": 678.86675, "source_file": "20260317sos points.shp", "group": "SOS1", "direction": "W", "type": "CREST", "sequence": 143, "full_name": "SOS1_W_CREST_143", "should_make_line": true }, "geometry": { "type": "Point", "coordinates": [ 533314.385255841072649, 7261955.419951437041163, 678.866745975544859 ] } },
{ "type": "Feature", "properties": { "Name": "SOS1_W_CREST_144", "Code": null, "Northing": 305291.7937, "Easting": -33385.29724, "Elevation": 678.61527, "source_file": "20260317sos points.shp", "group": "SOS1", "direction": "W", "type": "CREST", "sequence": 144, "full_name": "SOS1_W_CREST_144", "should_make_line": true }, "geometry": { "type": "Point", "coordinates": [ 533311.082243392593227, 7261954.372085718438029, 678.615272648393557 ] } },
{ "type": "Feature", "properties": { "Name": "SOS1_W_CREST_145", "Code": null, "Northing": 305292.67687000002, "Easting": -33382.53158, "Elevation": 678.43941, "source_file": "20260317sos points.shp", "group": "SOS1", "direction": "W", "type": "CREST", "sequence": 145, "full_name": "SOS1_W_CREST_145", "should_make_line": true }, "geometry": { "type": "Point", "coordinates": [ 533308.317702041822486, 7261953.489273142069578, 678.43941390235841 ] } },
{ "type": "Feature", "properties": { "Name": "SOS1_W_CREST_146", "Code": null, "Northing": 305293.05849000002, "Easting": -33381.00224, "Elevation": 678.36115, "source_file": "20260317sos points.shp", "group": "SOS1", "direction": "W", "type": "CREST", "sequence": 146, "full_name": "SOS1_W_CREST_146", "should_make_line": true }, "geometry": { "type": "Point", "coordinates": [ 533306.788980407174677, 7261953.107809785753489, 678.361146781321509 ] } },
{ "type": "Feature", "properties": { "Name": "SOS1_W_CREST_147", "Code": null, "Northing": 305293.66283, "Easting": -33379.33036, "Elevation": 678.23237, "source_file": "20260317sos points.shp", "group": "SOS1", "direction": "W", "type": "CREST", "sequence": 147, "full_name": "SOS1_W_CREST_147", "should_make_line": true }, "geometry": { "type": "Point", "coordinates": [ 533305.117774373502471, 7261952.503712562844157, 678.232368099289488 ] } },
{ "type": "Feature", "properties": { "Name": "SOS1_W_CREST_148", "Code": null, "Northing": 305294.46419000003, "Easting": -33376.88132, "Elevation": 678.02885, "source_file": "20260317sos points.shp", "group": "SOS1", "direction": "W", "type": "CREST", "sequence": 148, "full_name": "SOS1_W_CREST_148", "should_make_line": true }, "geometry": { "type": "Point", "coordinates": [ 533302.669724216335453, 7261951.70267765969038, 678.028853710606086 ] } },
{ "type": "Feature", "properties": { "Name": "SOS1_W_CREST_149", "Code": null, "Northing": 305295.31433000002, "Easting": -33374.10179, "Elevation": 677.83556, "source_file": "20260317sos points.shp", "group": "SOS1", "direction": "W", "type": "CREST", "sequence": 149, "full_name": "SOS1_W_CREST_149", "should_make_line": true }, "geometry": { "type": "Point", "coordinates": [ 533299.891321084578522, 7261950.852882793173194, 677.835557287107463 ] } },
{ "type": "Feature", "properties": { "Name": "SOS1_W_CREST_150", "Code": null, "Northing": 305296.29732999997, "Easting": -33370.93697, "Elevation": 677.58161, "source_file": "20260317sos points.shp", "group": "SOS1", "direction": "W", "type": "CREST", "sequence": 150, "full_name": "SOS1_W_CREST_150", "should_make_line": true }, "geometry": { "type": "Point", "coordinates": [ 533296.727771838312037, 7261949.870275193825364, 677.581614207432949 ] } },
{ "type": "Feature", "properties": { "Name": "SOS1_W_CREST_151", "Code": null, "Northing": 305297.25627000001, "Easting": -33367.7224, "Elevation": 677.30431, "source_file": "20260317sos points.shp", "group": "SOS1", "direction": "W", "type": "CREST", "sequence": 151, "full_name": "SOS1_W_CREST_151", "should_make_line": true }, "geometry": { "type": "Point", "coordinates": [ 533293.514505767147057, 7261948.911727605387568, 677.304306608438992 ] } },
{ "type": "Feature", "properties": { "Name": "SOS1_W_CREST_152", "Code": null, "Northing": 305297.92108, "Easting": -33365.32351, "Elevation": 677.12096, "source_file": "20260317sos points.shp", "group": "SOS1", "direction": "W", "type": "CREST", "sequence": 152, "full_name": "SOS1_W_CREST_152", "should_make_line": true }, "geometry": { "type": "Point", "coordinates": [ 533291.116580560104921, 7261948.247182761318982, 677.120960827630029 ] } },
{ "type": "Feature", "properties": { "Name": "SOS1_W_CREST_153", "Code": null, "Northing": 305298.99933999998, "Easting": -33361.61881, "Elevation": 676.81004, "source_file": "20260317sos points.shp", "group": "SOS1", "direction": "W", "type": "CREST", "sequence": 153, "full_name": "SOS1_W_CREST_153", "should_make_line": true }, "geometry": { "type": "Point", "coordinates": [ 533287.413378442404792, 7261947.169356422498822, 676.81003821565605 ] } },
{ "type": "Feature", "properties": { "Name": "SOS1_W_CREST_154", "Code": null, "Northing": 305300.27052999998, "Easting": -33357.17086, "Elevation": 676.44272, "source_file": "20260317sos points.shp", "group": "SOS1", "direction": "W", "type": "CREST", "sequence": 154, "full_name": "SOS1_W_CREST_154", "should_make_line": true }, "geometry": { "type": "Point", "coordinates": [ 533282.967229330446571, 7261945.898684121668339, 676.442723694454457 ] } },
{ "type": "Feature", "properties": { "Name": "SOS1_W_CREST_155", "Code": null, "Northing": 305301.27824000001, "Easting": -33353.68841, "Elevation": 676.16613, "source_file": "20260317sos points.shp", "group": "SOS1", "direction": "W", "type": "CREST", "sequence": 155, "full_name": "SOS1_W_CREST_155", "should_make_line": true }, "geometry": { "type": "Point", "coordinates": [ 533279.486179830739275, 7261944.891377865336835, 676.166126986276709 ] } },
{ "type": "Feature", "properties": { "Name": "SOS1_W_CREST_156", "Code": null, "Northing": 305302.35361, "Easting": -33350.1787, "Elevation": 675.91201, "source_file": "20260317sos points.shp", "group": "SOS1", "direction": "W", "type": "CREST", "sequence": 156, "full_name": "SOS1_W_CREST_156", "should_make_line": true }, "geometry": { "type": "Point", "coordinates": [ 533275.977884420659393, 7261943.816443607211113, 675.912013058368871 ] } },
{ "type": "Feature", "properties": { "Name": "SOS1_W_CREST_157", "Code": null, "Northing": 305303.64833, "Easting": -33346.47455, "Elevation": 675.73978, "source_file": "20260317sos points.shp", "group": "SOS1", "direction": "W", "type": "CREST", "sequence": 157, "full_name": "SOS1_W_CREST_157", "should_make_line": true }, "geometry": { "type": "Point", "coordinates": [ 533272.275239489972591, 7261942.522247184067965, 675.739775299383155 ] } },
{ "type": "Feature", "properties": { "Name": "SOS1_W_CREST_158", "Code": null, "Northing": 305304.89104000002, "Easting": -33342.86826, "Elevation": 675.55592, "source_file": "20260317sos points.shp", "group": "SOS1", "direction": "W", "type": "CREST", "sequence": 158, "full_name": "SOS1_W_CREST_158", "should_make_line": true }, "geometry": { "type": "Point", "coordinates": [ 533268.670405358541757, 7261941.280043907463551, 675.555915704933 ] } },
{ "type": "Feature", "properties": { "Name": "SOS1_W_CREST_159", "Code": null, "Northing": 305306.02956, "Easting": -33339.5609, "Elevation": 675.43961, "source_file": "20260317sos points.shp", "group": "SOS1", "direction": "W", "type": "CREST", "sequence": 159, "full_name": "SOS1_W_CREST_159", "should_make_line": true }, "geometry": { "type": "Point", "coordinates": [ 533265.364383260603063, 7261940.141976417973638, 675.439612920549393 ] } },
{ "type": "Feature", "properties": { "Name": "SOS1_W_CREST_160", "Code": null, "Northing": 305307.42134, "Easting": -33335.48151, "Elevation": 675.2433, "source_file": "20260317sos points.shp", "group": "SOS1", "direction": "W", "type": "CREST", "sequence": 160, "full_name": "SOS1_W_CREST_160", "should_make_line": true }, "geometry": { "type": "Point", "coordinates": [ 533261.286636778502725, 7261938.750764656811953, 675.243295561366494 ] } },
{ "type": "Feature", "properties": { "Name": "SOS1_W_CREST_161", "Code": null, "Northing": 305308.57474000001, "Easting": -33331.86127, "Elevation": 675.03731, "source_file": "20260317sos points.shp", "group": "SOS1", "direction": "W", "type": "CREST", "sequence": 161, "full_name": "SOS1_W_CREST_161", "should_make_line": true }, "geometry": { "type": "Point", "coordinates": [ 533257.667862138478085, 7261937.597831320017576, 675.037314778201903 ] } },
{ "type": "Feature", "properties": { "Name": "SOS1_W_CREST_162", "Code": null, "Northing": 305309.77665000001, "Easting": -33328.11566, "Elevation": 674.81258, "source_file": "20260317sos points.shp", "group": "SOS1", "direction": "W", "type": "CREST", "sequence": 162, "full_name": "SOS1_W_CREST_162", "should_make_line": true }, "geometry": { "type": "Point", "coordinates": [ 533253.923760159872472, 7261936.396400412544608, 674.812582029136934 ] } },
{ "type": "Feature", "properties": { "Name": "SOS1_W_CREST_163", "Code": null, "Northing": 305310.54319, "Easting": -33325.07736, "Elevation": 674.84469, "source_file": "20260317sos points.shp", "group": "SOS1", "direction": "W", "type": "CREST", "sequence": 163, "full_name": "SOS1_W_CREST_163", "should_make_line": true }, "geometry": { "type": "Point", "coordinates": [ 533250.886690670391545, 7261935.630177639424801, 674.844690305670838 ] } },
{ "type": "Feature", "properties": { "Name": "SOS1_W_CREST_164", "Code": null, "Northing": 305311.45593, "Easting": -33321.9854, "Elevation": 674.31395, "source_file": "20260317sos points.shp", "group": "SOS1", "direction": "W", "type": "CREST", "sequence": 164, "full_name": "SOS1_W_CREST_164", "should_make_line": true }, "geometry": { "type": "Point", "coordinates": [ 533247.795977725414559, 7261934.717796901240945, 674.31395454073845 ] } },
{ "type": "Feature", "properties": { "Name": "SOS1_W_CREST_165", "Code": null, "Northing": 305312.33607999998, "Easting": -33318.64087, "Elevation": 674.00668, "source_file": "20260317sos points.shp", "group": "SOS1", "direction": "W", "type": "CREST", "sequence": 165, "full_name": "SOS1_W_CREST_165", "should_make_line": true }, "geometry": { "type": "Point", "coordinates": [ 533244.452796552330256, 7261933.838007007725537, 674.006677399205842 ] } },
{ "type": "Feature", "properties": { "Name": "SOS1_W_CREST_166", "Code": null, "Northing": 305313.29285000003, "Easting": -33315.1006, "Elevation": 673.71707, "source_file": "20260317sos points.shp", "group": "SOS1", "direction": "W", "type": "CREST", "sequence": 166, "full_name": "SOS1_W_CREST_166", "should_make_line": true }, "geometry": { "type": "Point", "coordinates": [ 533240.913958726567216, 7261932.881618480198085, 673.717066125126166 ] } },
{ "type": "Feature", "properties": { "Name": "SOS1_W_CREST_167", "Code": null, "Northing": 305314.25543000002, "Easting": -33311.24133, "Elevation": 673.38747, "source_file": "20260317sos points.shp", "group": "SOS1", "direction": "W", "type": "CREST", "sequence": 167, "full_name": "SOS1_W_CREST_167", "should_make_line": true }, "geometry": { "type": "Point", "coordinates": [ 533237.056252303998917, 7261931.919427988119423, 673.38746949424592 ] } },
{ "type": "Feature", "properties": { "Name": "SOS1_W_CREST_168", "Code": null, "Northing": 305315.18615000002, "Easting": -33307.5227, "Elevation": 673.07696, "source_file": "20260317sos points.shp", "group": "SOS1", "direction": "W", "type": "CREST", "sequence": 168, "full_name": "SOS1_W_CREST_168", "should_make_line": true }, "geometry": { "type": "Point", "coordinates": [ 533233.33912195940502, 7261930.98908419907093, 673.076962517479842 ] } },
{ "type": "Feature", "properties": { "Name": "SOS1_W_CREST_169", "Code": null, "Northing": 305315.83857000002, "Easting": -33305.04069, "Elevation": 672.82275, "source_file": "20260317sos points.shp", "group": "SOS1", "direction": "W", "type": "CREST", "sequence": 169, "full_name": "SOS1_W_CREST_169", "should_make_line": true }, "geometry": { "type": "Point", "coordinates": [ 533230.858109687338583, 7261930.336925061419606, 672.822754051059519 ] } },
{ "type": "Feature", "properties": { "Name": "SOS1_W_CREST_170", "Code": null, "Northing": 305316.42846000002, "Easting": -33302.59732, "Elevation": 672.59859, "source_file": "20260317sos points.shp", "group": "SOS1", "direction": "W", "type": "CREST", "sequence": 170, "full_name": "SOS1_W_CREST_170", "should_make_line": true }, "geometry": { "type": "Point", "coordinates": [ 533228.415730996173806, 7261929.74728221911937, 672.598585579529413 ] } },
{ "type": "Feature", "properties": { "Name": "SOS1_W_CREST_171", "Code": null, "Northing": 305316.99352000002, "Easting": -33300.11776, "Elevation": 672.3832, "source_file": "20260317sos points.shp", "group": "SOS1", "direction": "W", "type": "CREST", "sequence": 171, "full_name": "SOS1_W_CREST_171", "should_make_line": true }, "geometry": { "type": "Point", "coordinates": [ 533225.937171668861993, 7261929.182442645542324, 672.383199811953432 ] } },
{ "type": "Feature", "properties": { "Name": "SOS1_W_CREST_172", "Code": null, "Northing": 305317.85835, "Easting": -33296.74913, "Elevation": 672.03099, "source_file": "20260317sos points.shp", "group": "SOS1", "direction": "W", "type": "CREST", "sequence": 172, "full_name": "SOS1_W_CREST_172", "should_make_line": true }, "geometry": { "type": "Point", "coordinates": [ 533222.569892901461571, 7261928.317960584536195, 672.030990398885024 ] } },
{ "type": "Feature", "properties": { "Name": "SOS1_W_CREST_173", "Code": null, "Northing": 305318.62118999998, "Easting": -33293.43406, "Elevation": 671.69368, "source_file": "20260317sos points.shp", "group": "SOS1", "direction": "W", "type": "CREST", "sequence": 173, "full_name": "SOS1_W_CREST_173", "should_make_line": true }, "geometry": { "type": "Point", "coordinates": [ 533219.256162039586343, 7261927.555435201153159, 671.693683157700434 ] } },
{ "type": "Feature", "properties": { "Name": "SOS1_W_CREST_174", "Code": null, "Northing": 305319.33214999997, "Easting": -33290.35148, "Elevation": 671.42833, "source_file": "20260317sos points.shp", "group": "SOS1", "direction": "W", "type": "CREST", "sequence": 174, "full_name": "SOS1_W_CREST_174", "should_make_line": true }, "geometry": { "type": "Point", "coordinates": [ 533216.174825766473077, 7261926.844762789085507, 671.428330073774077 ] } },
{ "type": "Feature", "properties": { "Name": "SOS1_W_CREST_175", "Code": null, "Northing": 305320.2139, "Easting": -33286.60912, "Elevation": 671.07848, "source_file": "20260317sos points.shp", "group": "SOS1", "direction": "W", "type": "CREST", "sequence": 175, "full_name": "SOS1_W_CREST_175", "should_make_line": true }, "geometry": { "type": "Point", "coordinates": [ 533212.433977222302929, 7261925.963364629074931, 671.078477392756781 ] } },
{ "type": "Feature", "properties": { "Name": "SOS1_W_CREST_176", "Code": null, "Northing": 305321.12267000001, "Easting": -33282.82871, "Elevation": 670.73407, "source_file": "20260317sos points.shp", "group": "SOS1", "direction": "W", "type": "CREST", "sequence": 176, "full_name": "SOS1_W_CREST_176", "should_make_line": true }, "geometry": { "type": "Point", "coordinates": [ 533208.655094868503511, 7261925.054959231987596, 670.734070991949807 ] } },
{ "type": "Feature", "properties": { "Name": "SOS1_W_CREST_177", "Code": null, "Northing": 305321.75342000002, "Easting": -33279.94602, "Elevation": 670.44719, "source_file": "20260317sos points.shp", "group": "SOS1", "direction": "W", "type": "CREST", "sequence": 177, "full_name": "SOS1_W_CREST_177", "should_make_line": true }, "geometry": { "type": "Point", "coordinates": [ 533205.773569119977765, 7261924.424461212009192, 670.447192422327134 ] } },
{ "type": "Feature", "properties": { "Name": "SOS1_W_CREST_178", "Code": null, "Northing": 305322.47496999998, "Easting": -33276.71415, "Elevation": 670.12646, "source_file": "20260317sos points.shp", "group": "SOS1", "direction": "W", "type": "CREST", "sequence": 178, "full_name": "SOS1_W_CREST_178", "should_make_line": true }, "geometry": { "type": "Point", "coordinates": [ 533202.543006141902879, 7261923.70320357568562, 670.126463395429596 ] } },
{ "type": "Feature", "properties": { "Name": "SOS1_W_CREST_179", "Code": null, "Northing": 305323.38818000001, "Easting": -33272.85315, "Elevation": 669.79289, "source_file": "20260317sos points.shp", "group": "SOS1", "direction": "W", "type": "CREST", "sequence": 179, "full_name": "SOS1_W_CREST_179", "should_make_line": true }, "geometry": { "type": "Point", "coordinates": [ 533198.683562052086927, 7261922.790367473848164, 669.792888675380595 ] } },
{ "type": "Feature", "properties": { "Name": "SOS1_E_HOBO_CCP_", "Code": null, "Northing": 304855.28504, "Easting": -34236.42409, "Elevation": 567.06846, "source_file": "20260320_SOS1_CCP points.shp", "group": "SOS1", "direction": "E_HOBO", "type": "CCP", "sequence": 0, "full_name": "SOS1_E_HOBO_CCP_", "should_make_line": false }, "geometry": { "type": "Point", "coordinates": [ 534161.863597387447953, 7262390.703703605569899, 567.068459259887732 ] } },
{ "type": "Feature", "properties": { "Name": "SOS1_E_HOBO_CCP_", "Code": null, "Northing": 304856.3415, "Easting": -34237.38156, "Elevation": 567.08869, "source_file": "20260320_SOS1_CCP points.shp", "group": "SOS1", "direction": "E_HOBO", "type": "CCP", "sequence": 0, "full_name": "SOS1_E_HOBO_CCP_", "should_make_line": false }, "geometry": { "type": "Point", "coordinates": [ 534162.820673468057066, 7262389.647671581245959, 567.088690008791559 ] } },
{ "type": "Feature", "properties": { "Name": "SOS1_E_HOBO_CCP_", "Code": null, "Northing": 304858.46123000002, "Easting": -34232.92938, "Elevation": 566.98902, "source_file": "20260320_SOS1_CCP points.shp", "group": "SOS1", "direction": "E_HOBO", "type": "CCP", "sequence": 0, "full_name": "SOS1_E_HOBO_CCP_", "should_make_line": false }, "geometry": { "type": "Point", "coordinates": [ 534158.370298391906545, 7262387.528800684958696, 566.989022803660419 ] } },
{ "type": "Feature", "properties": { "Name": "SOS1_E_HOBO_CCP_", "Code": null, "Northing": 304853.99991999997, "Easting": -34232.78467, "Elevation": 567.02295, "source_file": "20260320_SOS1_CCP points.shp", "group": "SOS1", "direction": "E_HOBO", "type": "CCP", "sequence": 0, "full_name": "SOS1_E_HOBO_CCP_", "should_make_line": false }, "geometry": { "type": "Point", "coordinates": [ 534158.225647842045873, 7262391.98830543551594, 567.022953739707418 ] } },
{ "type": "Feature", "properties": { "Name": "SOS1_E_HOBO_CCP_", "Code": null, "Northing": 304855.97722, "Easting": -34234.68167, "Elevation": 567.05915, "source_file": "20260320_SOS1_CCP points.shp", "group": "SOS1", "direction": "E_HOBO", "type": "CCP", "sequence": 0, "full_name": "SOS1_E_HOBO_CCP_", "should_make_line": false }, "geometry": { "type": "Point", "coordinates": [ 534160.121877572266385, 7262390.011807141825557, 567.059147043098164 ] } },
{ "type": "Feature", "properties": { "Name": "SOS1_W_HOBO_CCP_", "Code": null, "Northing": 304879.46470999997, "Easting": -33347.10752, "Elevation": 565.20427, "source_file": "20260320_SOS1_CCP points.shp", "group": "SOS1", "direction": "W_HOBO", "type": "CCP", "sequence": 0, "full_name": "SOS1_W_HOBO_CCP_", "should_make_line": false }, "geometry": { "type": "Point", "coordinates": [ 533272.906839081435464, 7262366.533826952800155, 565.204266934160387 ] } },
{ "type": "Feature", "properties": { "Name": "SOS1_W_HOBO_CCP_", "Code": null, "Northing": 304880.41765000002, "Easting": -33348.11118, "Elevation": 565.18146, "source_file": "20260320_SOS1_CCP points.shp", "group": "SOS1", "direction": "W_HOBO", "type": "CCP", "sequence": 0, "full_name": "SOS1_W_HOBO_CCP_", "should_make_line": false }, "geometry": { "type": "Point", "coordinates": [ 533273.910092866281047, 7262365.581279955804348, 565.181463685733775 ] } },
{ "type": "Feature", "properties": { "Name": "SOS1_W_HOBO_CCP_", "Code": null, "Northing": 304880.42284999997, "Easting": -33348.11916, "Elevation": 565.1633, "source_file": "20260320_SOS1_CCP points.shp", "group": "SOS1", "direction": "W_HOBO", "type": "CCP", "sequence": 0, "full_name": "SOS1_W_HOBO_CCP_", "should_make_line": false }, "geometry": { "type": "Point", "coordinates": [ 533273.918073615175672, 7262365.576075909659266, 565.163295570382616 ] } },
{ "type": "Feature", "properties": { "Name": "SOS1_W_HOBO_CCP_", "Code": null, "Northing": 304875.92956000002, "Easting": -33347.87529, "Elevation": 565.20849, "source_file": "20260320_SOS1_CCP points.shp", "group": "SOS1", "direction": "W_HOBO", "type": "CCP", "sequence": 0, "full_name": "SOS1_W_HOBO_CCP_", "should_make_line": false }, "geometry": { "type": "Point", "coordinates": [ 533273.674302116036415, 7262370.067553592845798, 565.208485863770875 ] } },
{ "type": "Feature", "properties": { "Name": "SOS1_W_HOBO_CCP_", "Code": null, "Northing": 304877.06676999998, "Easting": -33344.81955, "Elevation": 565.21973, "source_file": "20260320_SOS1_CCP points.shp", "group": "SOS1", "direction": "W_HOBO", "type": "CCP", "sequence": 0, "full_name": "SOS1_W_HOBO_CCP_", "should_make_line": false }, "geometry": { "type": "Point", "coordinates": [ 533270.619794107973576, 7262368.930797119624913, 565.219727610408427 ] } },
{ "type": "Feature", "properties": { "Name": "SOS1_W_HOBO_CCP_", "Code": null, "Northing": 304878.05355000001, "Easting": -33346.90493, "Elevation": 565.20838, "source_file": "20260320_SOS1_CCP points.shp", "group": "SOS1", "direction": "W_HOBO", "type": "CCP", "sequence": 0, "full_name": "SOS1_W_HOBO_CCP_", "should_make_line": false }, "geometry": { "type": "Point", "coordinates": [ 533272.70433545333799, 7262367.944419549778104, 565.208384277455366 ] } }
]
}
